resourceType,id,category,criticality,recordedDate,reaction,meta.versionId,meta.lastUpdated,text.status,text.div,clinicalStatus.coding,clinicalStatus.text,verificationStatus.coding,verificationStatus.text,code.text,patient.reference,patient.display,recorder.reference,recorder.display,contained,type,onsetDateTime,note,code.coding,encounter.reference,_onsetDateTime.extension,asserter.reference,asserter.display
AllergyIntolerance,15211103,['medication'],unable-to-assess,2026-07-24T16:44:26Z,"[{'id': '15211105', 'manifestation': [{'text': 'Rash'}]}]",15211103,2026-07-24T16:44:26Z,generated,"<div xmlns=""http://www.w3.org/1999/xhtml""><p><b>Allergy Intolerance</b></p><p><b>Patient</b>: SMART II, SANDY</p><p><b>Allergy</b>: Sulfamethoxazole</p><p><b>Verification Status</b>: Unconfirmed</p><p><b>Clinical Status</b>: Active</p><p><b>Criticality</b>: Unable to Assess Risk</p><p><b>Category</b>: Medication</p><p><b>Reactions</b>: Rash</p></div>","[{'system': 'http://terminology.hl7.org/CodeSystem/allergyintolerance-clinical', 'code': 'active', 'display': 'Active'}]",Proposed,"[{'system': 'http://terminology.hl7.org/CodeSystem/allergyintolerance-verification', 'code': 'unconfirmed', 'display': 'Unconfirmed'}]",Proposed,Sulfamethoxazole,Patient/12742399,"SMART II, SANDY",Practitioner/1,"SYSTEM, SYSTEM Cerner",,,,,,,,,
AllergyIntolerance,12807127,['medication'],high,2022-06-28T13:18:42Z,"[{'id': '12807129', 'manifestation': [{'coding': [{'system': 'http://snomed.info/sct', 'code': '271759003', 'display': 'Bullous eruption (disorder)'}], 'text': 'Bullous eruption'}], 'severity': 'severe'}]",12807127,2022-06-28T13:18:42Z,generated,"<div xmlns=""http://www.w3.org/1999/xhtml""><p><b>Allergy Intolerance</b></p><p><b>Patient</b>: SMART II, SANDY</p><p><b>Allergy</b>: Amoxapine</p><p><b>Verification Status</b>: Confirmed</p><p><b>Clinical Status</b>: Active</p><p><b>Criticality</b>: High Risk</p><p><b>Category</b>: Medication</p><p><b>Reactions</b>: Bullous eruption</p><p><b>Onset</b>: Sep 11, 2019  5:00 A.M. UTC</p><p><b>Note</b>: Updated with additional details provided by patient. - 2022-06-28T13:18:42Z</p></div>","[{'system': 'http://terminology.hl7.org/CodeSystem/allergyintolerance-clinical', 'code': 'active', 'display': 'Active'}]",Active,"[{'system': 'http://terminology.hl7.org/CodeSystem/allergyintolerance-verification', 'code': 'confirmed', 'display': 'Confirmed'}]",Active,amoxapine,Patient/12742399,"SMART II, SANDY",Practitioner/1,"SYSTEM, SYSTEM Cerner","[{'resourceType': 'PractitionerRole', 'id': '638995', 'code': [{'coding': [{'system': 'http://snomed.info/sct', 'code': '106292003', 'display': 'Professional nurse (occupation)'}], 'text': 'Professional nurse (occupation)'}]}]",allergy,2019-09-11T05:00:00Z,"[{'id': '12807131', 'authorReference': {'reference': 'Practitioner/12742399'}, 'time': '2022-06-28T13:18:42Z', 'text': 'Updated with additional details provided by patient.'}]","[{'system': 'http://www.nlm.nih.gov/research/umls/rxnorm', 'code': '722', 'display': 'Amoxapine'}]",Encounter/97953523,"[{'valueCodeableConcept': {'coding': [{'system': 'https://fhir.cerner.com/ec2458f2-1e24-41c8-b71b-0e701af7583d/codeSet/25320', 'code': '639010', 'display': 'About', 'userSelected': True}], 'text': 'About'}, 'url': 'https://fhir-ehr.cerner.com/r4/StructureDefinition/precision'}]",#638995,
AllergyIntolerance,12779453,['medication'],unable-to-assess,2021-09-23T16:42:52Z,,12779453,2021-09-23T16:42:52Z,generated,"<div xmlns=""http://www.w3.org/1999/xhtml""><p><b>Allergy Intolerance</b></p><p><b>Patient</b>: SMART II, SANDY</p><p><b>Allergy</b>: Atrophic-hyperplastic gastritis (disorder)</p><p><b>Verification Status</b>: Confirmed</p><p><b>Clinical Status</b>: Active</p><p><b>Criticality</b>: Unable to Assess Risk</p><p><b>Category</b>: Medication</p><p><b>Onset</b>: Sep 23, 2021 12:00 A.M. UTC</p></div>","[{'system': 'http://terminology.hl7.org/CodeSystem/allergyintolerance-clinical', 'code': 'active', 'display': 'Active'}]",Active,"[{'system': 'http://terminology.hl7.org/CodeSystem/allergyintolerance-verification', 'code': 'confirmed', 'display': 'Confirmed'}]",Active,Atrophic-hyperplastic gastritis,Patient/12742399,"SMART II, SANDY",Practitioner/12742069,"Portal, Portal",,,2021-09-23T00:00:00Z,,"[{'system': 'http://snomed.info/sct', 'code': '3308008', 'display': 'Atrophic-hyperplastic gastritis (disorder)'}]",,"[{'valueCodeableConcept': {'coding': [{'system': 'https://fhir.cerner.com/ec2458f2-1e24-41c8-b71b-0e701af7583d/codeSet/25320', 'code': '639010', 'display': 'About', 'userSelected': True}], 'text': 'About'}, 'url': 'https://fhir-ehr.cerner.com/r4/StructureDefinition/precision'}]",,
AllergyIntolerance,12834037,['food'],unable-to-assess,2023-04-12T14:09:01Z,,12853109,2023-08-17T19:09:20Z,generated,"<div xmlns=""http://www.w3.org/1999/xhtml""><p><b>Allergy Intolerance</b></p><p><b>Patient</b>: SMART II, SANDY</p><p><b>Allergy</b>: Allergy to seafood (disorder)</p><p><b>Verification Status</b>: Confirmed</p><p><b>Clinical Status</b>: Resolved</p><p><b>Criticality</b>: Unable to Assess Risk</p><p><b>Category</b>: Food</p><p><b>Onset</b>: Aug 17, 2023 12:00 A.M. UTC</p></div>","[{'system': 'http://terminology.hl7.org/CodeSystem/allergyintolerance-clinical', 'code': 'resolved', 'display': 'Resolved'}]",Resolved,"[{'system': 'http://terminology.hl7.org/CodeSystem/allergyintolerance-verification', 'code': 'confirmed', 'display': 'Confirmed'}]",Resolved,Allergy to seafood,Patient/12742399,"SMART II, SANDY",Practitioner/1,"SYSTEM, SYSTEM Cerner",,allergy,2023-08-17T00:00:00Z,,"[{'system': 'http://snomed.info/sct', 'code': '91937001', 'display': 'Allergy to seafood (disorder)'}]",,"[{'valueCodeableConcept': {'coding': [{'system': 'https://fhir.cerner.com/ec2458f2-1e24-41c8-b71b-0e701af7583d/codeSet/25320', 'code': '639010', 'display': 'About', 'userSelected': True}], 'text': 'About'}, 'url': 'https://fhir-ehr.cerner.com/r4/StructureDefinition/precision'}]",,
AllergyIntolerance,12866837,['medication'],unable-to-assess,2023-12-08T11:59:28Z,,12866837,2023-12-08T11:59:28Z,generated,"<div xmlns=""http://www.w3.org/1999/xhtml""><p><b>Allergy Intolerance</b></p><p><b>Patient</b>: SMART II, SANDY</p><p><b>Allergy</b>: Adenosine allergy (disorder)</p><p><b>Verification Status</b>: Unconfirmed</p><p><b>Clinical Status</b>: Active</p><p><b>Criticality</b>: Unable to Assess Risk</p><p><b>Category</b>: Medication</p><p><b>Onset</b>: Dec  8, 2023 12:00 A.M. UTC</p></div>","[{'system': 'http://terminology.hl7.org/CodeSystem/allergyintolerance-clinical', 'code': 'active', 'display': 'Active'}]",Proposed,"[{'system': 'http://terminology.hl7.org/CodeSystem/allergyintolerance-verification', 'code': 'unconfirmed', 'display': 'Unconfirmed'}]",Proposed,Allergy to adenosine,Patient/12742399,"SMART II, SANDY",Practitioner/12742069,"Portal, Portal",,,2023-12-08T00:00:00Z,,"[{'system': 'http://snomed.info/sct', 'code': '294975003', 'display': 'Adenosine allergy (disorder)'}]",,"[{'valueCodeableConcept': {'coding': [{'system': 'https://fhir.cerner.com/ec2458f2-1e24-41c8-b71b-0e701af7583d/codeSet/25320', 'code': '639010', 'display': 'About', 'userSelected': True}], 'text': 'About'}, 'url': 'https://fhir-ehr.cerner.com/r4/StructureDefinition/precision'}]",,
AllergyIntolerance,12866801,['food'],unable-to-assess,2023-12-08T11:59:11Z,,12866801,2023-12-08T11:59:11Z,generated,"<div xmlns=""http://www.w3.org/1999/xhtml""><p><b>Allergy Intolerance</b></p><p><b>Patient</b>: SMART II, SANDY</p><p><b>Allergy</b>: [X]Toxic effect of aflatoxin and other mycotoxin food contaminants (disorder)</p><p><b>Verification Status</b>: Unconfirmed</p><p><b>Clinical Status</b>: Active</p><p><b>Criticality</b>: Unable to Assess Risk</p><p><b>Category</b>: Food</p><p><b>Onset</b>: Dec  8, 2023 12:00 A.M. UTC</p></div>","[{'system': 'http://terminology.hl7.org/CodeSystem/allergyintolerance-clinical', 'code': 'active', 'display': 'Active'}]",Proposed,"[{'system': 'http://terminology.hl7.org/CodeSystem/allergyintolerance-verification', 'code': 'unconfirmed', 'display': 'Unconfirmed'}]",Proposed,[X]Toxic effect of aflatoxin and other mycotoxin food contaminants,Patient/12742399,"SMART II, SANDY",Practitioner/12742069,"Portal, Portal",,,2023-12-08T00:00:00Z,,"[{'system': 'http://snomed.info/sct', 'code': '213704006', 'display': '[X]Toxic effect of aflatoxin and other mycotoxin food contaminants (disorder)'}]",,"[{'valueCodeableConcept': {'coding': [{'system': 'https://fhir.cerner.com/ec2458f2-1e24-41c8-b71b-0e701af7583d/codeSet/25320', 'code': '639010', 'display': 'About', 'userSelected': True}], 'text': 'About'}, 'url': 'https://fhir-ehr.cerner.com/r4/StructureDefinition/precision'}]",,
AllergyIntolerance,12760019,['medication'],low,2020-03-04T20:15:37Z,"[{'id': '12760021', 'manifestation': [{'coding': [{'system': 'http://snomed.info/sct', 'code': '271807003', 'display': 'Eruption of skin (disorder)'}], 'text': 'Rash'}]}]",15223373,2026-08-24T08:58:04Z,generated,"<div xmlns=""http://www.w3.org/1999/xhtml""><p><b>Allergy Intolerance</b></p><p><b>Patient</b>: SMART II, SANDY</p><p><b>Allergy</b>: Acetaminophen</p><p><b>Verification Status</b>: Unconfirmed</p><p><b>Clinical Status</b>: Active</p><p><b>Criticality</b>: Low Risk</p><p><b>Category</b>: Medication</p><p><b>Reactions</b>: Rash</p><p><b>Onset</b>: Sep 20, 2021  7:00 P.M. CDT</p></div>","[{'system': 'http://terminology.hl7.org/CodeSystem/allergyintolerance-clinical', 'code': 'active', 'display': 'Active'}]",Proposed,"[{'system': 'http://terminology.hl7.org/CodeSystem/allergyintolerance-verification', 'code': 'unconfirmed', 'display': 'Unconfirmed'}]",Proposed,acetaminophen,Patient/12742399,"SMART II, SANDY",Practitioner/12724045,"Graham, Joshua",,allergy,2021-09-21T00:00:00Z,,"[{'system': 'http://www.nlm.nih.gov/research/umls/rxnorm', 'code': '161', 'display': 'Acetaminophen'}]",,,,
AllergyIntolerance,15211111,['medication'],unable-to-assess,2026-07-24T16:50:04Z,"[{'id': '15211113', 'manifestation': [{'text': 'Rash'}]}]",15211111,2026-07-24T16:50:04Z,generated,"<div xmlns=""http://www.w3.org/1999/xhtml""><p><b>Allergy Intolerance</b></p><p><b>Patient</b>: SMART II, SANDY</p><p><b>Allergy</b>: Mango</p><p><b>Verification Status</b>: Unconfirmed</p><p><b>Clinical Status</b>: Active</p><p><b>Criticality</b>: Unable to Assess Risk</p><p><b>Category</b>: Medication</p><p><b>Reactions</b>: Rash</p></div>","[{'system': 'http://terminology.hl7.org/CodeSystem/allergyintolerance-clinical', 'code': 'active', 'display': 'Active'}]",Proposed,"[{'system': 'http://terminology.hl7.org/CodeSystem/allergyintolerance-verification', 'code': 'unconfirmed', 'display': 'Unconfirmed'}]",Proposed,Mango,Patient/12742399,"SMART II, SANDY",Practitioner/1,"SYSTEM, SYSTEM Cerner",,,,,,,,,
AllergyIntolerance,12837687,['food'],low,2023-05-19T13:14:41Z,"[{'id': '12837689', 'manifestation': [{'text': 'Shock'}], 'severity': 'severe'}]",15218531,2026-08-12T18:22:52Z,generated,"<div xmlns=""http://www.w3.org/1999/xhtml""><p><b>Allergy Intolerance</b></p><p><b>Patient</b>: SMART II, SANDY</p><p><b>Allergy</b>: Structure of base of lung (body structure)</p><p><b>Verification Status</b>: Entered in Error</p><p><b>Criticality</b>: Low Risk</p><p><b>Category</b>: Food</p><p><b>Reactions</b>: Shock</p><p><b>Note</b>: Updated with additional details provided by patient2. - 2026-08-12T18:17:38Z - SYSTEM, SYSTEM Cerner - New note for freska - 2023-05-19T13:32:36Z - Portal, Portal - Updated with additional details provided by patient2. - 2026-08-12T18:22:52Z - SYSTEM, SYSTEM Cerner - New note for freska - 2023-05-19T13:22:14Z - Portal, Portal - Updated with additional details provided by patient. - 2026-08-12T17:29:27Z - SYSTEM, SYSTEM Cerner - New note for freska - 2023-05-19T13:14:41Z - Portal, Portal - Updated with additional details provided by patient. - 2026-08-12T18:16:34Z - SYSTEM, SYSTEM Cerner - New note for freska - 2026-08-12T18:05:01Z - SYSTEM, SYSTEM Cerner - Updated with additional details provided by patient. - 2026-08-12T18:05:01Z - SYSTEM, SYSTEM Cerner</p></div>",,,"[{'system': 'http://terminology.hl7.org/CodeSystem/allergyintolerance-verification', 'code': 'entered-in-error', 'display': 'Entered in Error'}]",Canceled,Structure of base of lung,Patient/12742399,"SMART II, SANDY",Practitioner/12742069,"Portal, Portal",,allergy,,"[{'id': '15218527', 'authorReference': {'reference': 'Practitioner/1', 'display': 'SYSTEM, SYSTEM Cerner'}, 'time': '2026-08-12T18:17:38Z', 'text': 'Updated with additional details provided by patient2.'}, {'id': '12837703', 'authorReference': {'reference': 'Practitioner/12742069', 'display': 'Portal, Portal'}, 'time': '2023-05-19T13:32:36Z', 'text': 'New note for freska'}, {'id': '15218533', 'authorReference': {'reference': 'Practitioner/1', 'display': 'SYSTEM, SYSTEM Cerner'}, 'time': '2026-08-12T18:22:52Z', 'text': 'Updated with additional details provided by patient2.'}, {'id': '12837697', 'authorReference': {'reference': 'Practitioner/12742069', 'display': 'Portal, Portal'}, 'time': '2023-05-19T13:22:14Z', 'text': 'New note for freska'}, {'id': '15218507', 'authorReference': {'reference': 'Practitioner/1', 'display': 'SYSTEM, SYSTEM Cerner'}, 'time': '2026-08-12T17:29:27Z', 'text': 'Updated with additional details provided by patient.'}, {'id': '12837691', 'authorReference': {'reference': 'Practitioner/12742069', 'display': 'Portal, Portal'}, 'time': '2023-05-19T13:14:41Z', 'text': 'New note for freska'}, {'id': '15218521', 'authorReference': {'reference': 'Practitioner/1', 'display': 'SYSTEM, SYSTEM Cerner'}, 'time': '2026-08-12T18:16:34Z', 'text': 'Updated with additional details provided by patient.'}, {'id': '15218513', 'authorReference': {'reference': 'Practitioner/1', 'display': 'SYSTEM, SYSTEM Cerner'}, 'time': '2026-08-12T18:05:01Z', 'text': 'New note for freska'}, {'id': '15218515', 'authorReference': {'reference': 'Practitioner/1', 'display': 'SYSTEM, SYSTEM Cerner'}, 'time': '2026-08-12T18:05:01Z', 'text': 'Updated with additional details provided by patient.'}]","[{'system': 'http://snomed.info/sct', 'code': '10024003', 'display': 'Structure of base of lung (body structure)'}]",,,,
AllergyIntolerance,12768591,,,2020-12-21T15:08:30Z,"[{'id': '12768593', 'manifestation': [{'coding': [{'system': 'http://snomed.info/sct', 'code': '271757001', 'display': 'Papular eruption (disorder)'}], 'text': 'Papular eruption'}], 'severity': 'severe'}]",12768591,2020-12-21T15:08:30Z,generated,"<div xmlns=""http://www.w3.org/1999/xhtml""><p><b>Allergy Intolerance</b></p><p><b>Patient</b>: SMART II, SANDY</p><p><b>Allergy</b>: Penicillium brevicompactum (organism)</p><p><b>Verification Status</b>: Confirmed</p><p><b>Clinical Status</b>: Active</p><p><b>Reactions</b>: Papular eruption</p><p><b>Onset</b>: Dec 13, 2020  5:19 P.M. UTC</p></div>","[{'system': 'http://terminology.hl7.org/CodeSystem/allergyintolerance-clinical', 'code': 'active', 'display': 'Active'}]",Active,"[{'system': 'http://terminology.hl7.org/CodeSystem/allergyintolerance-verification', 'code': 'confirmed', 'display': 'Confirmed'}]",Active,Penicillium brevicompactum,Patient/12742399,"SMART II, SANDY",Practitioner/12742069,"Portal, Portal",,,2020-12-13T17:19:41Z,,"[{'system': 'http://snomed.info/sct', 'code': '5711000146109', 'display': 'Penicillium brevicompactum (organism)'}]",,"[{'valueCodeableConcept': {'coding': [{'system': 'https://fhir.cerner.com/ec2458f2-1e24-41c8-b71b-0e701af7583d/codeSet/25320', 'code': '639010', 'display': 'About', 'userSelected': True}], 'text': 'About'}, 'url': 'https://fhir-ehr.cerner.com/r4/StructureDefinition/precision'}]",,
AllergyIntolerance,12781153,['medication'],high,2021-10-19T15:40:08Z,,15211909,2026-07-27T09:55:52Z,generated,"<div xmlns=""http://www.w3.org/1999/xhtml""><p><b>Allergy Intolerance</b></p><p><b>Patient</b>: SMART II, SANDY</p><p><b>Allergy</b>: Piretanide allergy (disorder)</p><p><b>Verification Status</b>: Confirmed</p><p><b>Clinical Status</b>: Active</p><p><b>Criticality</b>: High Risk</p><p><b>Category</b>: Medication</p><p><b>Onset</b>: Oct 19, 2021 12:00 A.M. UTC</p><p><b>Note</b>: Comment  - 2022-05-24T15:25:19Z - Portal, Portal</p></div>","[{'system': 'http://terminology.hl7.org/CodeSystem/allergyintolerance-clinical', 'code': 'active', 'display': 'Active'}]",Active,"[{'system': 'http://terminology.hl7.org/CodeSystem/allergyintolerance-verification', 'code': 'confirmed', 'display': 'Confirmed'}]",Active,Allergy to piretanide,Patient/12742399,"SMART II, SANDY",Practitioner/12742069,"Portal, Portal",,,2021-10-19T00:00:00Z,"[{'id': '12805387', 'authorReference': {'reference': 'Practitioner/12742069', 'display': 'Portal, Portal'}, 'time': '2022-05-24T15:25:19Z', 'text': 'Comment '}]","[{'system': 'http://snomed.info/sct', 'code': '295003001', 'display': 'Piretanide allergy (disorder)'}]",,,,
AllergyIntolerance,15211097,['medication'],unable-to-assess,2026-07-24T16:25:55Z,,15211097,2026-07-24T16:25:55Z,generated,"<div xmlns=""http://www.w3.org/1999/xhtml""><p><b>Allergy Intolerance</b></p><p><b>Patient</b>: SMART II, SANDY</p><p><b>Allergy</b>: Allergy to penicillin</p><p><b>Verification Status</b>: Unconfirmed</p><p><b>Clinical Status</b>: Active</p><p><b>Criticality</b>: Unable to Assess Risk</p><p><b>Category</b>: Medication</p><p><b>Onset</b>: Jan  1, 2024 12:00 A.M. UTC</p></div>","[{'system': 'http://terminology.hl7.org/CodeSystem/allergyintolerance-clinical', 'code': 'active', 'display': 'Active'}]",Proposed,"[{'system': 'http://terminology.hl7.org/CodeSystem/allergyintolerance-verification', 'code': 'unconfirmed', 'display': 'Unconfirmed'}]",Proposed,Allergy to penicillin,Patient/12742399,"SMART II, SANDY",Practitioner/1,"SYSTEM, SYSTEM Cerner",,,2024-01-01T00:00:00Z,,,,,,
AllergyIntolerance,12866873,['medication'],unable-to-assess,2023-12-08T11:59:43Z,,12866873,2023-12-08T11:59:43Z,generated,"<div xmlns=""http://www.w3.org/1999/xhtml""><p><b>Allergy Intolerance</b></p><p><b>Patient</b>: SMART II, SANDY</p><p><b>Allergy</b>: Guar gum allergy (disorder)</p><p><b>Verification Status</b>: Unconfirmed</p><p><b>Clinical Status</b>: Active</p><p><b>Criticality</b>: Unable to Assess Risk</p><p><b>Category</b>: Medication</p><p><b>Onset</b>: Dec  8, 2023 12:00 A.M. UTC</p></div>","[{'system': 'http://terminology.hl7.org/CodeSystem/allergyintolerance-clinical', 'code': 'active', 'display': 'Active'}]",Proposed,"[{'system': 'http://terminology.hl7.org/CodeSystem/allergyintolerance-verification', 'code': 'unconfirmed', 'display': 'Unconfirmed'}]",Proposed,Allergy to guar gum,Patient/12742399,"SMART II, SANDY",Practitioner/12742069,"Portal, Portal",,,2023-12-08T00:00:00Z,,"[{'system': 'http://snomed.info/sct', 'code': '294741005', 'display': 'Guar gum allergy (disorder)'}]",,"[{'valueCodeableConcept': {'coding': [{'system': 'https://fhir.cerner.com/ec2458f2-1e24-41c8-b71b-0e701af7583d/codeSet/25320', 'code': '639010', 'display': 'About', 'userSelected': True}], 'text': 'About'}, 'url': 'https://fhir-ehr.cerner.com/r4/StructureDefinition/precision'}]",,
AllergyIntolerance,15239593,['medication'],high,2026-09-28T06:27:20Z,"[{'id': '15239595', 'manifestation': [{'coding': [{'system': 'http://snomed.info/sct', 'code': '247472004', 'display': 'Weal (disorder)'}], 'text': 'Wheal'}], 'severity': 'moderate'}]",15239593,2026-09-28T06:27:20Z,generated,"<div xmlns=""http://www.w3.org/1999/xhtml""><p><b>Allergy Intolerance</b></p><p><b>Patient</b>: SMART II, SANDY</p><p><b>Allergy</b>: Pediatrician (occupation)</p><p><b>Verification Status</b>: Unconfirmed</p><p><b>Clinical Status</b>: Active</p><p><b>Criticality</b>: High Risk</p><p><b>Category</b>: Medication</p><p><b>Reactions</b>: Wheal</p><p><b>Onset</b>: Jan  1, 2024 12:00 A.M. UTC</p><p><b>Note</b>: Allergy reported by patient. - 2026-09-28T06:27:21Z - SYSTEM, SYSTEM Cerner</p></div>","[{'system': 'http://terminology.hl7.org/CodeSystem/allergyintolerance-clinical', 'code': 'active', 'display': 'Active'}]",Proposed,"[{'system': 'http://terminology.hl7.org/CodeSystem/allergyintolerance-verification', 'code': 'unconfirmed', 'display': 'Unconfirmed'}]",Proposed,lisinopril,Patient/12742399,"SMART II, SANDY",Practitioner/1,"SYSTEM, SYSTEM Cerner",,allergy,2024-01-01T00:00:00Z,"[{'id': '15239597', 'authorReference': {'reference': 'Practitioner/1', 'display': 'SYSTEM, SYSTEM Cerner'}, 'time': '2026-09-28T06:27:21Z', 'text': 'Allergy reported by patient.'}]","[{'system': 'http://snomed.info/sct', 'code': '82296001', 'display': 'Pediatrician (occupation)'}]",,,Patient/12742399,"SMART II, SANDY"
AllergyIntolerance,12834025,['medication'],high,2023-04-12T13:47:09Z,"[{'id': '12834027', 'manifestation': [{'coding': [{'system': 'http://snomed.info/sct', 'code': '271757001', 'display': 'Papular eruption (disorder)'}], 'text': 'Papular eruption'}], 'severity': 'severe'}]",12843977,2023-07-08T02:56:11Z,generated,"<div xmlns=""http://www.w3.org/1999/xhtml""><p><b>Allergy Intolerance</b></p><p><b>Patient</b>: SMART II, SANDY</p><p><b>Allergy</b>: Allergy to fruit (disorder)</p><p><b>Verification Status</b>: Confirmed</p><p><b>Clinical Status</b>: Resolved</p><p><b>Criticality</b>: High Risk</p><p><b>Category</b>: Medication</p><p><b>Reactions</b>: Papular eruption</p><p><b>Onset</b>: Sep 11, 2019 12:00 A.M. UTC</p><p><b>Note</b>: Updated with additional details provided by patient. - 2023-04-12T13:47:09Z - Updated with additional details provided by patient. - 2023-07-08T02:56:11Z - Portal, Portal</p></div>","[{'system': 'http://terminology.hl7.org/CodeSystem/allergyintolerance-clinical', 'code': 'resolved', 'display': 'Resolved'}]",Resolved,"[{'system': 'http://terminology.hl7.org/CodeSystem/allergyintolerance-verification', 'code': 'confirmed', 'display': 'Confirmed'}]",Resolved,Allergy to fruit,Patient/12742399,"SMART II, SANDY",Practitioner/1,"SYSTEM, SYSTEM Cerner",,allergy,2019-09-11T00:00:00Z,"[{'id': '12834029', 'authorReference': {'reference': 'Practitioner/12742399'}, 'time': '2023-04-12T13:47:09Z', 'text': 'Updated with additional details provided by patient.'}, {'id': '12843979', 'authorReference': {'reference': 'Practitioner/12742069', 'display': 'Portal, Portal'}, 'time': '2023-07-08T02:56:11Z', 'text': 'Updated with additional details provided by patient.'}]","[{'system': 'http://snomed.info/sct', 'code': '91932007', 'display': 'Allergy to fruit (disorder)'}]",,"[{'valueCodeableConcept': {'coding': [{'system': 'https://fhir.cerner.com/ec2458f2-1e24-41c8-b71b-0e701af7583d/codeSet/25320', 'code': '639010', 'display': 'About', 'userSelected': True}], 'text': 'About'}, 'url': 'https://fhir-ehr.cerner.com/r4/StructureDefinition/precision'}]",,
AllergyIntolerance,12883451,['environment'],low,2024-06-03T15:09:21Z,"[{'id': '12883453', 'manifestation': [{'coding': [{'system': 'http://snomed.info/sct', 'code': '247472004', 'display': 'Weal (disorder)'}], 'text': 'Hives'}]}, {'id': '15218547', 'manifestation': [{'coding': [{'system': 'http://snomed.info/sct', 'code': '247472004', 'display': 'Weal (disorder)'}], 'text': 'Wheal'}]}]",15224329,2026-08-26T14:49:29Z,generated,"<div xmlns=""http://www.w3.org/1999/xhtml""><p><b>Allergy Intolerance</b></p><p><b>Patient</b>: SMART II, SANDY</p><p><b>Allergy</b>: Saccharin (substance)</p><p><b>Verification Status</b>: Confirmed</p><p><b>Clinical Status</b>: Active</p><p><b>Criticality</b>: Low Risk</p><p><b>Category</b>: Environment</p><p><b>Reactions</b>: Hives, Wheal</p></div>","[{'system': 'http://terminology.hl7.org/CodeSystem/allergyintolerance-clinical', 'code': 'active', 'display': 'Active'}]",Active,"[{'system': 'http://terminology.hl7.org/CodeSystem/allergyintolerance-verification', 'code': 'confirmed', 'display': 'Confirmed'}]",Active,Saccharin,Patient/12742399,"SMART II, SANDY",Practitioner/12730044,"PWTSystem, Physician - Emergency Medicine",,allergy,,,"[{'system': 'http://snomed.info/sct', 'code': '27138006', 'display': 'Saccharin (substance)'}]",Encounter/98065901,,,
AllergyIntolerance,12900469,,,2024-09-04T16:00:53Z,,12900469,2024-09-04T16:00:53Z,generated,"<div xmlns=""http://www.w3.org/1999/xhtml""><p><b>Allergy Intolerance</b></p><p><b>Patient</b>: SMART II, SANDY</p><p><b>Allergy</b>: acetic acid topical</p><p><b>Verification Status</b>: Confirmed</p><p><b>Clinical Status</b>: Active</p></div>","[{'system': 'http://terminology.hl7.org/CodeSystem/allergyintolerance-clinical', 'code': 'active', 'display': 'Active'}]",Active,"[{'system': 'http://terminology.hl7.org/CodeSystem/allergyintolerance-verification', 'code': 'confirmed', 'display': 'Confirmed'}]",Active,acetic acid topical,Patient/12742399,"SMART II, SANDY",Practitioner/1,"SYSTEM, SYSTEM Cerner",,,,,,,,,
AllergyIntolerance,12765093,['medication'],low,2017-02-28T21:03:00Z,"[{'id': '12765095', 'manifestation': [{'text': 'Hives'}]}]",14930695,2025-06-13T11:56:41Z,generated,"<div xmlns=""http://www.w3.org/1999/xhtml""><p><b>Allergy Intolerance</b></p><p><b>Patient</b>: SMART II, SANDY</p><p><b>Allergy</b>: Diphenhydramine</p><p><b>Verification Status</b>: Confirmed</p><p><b>Clinical Status</b>: Active</p><p><b>Criticality</b>: Low Risk</p><p><b>Category</b>: Medication</p><p><b>Reactions</b>: Hives</p><p><b>Onset</b>: Dec 14, 2015  6:00 P.M. CST</p><p><b>Note</b>: Note 1 - 2017-02-28T09:03:00Z - Cerner Test, Women&#39;s Health - Nurse Cerner</p></div>","[{'system': 'http://terminology.hl7.org/CodeSystem/allergyintolerance-clinical', 'code': 'active', 'display': 'Active'}]",Active,"[{'system': 'http://terminology.hl7.org/CodeSystem/allergyintolerance-verification', 'code': 'confirmed', 'display': 'Confirmed'}]",Active,diphenhydrAMINE,Patient/12742399,"SMART II, SANDY",Practitioner/12742069,"Portal, Portal",,allergy,2015-12-15T00:00:00Z,"[{'id': '12765097', 'authorReference': {'reference': 'Practitioner/683925', 'display': ""Cerner Test, Women's Health - Nurse Cerner""}, 'time': '2017-02-28T09:03:00Z', 'text': 'Note 1'}]","[{'system': 'http://www.nlm.nih.gov/research/umls/rxnorm', 'code': '3498', 'display': 'Diphenhydramine'}]",Encounter/97998276,"[{'valueCodeableConcept': {'coding': [{'system': 'https://fhir.cerner.com/ec2458f2-1e24-41c8-b71b-0e701af7583d/codeSet/25320', 'code': '639011', 'display': 'After', 'userSelected': True}], 'text': 'After'}, 'url': 'https://fhir-ehr.cerner.com/r4/StructureDefinition/precision'}]",Patient/12742399,"SMART II, SANDY"
AllergyIntolerance,12760007,['food'],high,2020-03-04T20:13:51Z,"[{'id': '12760009', 'manifestation': [{'coding': [{'system': 'http://snomed.info/sct', 'code': '247472004', 'display': 'Weal (disorder)'}], 'text': 'Hives'}]}]",12778709,2021-09-17T12:51:20Z,generated,"<div xmlns=""http://www.w3.org/1999/xhtml""><p><b>Allergy Intolerance</b></p><p><b>Patient</b>: SMART II, SANDY</p><p><b>Allergy</b>: Cow&#39;s milk (substance)</p><p><b>Verification Status</b>: Confirmed</p><p><b>Clinical Status</b>: Resolved</p><p><b>Criticality</b>: High Risk</p><p><b>Category</b>: Food</p><p><b>Reactions</b>: Hives</p></div>","[{'system': 'http://terminology.hl7.org/CodeSystem/allergyintolerance-clinical', 'code': 'resolved', 'display': 'Resolved'}]",Resolved,"[{'system': 'http://terminology.hl7.org/CodeSystem/allergyintolerance-verification', 'code': 'confirmed', 'display': 'Confirmed'}]",Resolved,Cow's Milk,Patient/12742399,"SMART II, SANDY",Practitioner/12724045,"Graham, Joshua",,allergy,,,"[{'system': 'http://snomed.info/sct', 'code': '3718001', 'display': ""Cow's milk (substance)""}]",,,,
AllergyIntolerance,12778937,['medication'],high,2021-09-21T15:00:23Z,,15223361,2026-08-24T08:49:55Z,generated,"<div xmlns=""http://www.w3.org/1999/xhtml""><p><b>Allergy Intolerance</b></p><p><b>Patient</b>: SMART II, SANDY</p><p><b>Allergy</b>: 4-quinolones allergy (disorder)</p><p><b>Verification Status</b>: Unconfirmed</p><p><b>Clinical Status</b>: Active</p><p><b>Criticality</b>: High Risk</p><p><b>Category</b>: Medication</p><p><b>Onset</b>: Sep 21, 2021 12:00 A.M. UTC</p></div>","[{'system': 'http://terminology.hl7.org/CodeSystem/allergyintolerance-clinical', 'code': 'active', 'display': 'Active'}]",Proposed,"[{'system': 'http://terminology.hl7.org/CodeSystem/allergyintolerance-verification', 'code': 'unconfirmed', 'display': 'Unconfirmed'}]",Proposed,Allergy to 4-quinolones,Patient/12742399,"SMART II, SANDY",Practitioner/12742069,"Portal, Portal",,,2021-09-21T00:00:00Z,,"[{'system': 'http://snomed.info/sct', 'code': '294483001', 'display': '4-quinolones allergy (disorder)'}]",,,,
AllergyIntolerance,12866817,['medication'],unable-to-assess,2023-12-08T11:59:20Z,,12866817,2023-12-08T11:59:20Z,generated,"<div xmlns=""http://www.w3.org/1999/xhtml""><p><b>Allergy Intolerance</b></p><p><b>Patient</b>: SMART II, SANDY</p><p><b>Allergy</b>: HMG COA reductase inhibitor allergy (disorder)</p><p><b>Verification Status</b>: Unconfirmed</p><p><b>Clinical Status</b>: Active</p><p><b>Criticality</b>: Unable to Assess Risk</p><p><b>Category</b>: Medication</p><p><b>Onset</b>: Dec  8, 2023 12:00 A.M. UTC</p></div>","[{'system': 'http://terminology.hl7.org/CodeSystem/allergyintolerance-clinical', 'code': 'active', 'display': 'Active'}]",Proposed,"[{'system': 'http://terminology.hl7.org/CodeSystem/allergyintolerance-verification', 'code': 'unconfirmed', 'display': 'Unconfirmed'}]",Proposed,Allergy to 3-hydroxy-3-methylglutaryl-coenzyme A reductase inhibitor,Patient/12742399,"SMART II, SANDY",Practitioner/12742069,"Portal, Portal",,,2023-12-08T00:00:00Z,,"[{'system': 'http://snomed.info/sct', 'code': '294970008', 'display': 'HMG COA reductase inhibitor allergy (disorder)'}]",,"[{'valueCodeableConcept': {'coding': [{'system': 'https://fhir.cerner.com/ec2458f2-1e24-41c8-b71b-0e701af7583d/codeSet/25320', 'code': '639010', 'display': 'About', 'userSelected': True}], 'text': 'About'}, 'url': 'https://fhir-ehr.cerner.com/r4/StructureDefinition/precision'}]",,
AllergyIntolerance,12781149,['medication'],unable-to-assess,2021-10-19T15:40:01Z,,15218459,2026-08-12T15:11:09Z,generated,"<div xmlns=""http://www.w3.org/1999/xhtml""><p><b>Allergy Intolerance</b></p><p><b>Patient</b>: SMART II, SANDY</p><p><b>Allergy</b>: Ethacrynic acid allergy (disorder)</p><p><b>Verification Status</b>: Unconfirmed</p><p><b>Clinical Status</b>: Active</p><p><b>Criticality</b>: Unable to Assess Risk</p><p><b>Category</b>: Medication</p><p><b>Onset</b>: Oct 19, 2021 12:00 A.M. UTC</p></div>","[{'system': 'http://terminology.hl7.org/CodeSystem/allergyintolerance-clinical', 'code': 'active', 'display': 'Active'}]",Proposed,"[{'system': 'http://terminology.hl7.org/CodeSystem/allergyintolerance-verification', 'code': 'unconfirmed', 'display': 'Unconfirmed'}]",Proposed,Allergy to ethacrynic acid,Patient/12742399,"SMART II, SANDY",Practitioner/12742069,"Portal, Portal",,allergy,2021-10-19T00:00:00Z,,"[{'system': 'http://snomed.info/sct', 'code': '295002006', 'display': 'Ethacrynic acid allergy (disorder)'}]",,,,
AllergyIntolerance,12866829,['medication'],unable-to-assess,2023-12-08T11:59:26Z,,12866829,2023-12-08T11:59:26Z,generated,"<div xmlns=""http://www.w3.org/1999/xhtml""><p><b>Allergy Intolerance</b></p><p><b>Patient</b>: SMART II, SANDY</p><p><b>Allergy</b>: Acetazolamide allergy (disorder)</p><p><b>Verification Status</b>: Unconfirmed</p><p><b>Clinical Status</b>: Active</p><p><b>Criticality</b>: Unable to Assess Risk</p><p><b>Category</b>: Medication</p><p><b>Onset</b>: Dec  8, 2023 12:00 A.M. UTC</p></div>","[{'system': 'http://terminology.hl7.org/CodeSystem/allergyintolerance-clinical', 'code': 'active', 'display': 'Active'}]",Proposed,"[{'system': 'http://terminology.hl7.org/CodeSystem/allergyintolerance-verification', 'code': 'unconfirmed', 'display': 'Unconfirmed'}]",Proposed,Allergy to acetazolamide,Patient/12742399,"SMART II, SANDY",Practitioner/12742069,"Portal, Portal",,,2023-12-08T00:00:00Z,,"[{'system': 'http://snomed.info/sct', 'code': '295030006', 'display': 'Acetazolamide allergy (disorder)'}]",,"[{'valueCodeableConcept': {'coding': [{'system': 'https://fhir.cerner.com/ec2458f2-1e24-41c8-b71b-0e701af7583d/codeSet/25320', 'code': '639010', 'display': 'About', 'userSelected': True}], 'text': 'About'}, 'url': 'https://fhir-ehr.cerner.com/r4/StructureDefinition/precision'}]",,
AllergyIntolerance,15211917,['medication'],high,2026-07-27T10:46:23Z,"[{'id': '15211921', 'manifestation': [{'text': 'Hives'}]}]",15211919,2026-07-27T10:51:52Z,generated,"<div xmlns=""http://www.w3.org/1999/xhtml""><p><b>Allergy Intolerance</b></p><p><b>Patient</b>: SMART II, SANDY</p><p><b>Allergy</b>: Ibuprofen</p><p><b>Verification Status</b>: Unconfirmed</p><p><b>Clinical Status</b>: Active</p><p><b>Criticality</b>: High Risk</p><p><b>Category</b>: Medication</p><p><b>Reactions</b>: Hives</p></div>","[{'system': 'http://terminology.hl7.org/CodeSystem/allergyintolerance-clinical', 'code': 'active', 'display': 'Active'}]",Proposed,"[{'system': 'http://terminology.hl7.org/CodeSystem/allergyintolerance-verification', 'code': 'unconfirmed', 'display': 'Unconfirmed'}]",Proposed,Ibuprofen,Patient/12742399,"SMART II, SANDY",Practitioner/1,"SYSTEM, SYSTEM Cerner",,,,,,,,,
AllergyIntolerance,12866905,['medication'],unable-to-assess,2023-12-08T12:00:00Z,,12866905,2023-12-08T12:00:00Z,generated,"<div xmlns=""http://www.w3.org/1999/xhtml""><p><b>Allergy Intolerance</b></p><p><b>Patient</b>: SMART II, SANDY</p><p><b>Allergy</b>: Triamterene allergy (disorder)</p><p><b>Verification Status</b>: Unconfirmed</p><p><b>Clinical Status</b>: Active</p><p><b>Criticality</b>: Unable to Assess Risk</p><p><b>Category</b>: Medication</p><p><b>Onset</b>: Dec  8, 2023 12:00 A.M. UTC</p></div>","[{'system': 'http://terminology.hl7.org/CodeSystem/allergyintolerance-clinical', 'code': 'active', 'display': 'Active'}]",Proposed,"[{'system': 'http://terminology.hl7.org/CodeSystem/allergyintolerance-verification', 'code': 'unconfirmed', 'display': 'Unconfirmed'}]",Proposed,Allergy to triamterene,Patient/12742399,"SMART II, SANDY",Practitioner/12742069,"Portal, Portal",,,2023-12-08T00:00:00Z,,"[{'system': 'http://snomed.info/sct', 'code': '295006009', 'display': 'Triamterene allergy (disorder)'}]",,"[{'valueCodeableConcept': {'coding': [{'system': 'https://fhir.cerner.com/ec2458f2-1e24-41c8-b71b-0e701af7583d/codeSet/25320', 'code': '639010', 'display': 'About', 'userSelected': True}], 'text': 'About'}, 'url': 'https://fhir-ehr.cerner.com/r4/StructureDefinition/precision'}]",,
AllergyIntolerance,12866805,['medication'],unable-to-assess,2023-12-08T11:59:16Z,,12866805,2023-12-08T11:59:16Z,generated,"<div xmlns=""http://www.w3.org/1999/xhtml""><p><b>Allergy Intolerance</b></p><p><b>Patient</b>: SMART II, SANDY</p><p><b>Allergy</b>: Acridine azo disinfectant dye allergy (disorder)</p><p><b>Verification Status</b>: Unconfirmed</p><p><b>Clinical Status</b>: Active</p><p><b>Criticality</b>: Unable to Assess Risk</p><p><b>Category</b>: Medication</p><p><b>Onset</b>: Dec  8, 2023 12:00 A.M. UTC</p></div>","[{'system': 'http://terminology.hl7.org/CodeSystem/allergyintolerance-clinical', 'code': 'active', 'display': 'Active'}]",Proposed,"[{'system': 'http://terminology.hl7.org/CodeSystem/allergyintolerance-verification', 'code': 'unconfirmed', 'display': 'Unconfirmed'}]",Proposed,Acridine azo disinfectant dye allergy,Patient/12742399,"SMART II, SANDY",Practitioner/12742069,"Portal, Portal",,,2023-12-08T00:00:00Z,,"[{'system': 'http://snomed.info/sct', 'code': '294445002', 'display': 'Acridine azo disinfectant dye allergy (disorder)'}]",,"[{'valueCodeableConcept': {'coding': [{'system': 'https://fhir.cerner.com/ec2458f2-1e24-41c8-b71b-0e701af7583d/codeSet/25320', 'code': '639010', 'display': 'About', 'userSelected': True}], 'text': 'About'}, 'url': 'https://fhir-ehr.cerner.com/r4/StructureDefinition/precision'}]",,
AllergyIntolerance,12768435,['medication'],high,2020-12-11T05:51:06Z,"[{'id': '12770583', 'manifestation': [{'coding': [{'system': 'http://snomed.info/sct', 'code': '247472004', 'display': 'Weal (disorder)'}], 'text': 'Weal'}]}, {'id': '12770765', 'manifestation': [{'coding': [{'system': 'http://snomed.info/sct', 'code': '271807003', 'display': 'Eruption of skin (disorder)'}], 'text': 'Eruption'}], 'severity': 'severe'}, {'id': '12770589', 'manifestation': [{'coding': [{'system': 'http://snomed.info/sct', 'code': '386813002', 'display': 'Abnormal breathing (finding)'}], 'text': 'Abnormal breathing'}]}, {'id': '12768437', 'manifestation': [{'coding': [{'system': 'http://snomed.info/sct', 'code': '271757001', 'display': 'Papular eruption (disorder)'}], 'text': 'Papular eruption'}], 'severity': 'severe'}, {'id': '12770849', 'manifestation': [{'coding': [{'system': 'http://snomed.info/sct', 'code': '112625008', 'display': 'Cutaneous eruption (morphologic abnormality)'}], 'text': 'Cutaneous eruption'}]}, {'id': '12770577', 'manifestation': [{'coding': [{'system': 'http://snomed.info/sct', 'code': '21522001', 'display': 'Abdominal pain (finding)'}], 'text': 'Abdominal pain'}]}, {'id': '12770757', 'manifestation': [{'coding': [{'system': 'http://snomed.info/sct', 'code': '414322003', 'display': 'Genus Blastobacter (organism)'}], 'text': 'Blastobacter'}], 'severity': 'severe'}, {'id': '12770773', 'manifestation': [{'coding': [{'system': 'http://snomed.info/sct', 'code': '39579001', 'display': 'Anaphylaxis (disorder)'}], 'text': 'Anaphylaxis'}], 'severity': 'severe'}]",12778679,2021-09-17T09:51:24Z,generated,"<div xmlns=""http://www.w3.org/1999/xhtml""><p><b>Allergy Intolerance</b></p><p><b>Patient</b>: SMART II, SANDY</p><p><b>Allergy</b>: Plant phenol oil (substance)</p><p><b>Verification Status</b>: Unconfirmed</p><p><b>Clinical Status</b>: Active</p><p><b>Criticality</b>: High Risk</p><p><b>Category</b>: Medication</p><p><b>Reactions</b>: Weal, Eruption, Abnormal breathing, Papular eruption, Cutaneous eruption, Abdominal pain, Blastobacter, Anaphylaxis</p><p><b>Note</b>: Updated with additional details provided by patient. Test 3 - 2021-04-15T15:14:34Z - SYSTEM, SYSTEM Cerner - Updated with additional details provided by patient. - 2021-04-21T21:03:29Z - SYSTEM, SYSTEM Cerner - Updated with additional details provided by patient. Test New Note Creation - 2021-04-15T15:26:22Z - SYSTEM, SYSTEM Cerner - Only NOTE. Without Reaction - 2021-04-15T15:28:29Z - SYSTEM, SYSTEM Cerner - Updated with additional details provided by patient. - 2021-03-30T15:37:08Z - SYSTEM, SYSTEM Cerner - Updated with additional details provided by patient. Test New Note Creation - 2021-04-15T15:20:38Z - SYSTEM, SYSTEM Cerner - Updated with additional details provided by patient. Test 2 - 2021-03-30T15:38:50Z - SYSTEM, SYSTEM Cerner - Updated with additional details provided by patient. - 2021-09-17T09:51:24Z - Portal, Portal</p></div>","[{'system': 'http://terminology.hl7.org/CodeSystem/allergyintolerance-clinical', 'code': 'active', 'display': 'Active'}]",Proposed,"[{'system': 'http://terminology.hl7.org/CodeSystem/allergyintolerance-verification', 'code': 'unconfirmed', 'display': 'Unconfirmed'}]",Proposed,Plant phenol oil,Patient/12742399,"SMART II, SANDY",Practitioner/1,"SYSTEM, SYSTEM Cerner",,allergy,,"[{'id': '12770759', 'authorReference': {'reference': 'Practitioner/1', 'display': 'SYSTEM, SYSTEM Cerner'}, 'time': '2021-04-15T15:14:34Z', 'text': 'Updated with additional details provided by patient. Test 3'}, {'id': '12770851', 'authorReference': {'reference': 'Practitioner/1', 'display': 'SYSTEM, SYSTEM Cerner'}, 'time': '2021-04-21T21:03:29Z', 'text': 'Updated with additional details provided by patient.'}, {'id': '12770775', 'authorReference': {'reference': 'Practitioner/1', 'display': 'SYSTEM, SYSTEM Cerner'}, 'time': '2021-04-15T15:26:22Z', 'text': 'Updated with additional details provided by patient. Test New Note Creation'}, {'id': '12770781', 'authorReference': {'reference': 'Practitioner/1', 'display': 'SYSTEM, SYSTEM Cerner'}, 'time': '2021-04-15T15:28:29Z', 'text': 'Only NOTE. Without Reaction'}, {'id': '12770591', 'authorReference': {'reference': 'Practitioner/1', 'display': 'SYSTEM, SYSTEM Cerner'}, 'time': '2021-03-30T15:37:08Z', 'text': 'Updated with additional details provided by patient.'}, {'id': '12770767', 'authorReference': {'reference': 'Practitioner/1', 'display': 'SYSTEM, SYSTEM Cerner'}, 'time': '2021-04-15T15:20:38Z', 'text': 'Updated with additional details provided by patient. Test New Note Creation'}, {'id': '12770597', 'authorReference': {'reference': 'Practitioner/1', 'display': 'SYSTEM, SYSTEM Cerner'}, 'time': '2021-03-30T15:38:50Z', 'text': 'Updated with additional details provided by patient. Test 2'}, {'id': '12778681', 'authorReference': {'reference': 'Practitioner/12742069', 'display': 'Portal, Portal'}, 'time': '2021-09-17T09:51:24Z', 'text': 'Updated with additional details provided by patient.'}]","[{'system': 'http://snomed.info/sct', 'code': '9220005', 'display': 'Plant phenol oil (substance)'}]",,,,
AllergyIntolerance,12866821,['medication'],unable-to-assess,2023-12-08T11:59:22Z,,12866821,2023-12-08T11:59:22Z,generated,"<div xmlns=""http://www.w3.org/1999/xhtml""><p><b>Allergy Intolerance</b></p><p><b>Patient</b>: SMART II, SANDY</p><p><b>Allergy</b>: 5-HT3-receptor antagonist allergy (disorder)</p><p><b>Verification Status</b>: Unconfirmed</p><p><b>Clinical Status</b>: Active</p><p><b>Criticality</b>: Unable to Assess Risk</p><p><b>Category</b>: Medication</p><p><b>Onset</b>: Dec  8, 2023 12:00 A.M. UTC</p></div>","[{'system': 'http://terminology.hl7.org/CodeSystem/allergyintolerance-clinical', 'code': 'active', 'display': 'Active'}]",Proposed,"[{'system': 'http://terminology.hl7.org/CodeSystem/allergyintolerance-verification', 'code': 'unconfirmed', 'display': 'Unconfirmed'}]",Proposed,Allergy to 5-hydroxytryptamine-3-receptor antagonist,Patient/12742399,"SMART II, SANDY",Practitioner/12742069,"Portal, Portal",,,2023-12-08T00:00:00Z,,"[{'system': 'http://snomed.info/sct', 'code': '293676007', 'display': '5-HT3-receptor antagonist allergy (disorder)'}]",,"[{'valueCodeableConcept': {'coding': [{'system': 'https://fhir.cerner.com/ec2458f2-1e24-41c8-b71b-0e701af7583d/codeSet/25320', 'code': '639010', 'display': 'About', 'userSelected': True}], 'text': 'About'}, 'url': 'https://fhir-ehr.cerner.com/r4/StructureDefinition/precision'}]",,
AllergyIntolerance,12866841,['medication'],unable-to-assess,2023-12-08T11:59:29Z,,12866841,2023-12-08T11:59:29Z,generated,"<div xmlns=""http://www.w3.org/1999/xhtml""><p><b>Allergy Intolerance</b></p><p><b>Patient</b>: SMART II, SANDY</p><p><b>Allergy</b>: Alclometasone allergy (disorder)</p><p><b>Verification Status</b>: Unconfirmed</p><p><b>Clinical Status</b>: Active</p><p><b>Criticality</b>: Unable to Assess Risk</p><p><b>Category</b>: Medication</p><p><b>Onset</b>: Dec  8, 2023 12:00 A.M. UTC</p></div>","[{'system': 'http://terminology.hl7.org/CodeSystem/allergyintolerance-clinical', 'code': 'active', 'display': 'Active'}]",Proposed,"[{'system': 'http://terminology.hl7.org/CodeSystem/allergyintolerance-verification', 'code': 'unconfirmed', 'display': 'Unconfirmed'}]",Proposed,Allergy to alclometasone,Patient/12742399,"SMART II, SANDY",Practitioner/12742069,"Portal, Portal",,,2023-12-08T00:00:00Z,,"[{'system': 'http://snomed.info/sct', 'code': '294691003', 'display': 'Alclometasone allergy (disorder)'}]",,"[{'valueCodeableConcept': {'coding': [{'system': 'https://fhir.cerner.com/ec2458f2-1e24-41c8-b71b-0e701af7583d/codeSet/25320', 'code': '639010', 'display': 'About', 'userSelected': True}], 'text': 'About'}, 'url': 'https://fhir-ehr.cerner.com/r4/StructureDefinition/precision'}]",,
AllergyIntolerance,12866779,['food'],unable-to-assess,2023-12-08T11:06:13Z,,12910545,2024-09-30T18:06:49Z,generated,"<div xmlns=""http://www.w3.org/1999/xhtml""><p><b>Allergy Intolerance</b></p><p><b>Patient</b>: SMART II, SANDY</p><p><b>Allergy</b>: (Non-infective lymphatic disease NOS) or (lymphangitis NOS) (disorder)</p><p><b>Verification Status</b>: Entered in Error</p><p><b>Criticality</b>: Unable to Assess Risk</p><p><b>Category</b>: Food</p><p><b>Onset</b>: Dec  8, 2023 12:00 A.M. UTC</p></div>",,,"[{'system': 'http://terminology.hl7.org/CodeSystem/allergyintolerance-verification', 'code': 'entered-in-error', 'display': 'Entered in Error'}]",Canceled,(Non-infective lymphatic disease NOS) or (lymphangitis NOS),Patient/12742399,"SMART II, SANDY",Practitioner/12742069,"Portal, Portal",,,2023-12-08T00:00:00Z,,"[{'system': 'http://snomed.info/sct', 'code': '155486009', 'display': '(Non-infective lymphatic disease NOS) or (lymphangitis NOS) (disorder)'}]",,"[{'valueCodeableConcept': {'coding': [{'system': 'https://fhir.cerner.com/ec2458f2-1e24-41c8-b71b-0e701af7583d/codeSet/25320', 'code': '639010', 'display': 'About', 'userSelected': True}], 'text': 'About'}, 'url': 'https://fhir-ehr.cerner.com/r4/StructureDefinition/precision'}]",,
AllergyIntolerance,12866885,['medication'],high,2023-12-08T11:59:47Z,,15211913,2026-07-27T10:06:21Z,generated,"<div xmlns=""http://www.w3.org/1999/xhtml""><p><b>Allergy Intolerance</b></p><p><b>Patient</b>: SMART II, SANDY</p><p><b>Allergy</b>: Mazindol allergy (disorder)</p><p><b>Verification Status</b>: Unconfirmed</p><p><b>Clinical Status</b>: Active</p><p><b>Criticality</b>: High Risk</p><p><b>Category</b>: Medication</p><p><b>Onset</b>: Dec  8, 2023 12:00 A.M. UTC</p></div>","[{'system': 'http://terminology.hl7.org/CodeSystem/allergyintolerance-clinical', 'code': 'active', 'display': 'Active'}]",Proposed,"[{'system': 'http://terminology.hl7.org/CodeSystem/allergyintolerance-verification', 'code': 'unconfirmed', 'display': 'Unconfirmed'}]",Proposed,Allergy to mazindol,Patient/12742399,"SMART II, SANDY",Practitioner/12742069,"Portal, Portal",,,2023-12-08T00:00:00Z,,"[{'system': 'http://snomed.info/sct', 'code': '293802005', 'display': 'Mazindol allergy (disorder)'}]",,,,
AllergyIntolerance,12910559,,,2024-09-30T20:27:02Z,,12910559,2024-09-30T20:27:02Z,generated,"<div xmlns=""http://www.w3.org/1999/xhtml""><p><b>Allergy Intolerance</b></p><p><b>Patient</b>: SMART II, SANDY</p><p><b>Allergy</b>: Codeine</p><p><b>Verification Status</b>: Confirmed</p><p><b>Clinical Status</b>: Active</p></div>","[{'system': 'http://terminology.hl7.org/CodeSystem/allergyintolerance-clinical', 'code': 'active', 'display': 'Active'}]",Active,"[{'system': 'http://terminology.hl7.org/CodeSystem/allergyintolerance-verification', 'code': 'confirmed', 'display': 'Confirmed'}]",Active,codeine,Patient/12742399,"SMART II, SANDY",Practitioner/1,"SYSTEM, SYSTEM Cerner",,,,,"[{'system': 'http://www.nlm.nih.gov/research/umls/rxnorm', 'code': '2670', 'display': 'Codeine'}]",,,,
AllergyIntolerance,12866853,['medication'],unable-to-assess,2023-12-08T11:59:33Z,,12866853,2023-12-08T11:59:33Z,generated,"<div xmlns=""http://www.w3.org/1999/xhtml""><p><b>Allergy Intolerance</b></p><p><b>Patient</b>: SMART II, SANDY</p><p><b>Allergy</b>: Allergy to animal hair (disorder)</p><p><b>Verification Status</b>: Unconfirmed</p><p><b>Clinical Status</b>: Active</p><p><b>Criticality</b>: Unable to Assess Risk</p><p><b>Category</b>: Medication</p><p><b>Onset</b>: Dec  8, 2023 12:00 A.M. UTC</p></div>","[{'system': 'http://terminology.hl7.org/CodeSystem/allergyintolerance-clinical', 'code': 'active', 'display': 'Active'}]",Proposed,"[{'system': 'http://terminology.hl7.org/CodeSystem/allergyintolerance-verification', 'code': 'unconfirmed', 'display': 'Unconfirmed'}]",Proposed,Allergy to animal hair,Patient/12742399,"SMART II, SANDY",Practitioner/12742069,"Portal, Portal",,,2023-12-08T00:00:00Z,,"[{'system': 'http://snomed.info/sct', 'code': '300911008', 'display': 'Allergy to animal hair (disorder)'}]",,"[{'valueCodeableConcept': {'coding': [{'system': 'https://fhir.cerner.com/ec2458f2-1e24-41c8-b71b-0e701af7583d/codeSet/25320', 'code': '639010', 'display': 'About', 'userSelected': True}], 'text': 'About'}, 'url': 'https://fhir-ehr.cerner.com/r4/StructureDefinition/precision'}]",,
AllergyIntolerance,12866909,['medication'],unable-to-assess,2023-12-08T12:00:02Z,,12866909,2023-12-08T12:00:02Z,generated,"<div xmlns=""http://www.w3.org/1999/xhtml""><p><b>Allergy Intolerance</b></p><p><b>Patient</b>: SMART II, SANDY</p><p><b>Allergy</b>: Unknown (qualifier value)</p><p><b>Verification Status</b>: Unconfirmed</p><p><b>Clinical Status</b>: Active</p><p><b>Criticality</b>: Unable to Assess Risk</p><p><b>Category</b>: Medication</p><p><b>Onset</b>: Dec  8, 2023 12:00 A.M. UTC</p></div>","[{'system': 'http://terminology.hl7.org/CodeSystem/allergyintolerance-clinical', 'code': 'active', 'display': 'Active'}]",Proposed,"[{'system': 'http://terminology.hl7.org/CodeSystem/allergyintolerance-verification', 'code': 'unconfirmed', 'display': 'Unconfirmed'}]",Proposed,Unknown,Patient/12742399,"SMART II, SANDY",Practitioner/12742069,"Portal, Portal",,,2023-12-08T00:00:00Z,,"[{'system': 'http://snomed.info/sct', 'code': '261665006', 'display': 'Unknown (qualifier value)'}]",,"[{'valueCodeableConcept': {'coding': [{'system': 'https://fhir.cerner.com/ec2458f2-1e24-41c8-b71b-0e701af7583d/codeSet/25320', 'code': '639010', 'display': 'About', 'userSelected': True}], 'text': 'About'}, 'url': 'https://fhir-ehr.cerner.com/r4/StructureDefinition/precision'}]",,
AllergyIntolerance,12834031,,,2023-04-12T13:49:37Z,,12900459,2024-09-04T16:00:54Z,generated,"<div xmlns=""http://www.w3.org/1999/xhtml""><p><b>Allergy Intolerance</b></p><p><b>Patient</b>: SMART II, SANDY</p><p><b>Allergy</b>: Allergy to nuts (disorder)</p><p><b>Verification Status</b>: Entered in Error</p></div>",,,"[{'system': 'http://terminology.hl7.org/CodeSystem/allergyintolerance-verification', 'code': 'entered-in-error', 'display': 'Entered in Error'}]",Canceled,Allergy to nut,Patient/12742399,"SMART II, SANDY",Practitioner/1,"SYSTEM, SYSTEM Cerner",,allergy,,,"[{'system': 'http://snomed.info/sct', 'code': '91934008', 'display': 'Allergy to nuts (disorder)'}]",,,,
AllergyIntolerance,12775057,,,2021-08-05T18:41:28Z,,12775057,2021-08-05T18:41:28Z,generated,"<div xmlns=""http://www.w3.org/1999/xhtml""><p><b>Allergy Intolerance</b></p><p><b>Patient</b>: SMART II, SANDY</p><p><b>Allergy</b>: Peach</p><p><b>Verification Status</b>: Confirmed</p><p><b>Clinical Status</b>: Active</p></div>","[{'system': 'http://terminology.hl7.org/CodeSystem/allergyintolerance-clinical', 'code': 'active', 'display': 'Active'}]",Active,"[{'system': 'http://terminology.hl7.org/CodeSystem/allergyintolerance-verification', 'code': 'confirmed', 'display': 'Confirmed'}]",Active,Peach,Patient/12742399,"SMART II, SANDY",Practitioner/1,"SYSTEM, SYSTEM Cerner",,,,,"[{'system': 'http://snomed.info/sct', 'code': '735049002', 'display': 'Peach'}]",,,,
AllergyIntolerance,12874439,['food'],high,2024-02-26T09:34:39Z,"[{'id': '12874441', 'manifestation': [{'coding': [{'system': 'http://snomed.info/sct', 'code': '49727002', 'display': 'Cough (finding)'}], 'text': 'Cough'}]}]",12874439,2024-02-26T09:34:39Z,generated,"<div xmlns=""http://www.w3.org/1999/xhtml""><p><b>Allergy Intolerance</b></p><p><b>Patient</b>: SMART II, SANDY</p><p><b>Allergy</b>: Chocolate (substance)</p><p><b>Verification Status</b>: Unconfirmed</p><p><b>Clinical Status</b>: Active</p><p><b>Criticality</b>: High Risk</p><p><b>Category</b>: Food</p><p><b>Reactions</b>: Cough</p><p><b>Onset</b>: Feb 24, 2024 12:00 A.M. UTC</p></div>","[{'system': 'http://terminology.hl7.org/CodeSystem/allergyintolerance-clinical', 'code': 'active', 'display': 'Active'}]",Proposed,"[{'system': 'http://terminology.hl7.org/CodeSystem/allergyintolerance-verification', 'code': 'unconfirmed', 'display': 'Unconfirmed'}]",Proposed,Chocolate,Patient/12742399,"SMART II, SANDY",Practitioner/1,"SYSTEM, SYSTEM Cerner",,allergy,2024-02-24T00:00:00Z,,"[{'system': 'http://snomed.info/sct', 'code': '102262009', 'display': 'Chocolate (substance)'}]",,"[{'valueCodeableConcept': {'coding': [{'system': 'https://fhir.cerner.com/ec2458f2-1e24-41c8-b71b-0e701af7583d/codeSet/25320', 'code': '639010', 'display': 'About', 'userSelected': True}], 'text': 'About'}, 'url': 'https://fhir-ehr.cerner.com/r4/StructureDefinition/precision'}]",,
AllergyIntolerance,12866857,['medication'],unable-to-assess,2023-12-08T11:59:34Z,,12866857,2023-12-08T11:59:34Z,generated,"<div xmlns=""http://www.w3.org/1999/xhtml""><p><b>Allergy Intolerance</b></p><p><b>Patient</b>: SMART II, SANDY</p><p><b>Allergy</b>: Anistreplase allergy (disorder)</p><p><b>Verification Status</b>: Unconfirmed</p><p><b>Clinical Status</b>: Active</p><p><b>Criticality</b>: Unable to Assess Risk</p><p><b>Category</b>: Medication</p><p><b>Onset</b>: Dec  8, 2023 12:00 A.M. UTC</p></div>","[{'system': 'http://terminology.hl7.org/CodeSystem/allergyintolerance-clinical', 'code': 'active', 'display': 'Active'}]",Proposed,"[{'system': 'http://terminology.hl7.org/CodeSystem/allergyintolerance-verification', 'code': 'unconfirmed', 'display': 'Unconfirmed'}]",Proposed,Allergy to anistreplase,Patient/12742399,"SMART II, SANDY",Practitioner/12742069,"Portal, Portal",,,2023-12-08T00:00:00Z,,"[{'system': 'http://snomed.info/sct', 'code': '295111009', 'display': 'Anistreplase allergy (disorder)'}]",,"[{'valueCodeableConcept': {'coding': [{'system': 'https://fhir.cerner.com/ec2458f2-1e24-41c8-b71b-0e701af7583d/codeSet/25320', 'code': '639010', 'display': 'About', 'userSelected': True}], 'text': 'About'}, 'url': 'https://fhir-ehr.cerner.com/r4/StructureDefinition/precision'}]",,
AllergyIntolerance,12900453,,,2024-09-04T16:00:53Z,,12900453,2024-09-04T16:00:53Z,generated,"<div xmlns=""http://www.w3.org/1999/xhtml""><p><b>Allergy Intolerance</b></p><p><b>Patient</b>: SMART II, SANDY</p><p><b>Allergy</b>: Benadryl Allergy</p><p><b>Verification Status</b>: Confirmed</p><p><b>Clinical Status</b>: Active</p></div>","[{'system': 'http://terminology.hl7.org/CodeSystem/allergyintolerance-clinical', 'code': 'active', 'display': 'Active'}]",Active,"[{'system': 'http://terminology.hl7.org/CodeSystem/allergyintolerance-verification', 'code': 'confirmed', 'display': 'Confirmed'}]",Active,Benadryl Allergy,Patient/12742399,"SMART II, SANDY",Practitioner/1,"SYSTEM, SYSTEM Cerner",,,,,,,,,
AllergyIntolerance,12775813,['medication'],unable-to-assess,2021-09-01T15:28:18Z,,12778705,2021-09-17T12:48:36Z,generated,"<div xmlns=""http://www.w3.org/1999/xhtml""><p><b>Allergy Intolerance</b></p><p><b>Patient</b>: SMART II, SANDY</p><p><b>Allergy</b>: Acarbose allergy (disorder)</p><p><b>Verification Status</b>: Confirmed</p><p><b>Clinical Status</b>: Resolved</p><p><b>Criticality</b>: Unable to Assess Risk</p><p><b>Category</b>: Medication</p></div>","[{'system': 'http://terminology.hl7.org/CodeSystem/allergyintolerance-clinical', 'code': 'resolved', 'display': 'Resolved'}]",Resolved,"[{'system': 'http://terminology.hl7.org/CodeSystem/allergyintolerance-verification', 'code': 'confirmed', 'display': 'Confirmed'}]",Resolved,Allergy to acarbose,Patient/12742399,"SMART II, SANDY",Practitioner/12742069,"Portal, Portal",,,,,"[{'system': 'http://snomed.info/sct', 'code': '294742003', 'display': 'Acarbose allergy (disorder)'}]",,,,
AllergyIntolerance,12866889,['medication'],unable-to-assess,2023-12-08T11:59:48Z,,12866889,2023-12-08T11:59:48Z,generated,"<div xmlns=""http://www.w3.org/1999/xhtml""><p><b>Allergy Intolerance</b></p><p><b>Patient</b>: SMART II, SANDY</p><p><b>Allergy</b>: Measles/mumps/rubella vaccine allergy (disorder)</p><p><b>Verification Status</b>: Unconfirmed</p><p><b>Clinical Status</b>: Active</p><p><b>Criticality</b>: Unable to Assess Risk</p><p><b>Category</b>: Medication</p><p><b>Onset</b>: Dec  8, 2023 12:00 A.M. UTC</p></div>","[{'system': 'http://terminology.hl7.org/CodeSystem/allergyintolerance-clinical', 'code': 'active', 'display': 'Active'}]",Proposed,"[{'system': 'http://terminology.hl7.org/CodeSystem/allergyintolerance-verification', 'code': 'unconfirmed', 'display': 'Unconfirmed'}]",Proposed,Allergy to measles and mumps and rubella vaccine,Patient/12742399,"SMART II, SANDY",Practitioner/12742069,"Portal, Portal",,,2023-12-08T00:00:00Z,,"[{'system': 'http://snomed.info/sct', 'code': '294662001', 'display': 'Measles/mumps/rubella vaccine allergy (disorder)'}]",,"[{'valueCodeableConcept': {'coding': [{'system': 'https://fhir.cerner.com/ec2458f2-1e24-41c8-b71b-0e701af7583d/codeSet/25320', 'code': '639010', 'display': 'About', 'userSelected': True}], 'text': 'About'}, 'url': 'https://fhir-ehr.cerner.com/r4/StructureDefinition/precision'}]",,
AllergyIntolerance,15211107,['medication'],unable-to-assess,2026-07-24T16:48:34Z,"[{'id': '15211109', 'manifestation': [{'text': 'Rash'}]}]",15211107,2026-07-24T16:48:34Z,generated,"<div xmlns=""http://www.w3.org/1999/xhtml""><p><b>Allergy Intolerance</b></p><p><b>Patient</b>: SMART II, SANDY</p><p><b>Allergy</b>: Cashew</p><p><b>Verification Status</b>: Unconfirmed</p><p><b>Clinical Status</b>: Active</p><p><b>Criticality</b>: Unable to Assess Risk</p><p><b>Category</b>: Medication</p><p><b>Reactions</b>: Rash</p></div>","[{'system': 'http://terminology.hl7.org/CodeSystem/allergyintolerance-clinical', 'code': 'active', 'display': 'Active'}]",Proposed,"[{'system': 'http://terminology.hl7.org/CodeSystem/allergyintolerance-verification', 'code': 'unconfirmed', 'display': 'Unconfirmed'}]",Proposed,Cashew,Patient/12742399,"SMART II, SANDY",Practitioner/1,"SYSTEM, SYSTEM Cerner",,,,,,,,,
AllergyIntolerance,12866797,['environment'],unable-to-assess,2023-12-08T11:59:08Z,,12900457,2024-09-04T16:00:54Z,generated,"<div xmlns=""http://www.w3.org/1999/xhtml""><p><b>Allergy Intolerance</b></p><p><b>Patient</b>: SMART II, SANDY</p><p><b>Allergy</b>: [X]Iodine-deficiency-related (endemic) goiter, unspecified (disorder)</p><p><b>Verification Status</b>: Entered in Error</p><p><b>Criticality</b>: Unable to Assess Risk</p><p><b>Category</b>: Environment</p><p><b>Onset</b>: Dec  8, 2023 12:00 A.M. UTC</p></div>",,,"[{'system': 'http://terminology.hl7.org/CodeSystem/allergyintolerance-verification', 'code': 'entered-in-error', 'display': 'Entered in Error'}]",Canceled,"[X]Iodine-deficiency-related (endemic) goiter, unspecified",Patient/12742399,"SMART II, SANDY",Practitioner/12742069,"Portal, Portal",,,2023-12-08T00:00:00Z,,"[{'system': 'http://snomed.info/sct', 'code': '191043000', 'display': '[X]Iodine-deficiency-related (endemic) goiter, unspecified (disorder)'}]",,"[{'valueCodeableConcept': {'coding': [{'system': 'https://fhir.cerner.com/ec2458f2-1e24-41c8-b71b-0e701af7583d/codeSet/25320', 'code': '639010', 'display': 'About', 'userSelected': True}], 'text': 'About'}, 'url': 'https://fhir-ehr.cerner.com/r4/StructureDefinition/precision'}]",,
AllergyIntolerance,12866869,,unable-to-assess,2023-12-08T11:59:39Z,,12866869,2023-12-08T11:59:39Z,generated,"<div xmlns=""http://www.w3.org/1999/xhtml""><p><b>Allergy Intolerance</b></p><p><b>Patient</b>: SMART II, SANDY</p><p><b>Allergy</b>: Collodion allergy (disorder)</p><p><b>Verification Status</b>: Unconfirmed</p><p><b>Clinical Status</b>: Active</p><p><b>Criticality</b>: Unable to Assess Risk</p><p><b>Onset</b>: Dec  8, 2023 12:00 A.M. UTC</p></div>","[{'system': 'http://terminology.hl7.org/CodeSystem/allergyintolerance-clinical', 'code': 'active', 'display': 'Active'}]",Proposed,"[{'system': 'http://terminology.hl7.org/CodeSystem/allergyintolerance-verification', 'code': 'unconfirmed', 'display': 'Unconfirmed'}]",Proposed,Allergy to collodion,Patient/12742399,"SMART II, SANDY",Practitioner/12742069,"Portal, Portal",,,2023-12-08T00:00:00Z,,"[{'system': 'http://snomed.info/sct', 'code': '294191004', 'display': 'Collodion allergy (disorder)'}]",,"[{'valueCodeableConcept': {'coding': [{'system': 'https://fhir.cerner.com/ec2458f2-1e24-41c8-b71b-0e701af7583d/codeSet/25320', 'code': '639010', 'display': 'About', 'userSelected': True}], 'text': 'About'}, 'url': 'https://fhir-ehr.cerner.com/r4/StructureDefinition/precision'}]",,
AllergyIntolerance,12867917,['food'],high,2023-12-19T11:30:49Z,"[{'id': '12867919', 'manifestation': [{'coding': [{'system': 'http://snomed.info/sct', 'code': '418363000', 'display': 'Itching of skin (finding)'}], 'text': 'Itching of skin'}]}]",12867917,2023-12-19T11:30:49Z,generated,"<div xmlns=""http://www.w3.org/1999/xhtml""><p><b>Allergy Intolerance</b></p><p><b>Patient</b>: SMART II, SANDY</p><p><b>Allergy</b>: Mustard (substance)</p><p><b>Verification Status</b>: Confirmed</p><p><b>Clinical Status</b>: Active</p><p><b>Criticality</b>: High Risk</p><p><b>Category</b>: Food</p><p><b>Reactions</b>: Itching of skin</p></div>","[{'system': 'http://terminology.hl7.org/CodeSystem/allergyintolerance-clinical', 'code': 'active', 'display': 'Active'}]",Active,"[{'system': 'http://terminology.hl7.org/CodeSystem/allergyintolerance-verification', 'code': 'confirmed', 'display': 'Confirmed'}]",Active,Mustard,Patient/12742399,"SMART II, SANDY",Practitioner/1,"SYSTEM, SYSTEM Cerner",,allergy,,,"[{'system': 'http://snomed.info/sct', 'code': '51905005', 'display': 'Mustard (substance)'}]",,,,
AllergyIntolerance,12866825,['medication'],unable-to-assess,2023-12-08T11:59:23Z,,12866825,2023-12-08T11:59:23Z,generated,"<div xmlns=""http://www.w3.org/1999/xhtml""><p><b>Allergy Intolerance</b></p><p><b>Patient</b>: SMART II, SANDY</p><p><b>Allergy</b>: A series prostaglandin allergy (disorder)</p><p><b>Verification Status</b>: Unconfirmed</p><p><b>Clinical Status</b>: Active</p><p><b>Criticality</b>: Unable to Assess Risk</p><p><b>Category</b>: Medication</p><p><b>Onset</b>: Dec  8, 2023 12:00 A.M. UTC</p></div>","[{'system': 'http://terminology.hl7.org/CodeSystem/allergyintolerance-clinical', 'code': 'active', 'display': 'Active'}]",Proposed,"[{'system': 'http://terminology.hl7.org/CodeSystem/allergyintolerance-verification', 'code': 'unconfirmed', 'display': 'Unconfirmed'}]",Proposed,Allergy to A series prostaglandin,Patient/12742399,"SMART II, SANDY",Practitioner/12742069,"Portal, Portal",,,2023-12-08T00:00:00Z,,"[{'system': 'http://snomed.info/sct', 'code': '294250006', 'display': 'A series prostaglandin allergy (disorder)'}]",,"[{'valueCodeableConcept': {'coding': [{'system': 'https://fhir.cerner.com/ec2458f2-1e24-41c8-b71b-0e701af7583d/codeSet/25320', 'code': '639010', 'display': 'About', 'userSelected': True}], 'text': 'About'}, 'url': 'https://fhir-ehr.cerner.com/r4/StructureDefinition/precision'}]",,
AllergyIntolerance,12829767,['environment'],high,2023-03-17T11:19:38Z,"[{'id': '12829769', 'manifestation': [{'coding': [{'system': 'http://snomed.info/sct', 'code': '267101005', 'display': 'Nasal discharge present (context-dependent category)'}], 'text': 'Nasal discharge present'}], 'severity': 'mild'}]",15223327,2026-08-24T08:14:18Z,generated,"<div xmlns=""http://www.w3.org/1999/xhtml""><p><b>Allergy Intolerance</b></p><p><b>Patient</b>: SMART II, SANDY</p><p><b>Allergy</b>: Animal dander (substance)</p><p><b>Verification Status</b>: Entered in Error</p><p><b>Criticality</b>: High Risk</p><p><b>Category</b>: Environment</p><p><b>Reactions</b>: Nasal discharge present</p><p><b>Onset</b>: 2023</p><p><b>Note</b>: Started with recent move to a different house - 2023-03-17T11:19:38Z - Cerner Test, Physician - Hospitalist Cerner</p></div>",,,"[{'system': 'http://terminology.hl7.org/CodeSystem/allergyintolerance-verification', 'code': 'entered-in-error', 'display': 'Entered in Error'}]",Canceled,Animal dander,Patient/12742399,"SMART II, SANDY",Practitioner/1,"SYSTEM, SYSTEM Cerner",,allergy,2023,"[{'id': '12829771', 'authorReference': {'reference': 'Practitioner/4122622', 'display': 'Cerner Test, Physician - Hospitalist Cerner'}, 'time': '2023-03-17T11:19:38Z', 'text': 'Started with recent move to a different house'}]","[{'system': 'http://snomed.info/sct', 'code': '264287008', 'display': 'Animal dander (substance)'}]",Encounter/97953523,,,
AllergyIntolerance,12866783,,unable-to-assess,2023-12-08T11:22:13Z,,12866783,2023-12-08T11:22:13Z,generated,"<div xmlns=""http://www.w3.org/1999/xhtml""><p><b>Allergy Intolerance</b></p><p><b>Patient</b>: SMART II, SANDY</p><p><b>Allergy</b>: Xilingol horse breed (organism)</p><p><b>Verification Status</b>: Unconfirmed</p><p><b>Clinical Status</b>: Active</p><p><b>Criticality</b>: Unable to Assess Risk</p><p><b>Onset</b>: Dec  8, 2023 12:00 A.M. UTC</p><p><b>Note</b>: 12 - 2023-12-08T11:22:13Z - Portal, Portal</p></div>","[{'system': 'http://terminology.hl7.org/CodeSystem/allergyintolerance-clinical', 'code': 'active', 'display': 'Active'}]",Proposed,"[{'system': 'http://terminology.hl7.org/CodeSystem/allergyintolerance-verification', 'code': 'unconfirmed', 'display': 'Unconfirmed'}]",Proposed,Xilingol horse,Patient/12742399,"SMART II, SANDY",Practitioner/12742069,"Portal, Portal",,,2023-12-08T00:00:00Z,"[{'id': '12866785', 'authorReference': {'reference': 'Practitioner/12742069', 'display': 'Portal, Portal'}, 'time': '2023-12-08T11:22:13Z', 'text': '12'}]","[{'system': 'http://snomed.info/sct', 'code': '131966000', 'display': 'Xilingol horse breed (organism)'}]",,"[{'valueCodeableConcept': {'coding': [{'system': 'https://fhir.cerner.com/ec2458f2-1e24-41c8-b71b-0e701af7583d/codeSet/25320', 'code': '639010', 'display': 'About', 'userSelected': True}], 'text': 'About'}, 'url': 'https://fhir-ehr.cerner.com/r4/StructureDefinition/precision'}]",,
AllergyIntolerance,12866901,['medication'],unable-to-assess,2023-12-08T11:59:54Z,,12866901,2023-12-08T11:59:54Z,generated,"<div xmlns=""http://www.w3.org/1999/xhtml""><p><b>Allergy Intolerance</b></p><p><b>Patient</b>: SMART II, SANDY</p><p><b>Allergy</b>: Nicorandil allergy (disorder)</p><p><b>Verification Status</b>: Unconfirmed</p><p><b>Clinical Status</b>: Active</p><p><b>Criticality</b>: Unable to Assess Risk</p><p><b>Category</b>: Medication</p><p><b>Onset</b>: Dec  8, 2023 12:00 A.M. UTC</p></div>","[{'system': 'http://terminology.hl7.org/CodeSystem/allergyintolerance-clinical', 'code': 'active', 'display': 'Active'}]",Proposed,"[{'system': 'http://terminology.hl7.org/CodeSystem/allergyintolerance-verification', 'code': 'unconfirmed', 'display': 'Unconfirmed'}]",Proposed,Allergy to nicorandil,Patient/12742399,"SMART II, SANDY",Practitioner/12742069,"Portal, Portal",,,2023-12-08T00:00:00Z,,"[{'system': 'http://snomed.info/sct', 'code': '295076005', 'display': 'Nicorandil allergy (disorder)'}]",,"[{'valueCodeableConcept': {'coding': [{'system': 'https://fhir.cerner.com/ec2458f2-1e24-41c8-b71b-0e701af7583d/codeSet/25320', 'code': '639010', 'display': 'About', 'userSelected': True}], 'text': 'About'}, 'url': 'https://fhir-ehr.cerner.com/r4/StructureDefinition/precision'}]",,
AllergyIntolerance,12866861,['medication'],unable-to-assess,2023-12-08T11:59:36Z,,12866861,2023-12-08T11:59:36Z,generated,"<div xmlns=""http://www.w3.org/1999/xhtml""><p><b>Allergy Intolerance</b></p><p><b>Patient</b>: SMART II, SANDY</p><p><b>Allergy</b>: Clobazam allergy (disorder)</p><p><b>Verification Status</b>: Unconfirmed</p><p><b>Clinical Status</b>: Active</p><p><b>Criticality</b>: Unable to Assess Risk</p><p><b>Category</b>: Medication</p><p><b>Onset</b>: Dec  8, 2023 12:00 A.M. UTC</p></div>","[{'system': 'http://terminology.hl7.org/CodeSystem/allergyintolerance-clinical', 'code': 'active', 'display': 'Active'}]",Proposed,"[{'system': 'http://terminology.hl7.org/CodeSystem/allergyintolerance-verification', 'code': 'unconfirmed', 'display': 'Unconfirmed'}]",Proposed,Allergy to clobazam,Patient/12742399,"SMART II, SANDY",Practitioner/12742069,"Portal, Portal",,,2023-12-08T00:00:00Z,,"[{'system': 'http://snomed.info/sct', 'code': '293895002', 'display': 'Clobazam allergy (disorder)'}]",,"[{'valueCodeableConcept': {'coding': [{'system': 'https://fhir.cerner.com/ec2458f2-1e24-41c8-b71b-0e701af7583d/codeSet/25320', 'code': '639010', 'display': 'About', 'userSelected': True}], 'text': 'About'}, 'url': 'https://fhir-ehr.cerner.com/r4/StructureDefinition/precision'}]",,
AllergyIntolerance,12869255,['medication'],high,2024-01-10T16:48:24Z,,12869255,2024-01-10T16:48:24Z,generated,"<div xmlns=""http://www.w3.org/1999/xhtml""><p><b>Allergy Intolerance</b></p><p><b>Patient</b>: SMART II, SANDY</p><p><b>Allergy</b>: Penicillin G</p><p><b>Verification Status</b>: Confirmed</p><p><b>Clinical Status</b>: Active</p><p><b>Criticality</b>: High Risk</p><p><b>Category</b>: Medication</p><p><b>Onset</b>: Sep 11, 2019  5:00 A.M. UTC</p></div>","[{'system': 'http://terminology.hl7.org/CodeSystem/allergyintolerance-clinical', 'code': 'active', 'display': 'Active'}]",Active,"[{'system': 'http://terminology.hl7.org/CodeSystem/allergyintolerance-verification', 'code': 'confirmed', 'display': 'Confirmed'}]",Active,penicillin G benzathine,Patient/12742399,"SMART II, SANDY",Practitioner/1,"SYSTEM, SYSTEM Cerner",,allergy,2019-09-11T05:00:00Z,,"[{'system': 'http://www.nlm.nih.gov/research/umls/rxnorm', 'code': '7980', 'display': 'Penicillin G'}]",Encounter/97953523,"[{'valueCodeableConcept': {'coding': [{'system': 'https://fhir.cerner.com/ec2458f2-1e24-41c8-b71b-0e701af7583d/codeSet/25320', 'code': '639010', 'display': 'About', 'userSelected': True}], 'text': 'About'}, 'url': 'https://fhir-ehr.cerner.com/r4/StructureDefinition/precision'}]",,
AllergyIntolerance,15211099,['medication'],high,2026-07-24T16:27:52Z,"[{'id': '15211101', 'manifestation': [{'text': 'Hives'}]}]",15211099,2026-07-24T16:27:52Z,generated,"<div xmlns=""http://www.w3.org/1999/xhtml""><p><b>Allergy Intolerance</b></p><p><b>Patient</b>: SMART II, SANDY</p><p><b>Allergy</b>: Penicillin</p><p><b>Verification Status</b>: Unconfirmed</p><p><b>Clinical Status</b>: Active</p><p><b>Criticality</b>: High Risk</p><p><b>Category</b>: Medication</p><p><b>Reactions</b>: Hives</p></div>","[{'system': 'http://terminology.hl7.org/CodeSystem/allergyintolerance-clinical', 'code': 'active', 'display': 'Active'}]",Proposed,"[{'system': 'http://terminology.hl7.org/CodeSystem/allergyintolerance-verification', 'code': 'unconfirmed', 'display': 'Unconfirmed'}]",Proposed,Penicillin,Patient/12742399,"SMART II, SANDY",Practitioner/1,"SYSTEM, SYSTEM Cerner",,,,,,,,,
AllergyIntolerance,12834581,,,2023-04-19T09:50:25Z,"[{'id': '12834583', 'manifestation': [{'coding': [{'system': 'http://snomed.info/sct', 'code': '271757001', 'display': 'Papular eruption (disorder)'}], 'text': 'Papular eruption'}], 'severity': 'severe'}]",12834581,2023-04-19T09:50:25Z,generated,"<div xmlns=""http://www.w3.org/1999/xhtml""><p><b>Allergy Intolerance</b></p><p><b>Patient</b>: SMART II, SANDY</p><p><b>Allergy</b>: Asthma (disorder)</p><p><b>Verification Status</b>: Confirmed</p><p><b>Clinical Status</b>: Active</p><p><b>Reactions</b>: Papular eruption</p></div>","[{'system': 'http://terminology.hl7.org/CodeSystem/allergyintolerance-clinical', 'code': 'active', 'display': 'Active'}]",Active,"[{'system': 'http://terminology.hl7.org/CodeSystem/allergyintolerance-verification', 'code': 'confirmed', 'display': 'Confirmed'}]",Active,Asthma,Patient/12742399,"SMART II, SANDY",Practitioner/1,"SYSTEM, SYSTEM Cerner",,allergy,,,"[{'system': 'http://snomed.info/sct', 'code': '195967001', 'display': 'Asthma (disorder)'}]",,,,
AllergyIntolerance,12869249,['medication'],high,2024-01-10T16:33:27Z,"[{'id': '12869251', 'manifestation': [{'coding': [{'system': 'http://snomed.info/sct', 'code': '271757001', 'display': 'Papular eruption (disorder)'}], 'text': 'Papular eruption'}], 'severity': 'severe'}]",12869249,2024-01-10T16:33:27Z,generated,"<div xmlns=""http://www.w3.org/1999/xhtml""><p><b>Allergy Intolerance</b></p><p><b>Patient</b>: SMART II, SANDY</p><p><b>Allergy</b>: Acetaminophen / Tramadol</p><p><b>Verification Status</b>: Confirmed</p><p><b>Clinical Status</b>: Active</p><p><b>Criticality</b>: High Risk</p><p><b>Category</b>: Medication</p><p><b>Reactions</b>: Papular eruption</p><p><b>Onset</b>: Sep 11, 2019  5:00 A.M. UTC</p><p><b>Note</b>: Updated with additional details provided by patient. - 2024-01-10T16:33:27Z</p></div>","[{'system': 'http://terminology.hl7.org/CodeSystem/allergyintolerance-clinical', 'code': 'active', 'display': 'Active'}]",Active,"[{'system': 'http://terminology.hl7.org/CodeSystem/allergyintolerance-verification', 'code': 'confirmed', 'display': 'Confirmed'}]",Active,acetaminophen-tramadol,Patient/12742399,"SMART II, SANDY",Practitioner/1,"SYSTEM, SYSTEM Cerner","[{'resourceType': 'PractitionerRole', 'id': '638995', 'code': [{'coding': [{'system': 'http://snomed.info/sct', 'code': '106292003', 'display': 'Professional nurse (occupation)'}], 'text': 'Professional nurse (occupation)'}]}]",allergy,2019-09-11T05:00:00Z,"[{'id': '12869253', 'authorReference': {'reference': 'Practitioner/12742399'}, 'time': '2024-01-10T16:33:27Z', 'text': 'Updated with additional details provided by patient.'}]","[{'system': 'http://www.nlm.nih.gov/research/umls/rxnorm', 'code': '352362', 'display': 'Acetaminophen / Tramadol'}]",Encounter/97953523,"[{'valueCodeableConcept': {'coding': [{'system': 'https://fhir.cerner.com/ec2458f2-1e24-41c8-b71b-0e701af7583d/codeSet/25320', 'code': '639010', 'display': 'About', 'userSelected': True}], 'text': 'About'}, 'url': 'https://fhir-ehr.cerner.com/r4/StructureDefinition/precision'}]",#638995,
AllergyIntolerance,12760025,['food'],high,2020-03-04T20:16:02Z,"[{'id': '12771077', 'manifestation': [{'coding': [{'system': 'http://snomed.info/sct', 'code': '414322003', 'display': 'Genus Blastobacter (organism)'}], 'text': 'Blastobacter'}], 'severity': 'severe'}]",15239599,2026-09-28T06:38:26Z,generated,"<div xmlns=""http://www.w3.org/1999/xhtml""><p><b>Allergy Intolerance</b></p><p><b>Patient</b>: SMART II, SANDY</p><p><b>Allergy</b>: Eggs (edible) (substance)</p><p><b>Verification Status</b>: Unconfirmed</p><p><b>Clinical Status</b>: Active</p><p><b>Criticality</b>: High Risk</p><p><b>Category</b>: Food</p><p><b>Reactions</b>: Blastobacter</p><p><b>Note</b>: Updated with additional details provided by patient. - 2022-08-08T11:00:51Z - SYSTEM, SYSTEM Cerner - Updated with additional details provided by patient. - 2022-08-13T03:30:53Z - SYSTEM, SYSTEM Cerner - Updated with additional details provided by patient. - 2022-08-13T03:08:44Z - SYSTEM, SYSTEM Cerner - Updated with additional details provided by patient. - 2022-08-12T12:30:29Z - SYSTEM, SYSTEM Cerner - Updated with additional details provided by patient. - 2022-07-28T11:52:32Z - SYSTEM, SYSTEM Cerner - Updated with additional details provided by patient. - 2022-08-12T03:20:55Z - SYSTEM, SYSTEM Cerner - Updated with additional details provided by patient. - 2025-09-11T05:42:55Z - SYSTEM, SYSTEM Cerner - Updated with additional details provided by patient. - 2022-08-08T11:06:55Z - SYSTEM, SYSTEM Cerner - Updated with additional details provided by patient. - 2022-08-08T10:58:38Z - SYSTEM, SYSTEM Cerner - Updated with additional details provided by patient. - 2022-08-12T03:49:39Z - SYSTEM, SYSTEM Cerner - Updated with additional details provided by patient. - 2026-06-08T10:40:39Z - Portal, Portal - Updated with additional details provided by patient. - 2022-06-30T13:07:25Z - SYSTEM, SYSTEM Cerner - Updated with additional details provided by patient. - 2022-06-30T13:06:58Z - SYSTEM, SYSTEM Cerner - Updated with additional details provided by patient. - 2026-06-05T14:49:06Z - Portal, Portal - Updated with additional details provided by patient. - 2022-08-12T02:51:31Z - SYSTEM, SYSTEM Cerner - Updated with additional details provided by patient. - 2022-07-20T12:09:40Z - SYSTEM, SYSTEM Cerner - Updated with additional details provided by patient. - 2026-06-05T09:35:53Z - Portal, Portal - Updated with additional details provided by patient. - 2022-06-28T13:28:59Z - SYSTEM, SYSTEM Cerner - Updated with additional details provided by patient. - 2022-08-11T15:35:39Z - SYSTEM, SYSTEM Cerner - Updated with additional details provided by patient. - 2022-08-12T04:12:06Z - SYSTEM, SYSTEM Cerner - Updated with additional details provided by patient. - 2022-08-13T03:03:35Z - SYSTEM, SYSTEM Cerner - Updated with additional details provided by patient. - 2022-08-08T11:02:52Z - SYSTEM, SYSTEM Cerner - Updated with additional details provided by patient. - 2022-08-11T16:06:25Z - SYSTEM, SYSTEM Cerner - Updated with additional details provided by patient. - 2022-08-11T15:48:08Z - SYSTEM, SYSTEM Cerner - Updated with additional details provided by patient. - 2022-06-30T13:06:26Z - SYSTEM, SYSTEM Cerner - Updated with additional details provided by patient. - 2026-05-28T11:22:48Z - Portal, Portal - Updated with additional details provided by patient. - 2022-08-09T10:27:43Z - SYSTEM, SYSTEM Cerner - Updated with additional details provided by patient. - 2022-08-12T04:34:06Z - SYSTEM, SYSTEM Cerner - Updated with additional details provided by patient. - 2022-06-30T13:07:58Z - SYSTEM, SYSTEM Cerner - Updated with additional details provided by patient. - 2022-08-13T02:52:18Z - SYSTEM, SYSTEM Cerner - Updated with additional details provided by patient. - 2024-06-13T09:34:35Z - SYSTEM, SYSTEM Cerner - Updated with additional details provided by patient. - 2022-08-08T11:04:33Z - SYSTEM, SYSTEM Cerner - Updated with additional details provided by patient. - 2022-08-11T15:43:56Z - SYSTEM, SYSTEM Cerner - Updated with additional details provided by patient. - 2026-06-08T10:47:09Z - Portal, Portal - Updated with additional details provided by patient. - 2023-02-09T15:00:33Z - SYSTEM, SYSTEM Cerner - Updated with additional details provided by patient. - 2022-08-12T04:32:57Z - SYSTEM, SYSTEM Cerner - Updated with additional details provided by patient. - 2022-08-04T10:11:54Z - SYSTEM, SYSTEM Cerner - Updated with additional details provided by patient. - 2025-06-15T06:55:24Z - SYSTEM, SYSTEM Cerner - Updated via Cerner API test. - 2026-09-28T06:38:26Z - SYSTEM, SYSTEM Cerner - Updated with additional details provided by patient. - 2022-08-12T03:45:20Z - SYSTEM, SYSTEM Cerner</p></div>","[{'system': 'http://terminology.hl7.org/CodeSystem/allergyintolerance-clinical', 'code': 'active', 'display': 'Active'}]",Proposed,"[{'system': 'http://terminology.hl7.org/CodeSystem/allergyintolerance-verification', 'code': 'unconfirmed', 'display': 'Unconfirmed'}]",Proposed,Egg,Patient/12742399,"SMART II, SANDY",Practitioner/12724045,"Graham, Joshua",,allergy,,"[{'id': '12809241', 'authorReference': {'reference': 'Practitioner/1', 'display': 'SYSTEM, SYSTEM Cerner'}, 'time': '2022-08-08T11:00:51Z', 'text': 'Updated with additional details provided by patient.'}, {'id': '12810333', 'authorReference': {'reference': 'Practitioner/1', 'display': 'SYSTEM, SYSTEM Cerner'}, 'time': '2022-08-13T03:30:53Z', 'text': 'Updated with additional details provided by patient.'}, {'id': '12810301', 'authorReference': {'reference': 'Practitioner/1', 'display': 'SYSTEM, SYSTEM Cerner'}, 'time': '2022-08-13T03:08:44Z', 'text': 'Updated with additional details provided by patient.'}, {'id': '12810139', 'authorReference': {'reference': 'Practitioner/1', 'display': 'SYSTEM, SYSTEM Cerner'}, 'time': '2022-08-12T12:30:29Z', 'text': 'Updated with additional details provided by patient.'}, {'id': '12808669', 'authorReference': {'reference': 'Practitioner/1', 'display': 'SYSTEM, SYSTEM Cerner'}, 'time': '2022-07-28T11:52:32Z', 'text': 'Updated with additional details provided by patient.'}, {'id': '12809897', 'authorReference': {'reference': 'Practitioner/1', 'display': 'SYSTEM, SYSTEM Cerner'}, 'time': '2022-08-12T03:20:55Z', 'text': 'Updated with additional details provided by patient.'}, {'id': '15005525', 'authorReference': {'reference': 'Practitioner/1', 'display': 'SYSTEM, SYSTEM Cerner'}, 'time': '2025-09-11T05:42:55Z', 'text': 'Updated with additional details provided by patient.'}, {'id': '12809259', 'authorReference': {'reference': 'Practitioner/1', 'display': 'SYSTEM, SYSTEM Cerner'}, 'time': '2022-08-08T11:06:55Z', 'text': 'Updated with additional details provided by patient.'}, {'id': '12809229', 'authorReference': {'reference': 'Practitioner/1', 'display': 'SYSTEM, SYSTEM Cerner'}, 'time': '2022-08-08T10:58:38Z', 'text': 'Updated with additional details provided by patient.'}, {'id': '12809937', 'authorReference': {'reference': 'Practitioner/1', 'display': 'SYSTEM, SYSTEM Cerner'}, 'time': '2022-08-12T03:49:39Z', 'text': 'Updated with additional details provided by patient.'}, {'id': '15189053', 'authorReference': {'reference': 'Practitioner/12742069', 'display': 'Portal, Portal'}, 'time': '2026-06-08T10:40:39Z', 'text': 'Updated with additional details provided by patient.'}, {'id': '12807229', 'authorReference': {'reference': 'Practitioner/1', 'display': 'SYSTEM, SYSTEM Cerner'}, 'time': '2022-06-30T13:07:25Z', 'text': 'Updated with additional details provided by patient.'}, {'id': '12807223', 'authorReference': {'reference': 'Practitioner/1', 'display': 'SYSTEM, SYSTEM Cerner'}, 'time': '2022-06-30T13:06:58Z', 'text': 'Updated with additional details provided by patient.'}, {'id': '15188201', 'authorReference': {'reference': 'Practitioner/12742069', 'display': 'Portal, Portal'}, 'time': '2026-06-05T14:49:06Z', 'text': 'Updated with additional details provided by patient.'}, {'id': '12809869', 'authorReference': {'reference': 'Practitioner/1', 'display': 'SYSTEM, SYSTEM Cerner'}, 'time': '2022-08-12T02:51:31Z', 'text': 'Updated with additional details provided by patient.'}, {'id': '12808525', 'authorReference': {'reference': 'Practitioner/1', 'display': 'SYSTEM, SYSTEM Cerner'}, 'time': '2022-07-20T12:09:40Z', 'text': 'Updated with additional details provided by patient.'}, {'id': '15188195', 'authorReference': {'reference': 'Practitioner/12742069', 'display': 'Portal, Portal'}, 'time': '2026-06-05T09:35:53Z', 'text': 'Updated with additional details provided by patient.'}, {'id': '12807135', 'authorReference': {'reference': 'Practitioner/1', 'display': 'SYSTEM, SYSTEM Cerner'}, 'time': '2022-06-28T13:28:59Z', 'text': 'Updated with additional details provided by patient.'}, {'id': '12809779', 'authorReference': {'reference': 'Practitioner/1', 'display': 'SYSTEM, SYSTEM Cerner'}, 'time': '2022-08-11T15:35:39Z', 'text': 'Updated with additional details provided by patient.'}, {'id': '12809971', 'authorReference': {'reference': 'Practitioner/1', 'display': 'SYSTEM, SYSTEM Cerner'}, 'time': '2022-08-12T04:12:06Z', 'text': 'Updated with additional details provided by patient.'}, {'id': '12810295', 'authorReference': {'reference': 'Practitioner/1', 'display': 'SYSTEM, SYSTEM Cerner'}, 'time': '2022-08-13T03:03:35Z', 'text': 'Updated with additional details provided by patient.'}, {'id': '12809247', 'authorReference': {'reference': 'Practitioner/1', 'display': 'SYSTEM, SYSTEM Cerner'}, 'time': '2022-08-08T11:02:52Z', 'text': 'Updated with additional details provided by patient.'}, {'id': '12809809', 'authorReference': {'reference': 'Practitioner/1', 'display': 'SYSTEM, SYSTEM Cerner'}, 'time': '2022-08-11T16:06:25Z', 'text': 'Updated with additional details provided by patient.'}, {'id': '12809791', 'authorReference': {'reference': 'Practitioner/1', 'display': 'SYSTEM, SYSTEM Cerner'}, 'time': '2022-08-11T15:48:08Z', 'text': 'Updated with additional details provided by patient.'}, {'id': '12807217', 'authorReference': {'reference': 'Practitioner/1', 'display': 'SYSTEM, SYSTEM Cerner'}, 'time': '2022-06-30T13:06:26Z', 'text': 'Updated with additional details provided by patient.'}, {'id': '15186003', 'authorReference': {'reference': 'Practitioner/12742069', 'display': 'Portal, Portal'}, 'time': '2026-05-28T11:22:48Z', 'text': 'Updated with additional details provided by patient.'}, {'id': '12809369', 'authorReference': {'reference': 'Practitioner/1', 'display': 'SYSTEM, SYSTEM Cerner'}, 'time': '2022-08-09T10:27:43Z', 'text': 'Updated with additional details provided by patient.'}, {'id': '12810045', 'authorReference': {'reference': 'Practitioner/1', 'display': 'SYSTEM, SYSTEM Cerner'}, 'time': '2022-08-12T04:34:06Z', 'text': 'Updated with additional details provided by patient.'}, {'id': '12807235', 'authorReference': {'reference': 'Practitioner/1', 'display': 'SYSTEM, SYSTEM Cerner'}, 'time': '2022-06-30T13:07:58Z', 'text': 'Updated with additional details provided by patient.'}, {'id': '12810289', 'authorReference': {'reference': 'Practitioner/1', 'display': 'SYSTEM, SYSTEM Cerner'}, 'time': '2022-08-13T02:52:18Z', 'text': 'Updated with additional details provided by patient.'}, {'id': '12884289', 'authorReference': {'reference': 'Practitioner/1', 'display': 'SYSTEM, SYSTEM Cerner'}, 'time': '2024-06-13T09:34:35Z', 'text': 'Updated with additional details provided by patient.'}, {'id': '12809253', 'authorReference': {'reference': 'Practitioner/1', 'display': 'SYSTEM, SYSTEM Cerner'}, 'time': '2022-08-08T11:04:33Z', 'text': 'Updated with additional details provided by patient.'}, {'id': '12809785', 'authorReference': {'reference': 'Practitioner/1', 'display': 'SYSTEM, SYSTEM Cerner'}, 'time': '2022-08-11T15:43:56Z', 'text': 'Updated with additional details provided by patient.'}, {'id': '15189059', 'authorReference': {'reference': 'Practitioner/12742069', 'display': 'Portal, Portal'}, 'time': '2026-06-08T10:47:09Z', 'text': 'Updated with additional details provided by patient.'}, {'id': '12823707', 'authorReference': {'reference': 'Practitioner/1', 'display': 'SYSTEM, SYSTEM Cerner'}, 'time': '2023-02-09T15:00:33Z', 'text': 'Updated with additional details provided by patient.'}, {'id': '12810039', 'authorReference': {'reference': 'Practitioner/1', 'display': 'SYSTEM, SYSTEM Cerner'}, 'time': '2022-08-12T04:32:57Z', 'text': 'Updated with additional details provided by patient.'}, {'id': '12809075', 'authorReference': {'reference': 'Practitioner/1', 'display': 'SYSTEM, SYSTEM Cerner'}, 'time': '2022-08-04T10:11:54Z', 'text': 'Updated with additional details provided by patient.'}, {'id': '14931845', 'authorReference': {'reference': 'Practitioner/1', 'display': 'SYSTEM, SYSTEM Cerner'}, 'time': '2025-06-15T06:55:24Z', 'text': 'Updated with additional details provided by patient.'}, {'id': '15239601', 'authorReference': {'reference': 'Practitioner/1', 'display': 'SYSTEM, SYSTEM Cerner'}, 'time': '2026-09-28T06:38:26Z', 'text': 'Updated via Cerner API test.'}, {'id': '12809923', 'authorReference': {'reference': 'Practitioner/1', 'display': 'SYSTEM, SYSTEM Cerner'}, 'time': '2022-08-12T03:45:20Z', 'text': 'Updated with additional details provided by patient.'}]","[{'system': 'http://snomed.info/sct', 'code': '102263004', 'display': 'Eggs (edible) (substance)'}]",,,,
AllergyIntolerance,12852447,['environment'],unable-to-assess,2023-08-11T15:18:47Z,,12852447,2023-08-11T15:18:47Z,generated,"<div xmlns=""http://www.w3.org/1999/xhtml""><p><b>Allergy Intolerance</b></p><p><b>Patient</b>: SMART II, SANDY</p><p><b>Allergy</b>: Latex (substance)</p><p><b>Verification Status</b>: Unconfirmed</p><p><b>Clinical Status</b>: Active</p><p><b>Criticality</b>: Unable to Assess Risk</p><p><b>Category</b>: Environment</p><p><b>Onset</b>: Aug 11, 2023 12:00 A.M. UTC</p></div>","[{'system': 'http://terminology.hl7.org/CodeSystem/allergyintolerance-clinical', 'code': 'active', 'display': 'Active'}]",Proposed,"[{'system': 'http://terminology.hl7.org/CodeSystem/allergyintolerance-verification', 'code': 'unconfirmed', 'display': 'Unconfirmed'}]",Proposed,Latex,Patient/12742399,"SMART II, SANDY",Practitioner/12742069,"Portal, Portal",,,2023-08-11T00:00:00Z,,"[{'system': 'http://snomed.info/sct', 'code': '111088007', 'display': 'Latex (substance)'}]",,"[{'valueCodeableConcept': {'coding': [{'system': 'https://fhir.cerner.com/ec2458f2-1e24-41c8-b71b-0e701af7583d/codeSet/25320', 'code': '639010', 'display': 'About', 'userSelected': True}], 'text': 'About'}, 'url': 'https://fhir-ehr.cerner.com/r4/StructureDefinition/precision'}]",,
AllergyIntolerance,15170269,['medication'],high,2026-05-05T14:27:22Z,"[{'id': '15170271', 'manifestation': [{'coding': [{'system': 'http://snomed.info/sct', 'code': '271757001', 'display': 'Papular eruption (disorder)'}], 'text': 'Papular eruption'}], 'severity': 'severe'}]",15170269,2026-05-05T14:27:22Z,generated,"<div xmlns=""http://www.w3.org/1999/xhtml""><p><b>Allergy Intolerance</b></p><p><b>Patient</b>: SMART II, SANDY</p><p><b>Allergy</b>: Carbamazepine</p><p><b>Verification Status</b>: Confirmed</p><p><b>Clinical Status</b>: Active</p><p><b>Criticality</b>: High Risk</p><p><b>Category</b>: Medication</p><p><b>Reactions</b>: Papular eruption</p><p><b>Onset</b>: Sep 11, 2019  5:00 A.M. UTC</p></div>","[{'system': 'http://terminology.hl7.org/CodeSystem/allergyintolerance-clinical', 'code': 'active', 'display': 'Active'}]",Active,"[{'system': 'http://terminology.hl7.org/CodeSystem/allergyintolerance-verification', 'code': 'confirmed', 'display': 'Confirmed'}]",Active,carBAMazepine,Patient/12742399,"SMART II, SANDY",Practitioner/12742069,"Portal, Portal",,allergy,2019-09-11T05:00:00Z,,"[{'system': 'http://www.nlm.nih.gov/research/umls/rxnorm', 'code': '2002', 'display': 'Carbamazepine'}]",Encounter/97953523,,,
AllergyIntolerance,12866893,['food'],unable-to-assess,2023-12-08T11:59:50Z,,12866893,2023-12-08T11:59:50Z,generated,"<div xmlns=""http://www.w3.org/1999/xhtml""><p><b>Allergy Intolerance</b></p><p><b>Patient</b>: SMART II, SANDY</p><p><b>Allergy</b>: Allergy to meat (disorder)</p><p><b>Verification Status</b>: Unconfirmed</p><p><b>Clinical Status</b>: Active</p><p><b>Criticality</b>: Unable to Assess Risk</p><p><b>Category</b>: Food</p><p><b>Onset</b>: Dec  8, 2023 12:00 A.M. UTC</p></div>","[{'system': 'http://terminology.hl7.org/CodeSystem/allergyintolerance-clinical', 'code': 'active', 'display': 'Active'}]",Proposed,"[{'system': 'http://terminology.hl7.org/CodeSystem/allergyintolerance-verification', 'code': 'unconfirmed', 'display': 'Unconfirmed'}]",Proposed,Allergy to meat,Patient/12742399,"SMART II, SANDY",Practitioner/12742069,"Portal, Portal",,,2023-12-08T00:00:00Z,,"[{'system': 'http://snomed.info/sct', 'code': '703931001', 'display': 'Allergy to meat (disorder)'}]",,"[{'valueCodeableConcept': {'coding': [{'system': 'https://fhir.cerner.com/ec2458f2-1e24-41c8-b71b-0e701af7583d/codeSet/25320', 'code': '639010', 'display': 'About', 'userSelected': True}], 'text': 'About'}, 'url': 'https://fhir-ehr.cerner.com/r4/StructureDefinition/precision'}]",,
AllergyIntolerance,12866849,['medication'],unable-to-assess,2023-12-08T11:59:32Z,,12866849,2023-12-08T11:59:32Z,generated,"<div xmlns=""http://www.w3.org/1999/xhtml""><p><b>Allergy Intolerance</b></p><p><b>Patient</b>: SMART II, SANDY</p><p><b>Allergy</b>: Alkali metal soap allergy (disorder)</p><p><b>Verification Status</b>: Unconfirmed</p><p><b>Clinical Status</b>: Active</p><p><b>Criticality</b>: Unable to Assess Risk</p><p><b>Category</b>: Medication</p><p><b>Onset</b>: Dec  8, 2023 12:00 A.M. UTC</p></div>","[{'system': 'http://terminology.hl7.org/CodeSystem/allergyintolerance-clinical', 'code': 'active', 'display': 'Active'}]",Proposed,"[{'system': 'http://terminology.hl7.org/CodeSystem/allergyintolerance-verification', 'code': 'unconfirmed', 'display': 'Unconfirmed'}]",Proposed,Allergy to alkali-metal soap,Patient/12742399,"SMART II, SANDY",Practitioner/12742069,"Portal, Portal",,,2023-12-08T00:00:00Z,,"[{'system': 'http://snomed.info/sct', 'code': '294196009', 'display': 'Alkali metal soap allergy (disorder)'}]",,"[{'valueCodeableConcept': {'coding': [{'system': 'https://fhir.cerner.com/ec2458f2-1e24-41c8-b71b-0e701af7583d/codeSet/25320', 'code': '639010', 'display': 'About', 'userSelected': True}], 'text': 'About'}, 'url': 'https://fhir-ehr.cerner.com/r4/StructureDefinition/precision'}]",,
AllergyIntolerance,15207759,,,2026-07-16T08:45:07Z,,15207759,2026-07-16T08:45:07Z,generated,"<div xmlns=""http://www.w3.org/1999/xhtml""><p><b>Allergy Intolerance</b></p><p><b>Patient</b>: SMART II, SANDY</p><p><b>Allergy</b>: Peanut allergy</p><p><b>Verification Status</b>: Confirmed</p><p><b>Clinical Status</b>: Active</p></div>","[{'system': 'http://terminology.hl7.org/CodeSystem/allergyintolerance-clinical', 'code': 'active', 'display': 'Active'}]",Active,"[{'system': 'http://terminology.hl7.org/CodeSystem/allergyintolerance-verification', 'code': 'confirmed', 'display': 'Confirmed'}]",Active,Peanut allergy,Patient/12742399,"SMART II, SANDY",Practitioner/1,"SYSTEM, SYSTEM Cerner",,,,,,,,,
AllergyIntolerance,12781481,['medication'],unable-to-assess,2021-10-27T14:27:14Z,,12781481,2021-10-27T14:27:14Z,generated,"<div xmlns=""http://www.w3.org/1999/xhtml""><p><b>Allergy Intolerance</b></p><p><b>Patient</b>: SMART II, SANDY</p><p><b>Allergy</b>: Potassium sparing diuretic allergy (disorder)</p><p><b>Verification Status</b>: Confirmed</p><p><b>Clinical Status</b>: Active</p><p><b>Criticality</b>: Unable to Assess Risk</p><p><b>Category</b>: Medication</p><p><b>Onset</b>: Oct 27, 2021 12:00 A.M. UTC</p></div>","[{'system': 'http://terminology.hl7.org/CodeSystem/allergyintolerance-clinical', 'code': 'active', 'display': 'Active'}]",Active,"[{'system': 'http://terminology.hl7.org/CodeSystem/allergyintolerance-verification', 'code': 'confirmed', 'display': 'Confirmed'}]",Active,Potassium sparing diuretic allergy,Patient/12742399,"SMART II, SANDY",Practitioner/12742069,"Portal, Portal",,,2021-10-27T00:00:00Z,,"[{'system': 'http://snomed.info/sct', 'code': '295005008', 'display': 'Potassium sparing diuretic allergy (disorder)'}]",,"[{'valueCodeableConcept': {'coding': [{'system': 'https://fhir.cerner.com/ec2458f2-1e24-41c8-b71b-0e701af7583d/codeSet/25320', 'code': '639010', 'display': 'About', 'userSelected': True}], 'text': 'About'}, 'url': 'https://fhir-ehr.cerner.com/r4/StructureDefinition/precision'}]",,
AllergyIntolerance,12866789,['medication'],unable-to-assess,2023-12-08T11:35:11Z,,12866789,2023-12-08T11:35:11Z,generated,"<div xmlns=""http://www.w3.org/1999/xhtml""><p><b>Allergy Intolerance</b></p><p><b>Patient</b>: SMART II, SANDY</p><p><b>Allergy</b>: Preinfarction syndrome (disorder)</p><p><b>Verification Status</b>: Unconfirmed</p><p><b>Clinical Status</b>: Active</p><p><b>Criticality</b>: Unable to Assess Risk</p><p><b>Category</b>: Medication</p><p><b>Onset</b>: Dec  8, 2023 12:00 A.M. UTC</p></div>","[{'system': 'http://terminology.hl7.org/CodeSystem/allergyintolerance-clinical', 'code': 'active', 'display': 'Active'}]",Proposed,"[{'system': 'http://terminology.hl7.org/CodeSystem/allergyintolerance-verification', 'code': 'unconfirmed', 'display': 'Unconfirmed'}]",Proposed,Preinfarction syndrome,Patient/12742399,"SMART II, SANDY",Practitioner/12742069,"Portal, Portal",,,2023-12-08T00:00:00Z,,"[{'system': 'http://snomed.info/sct', 'code': '4557003', 'display': 'Preinfarction syndrome (disorder)'}]",,"[{'valueCodeableConcept': {'coding': [{'system': 'https://fhir.cerner.com/ec2458f2-1e24-41c8-b71b-0e701af7583d/codeSet/25320', 'code': '639010', 'display': 'About', 'userSelected': True}], 'text': 'About'}, 'url': 'https://fhir-ehr.cerner.com/r4/StructureDefinition/precision'}]",,
AllergyIntolerance,12866793,['environment'],unable-to-assess,2023-12-08T11:37:01Z,,12866793,2023-12-08T11:37:01Z,generated,"<div xmlns=""http://www.w3.org/1999/xhtml""><p><b>Allergy Intolerance</b></p><p><b>Patient</b>: SMART II, SANDY</p><p><b>Allergy</b>: Type I diabetes mellitus without complication (disorder)</p><p><b>Verification Status</b>: Unconfirmed</p><p><b>Clinical Status</b>: Active</p><p><b>Criticality</b>: Unable to Assess Risk</p><p><b>Category</b>: Environment</p><p><b>Onset</b>: Dec  8, 2023 12:00 A.M. UTC</p></div>","[{'system': 'http://terminology.hl7.org/CodeSystem/allergyintolerance-clinical', 'code': 'active', 'display': 'Active'}]",Proposed,"[{'system': 'http://terminology.hl7.org/CodeSystem/allergyintolerance-verification', 'code': 'unconfirmed', 'display': 'Unconfirmed'}]",Proposed,Type 1 diabetes mellitus without complication,Patient/12742399,"SMART II, SANDY",Practitioner/12742069,"Portal, Portal",,,2023-12-08T00:00:00Z,,"[{'system': 'http://snomed.info/sct', 'code': '313435000', 'display': 'Type I diabetes mellitus without complication (disorder)'}]",,"[{'valueCodeableConcept': {'coding': [{'system': 'https://fhir.cerner.com/ec2458f2-1e24-41c8-b71b-0e701af7583d/codeSet/25320', 'code': '639010', 'display': 'About', 'userSelected': True}], 'text': 'About'}, 'url': 'https://fhir-ehr.cerner.com/r4/StructureDefinition/precision'}]",,
AllergyIntolerance,12866813,['medication'],unable-to-assess,2023-12-08T11:59:19Z,,15218537,2026-08-12T18:27:47Z,generated,"<div xmlns=""http://www.w3.org/1999/xhtml""><p><b>Allergy Intolerance</b></p><p><b>Patient</b>: SMART II, SANDY</p><p><b>Allergy</b>: Adrenergic neurone blocking drug allergy (disorder)</p><p><b>Verification Status</b>: Unconfirmed</p><p><b>Clinical Status</b>: Active</p><p><b>Criticality</b>: Unable to Assess Risk</p><p><b>Category</b>: Medication</p><p><b>Onset</b>: Feb  8, 2024 12:00 A.M. UTC</p></div>","[{'system': 'http://terminology.hl7.org/CodeSystem/allergyintolerance-clinical', 'code': 'active', 'display': 'Active'}]",Proposed,"[{'system': 'http://terminology.hl7.org/CodeSystem/allergyintolerance-verification', 'code': 'unconfirmed', 'display': 'Unconfirmed'}]",Proposed,Adrenergic neurone blocking drug allergy,Patient/12742399,"SMART II, SANDY",Practitioner/12742069,"Portal, Portal",,allergy,2024-02-08T00:00:00Z,,"[{'system': 'http://snomed.info/sct', 'code': '295032003', 'display': 'Adrenergic neurone blocking drug allergy (disorder)'}]",,,,
AllergyIntolerance,12874487,['food'],low,2024-02-26T14:53:25Z,"[{'id': '12874489', 'manifestation': [{'coding': [{'system': 'http://snomed.info/sct', 'code': '76067001', 'display': 'Sneezing (finding)'}], 'text': 'Sneezing'}]}]",15218489,2026-08-12T16:02:50Z,generated,"<div xmlns=""http://www.w3.org/1999/xhtml""><p><b>Allergy Intolerance</b></p><p><b>Patient</b>: SMART II, SANDY</p><p><b>Allergy</b>: Crab (substance)</p><p><b>Verification Status</b>: Unconfirmed</p><p><b>Clinical Status</b>: Active</p><p><b>Criticality</b>: Low Risk</p><p><b>Category</b>: Food</p><p><b>Reactions</b>: Sneezing</p><p><b>Onset</b>: Feb  8, 2024 12:00 A.M. UTC</p></div>","[{'system': 'http://terminology.hl7.org/CodeSystem/allergyintolerance-clinical', 'code': 'active', 'display': 'Active'}]",Proposed,"[{'system': 'http://terminology.hl7.org/CodeSystem/allergyintolerance-verification', 'code': 'unconfirmed', 'display': 'Unconfirmed'}]",Proposed,Crab,Patient/12742399,"SMART II, SANDY",Practitioner/1,"SYSTEM, SYSTEM Cerner",,allergy,2024-02-08T00:00:00Z,,"[{'system': 'http://snomed.info/sct', 'code': '736159005', 'display': 'Crab (substance)'}]",,,,
AllergyIntolerance,12868619,['food'],unable-to-assess,2023-12-27T19:53:30Z,,12910543,2024-09-30T18:06:49Z,generated,"<div xmlns=""http://www.w3.org/1999/xhtml""><p><b>Allergy Intolerance</b></p><p><b>Patient</b>: SMART II, SANDY</p><p><b>Allergy</b>: Acacia (substance)</p><p><b>Verification Status</b>: Entered in Error</p><p><b>Criticality</b>: Unable to Assess Risk</p><p><b>Category</b>: Food</p><p><b>Onset</b>: Dec 27, 2023 12:00 A.M. UTC</p></div>",,,"[{'system': 'http://terminology.hl7.org/CodeSystem/allergyintolerance-verification', 'code': 'entered-in-error', 'display': 'Entered in Error'}]",Canceled,Acacia,Patient/12742399,"SMART II, SANDY",Practitioner/12742069,"Portal, Portal",,,2023-12-27T00:00:00Z,,"[{'system': 'http://snomed.info/sct', 'code': '43987000', 'display': 'Acacia (substance)'}]",,"[{'valueCodeableConcept': {'coding': [{'system': 'https://fhir.cerner.com/ec2458f2-1e24-41c8-b71b-0e701af7583d/codeSet/25320', 'code': '639010', 'display': 'About', 'userSelected': True}], 'text': 'About'}, 'url': 'https://fhir-ehr.cerner.com/r4/StructureDefinition/precision'}]",,
AllergyIntolerance,12866881,,high,2023-12-08T11:59:45Z,,15223291,2026-08-24T07:44:32Z,generated,"<div xmlns=""http://www.w3.org/1999/xhtml""><p><b>Allergy Intolerance</b></p><p><b>Patient</b>: SMART II, SANDY</p><p><b>Allergy</b>: Lysuride allergy (disorder)</p><p><b>Verification Status</b>: Unconfirmed</p><p><b>Clinical Status</b>: Active</p><p><b>Criticality</b>: High Risk</p><p><b>Onset</b>: Dec  8, 2023 12:00 A.M. UTC</p></div>","[{'system': 'http://terminology.hl7.org/CodeSystem/allergyintolerance-clinical', 'code': 'active', 'display': 'Active'}]",Proposed,"[{'system': 'http://terminology.hl7.org/CodeSystem/allergyintolerance-verification', 'code': 'unconfirmed', 'display': 'Unconfirmed'}]",Proposed,Allergy to lisuride,Patient/12742399,"SMART II, SANDY",Practitioner/12742069,"Portal, Portal",,,2023-12-08T00:00:00Z,,"[{'system': 'http://snomed.info/sct', 'code': '293813008', 'display': 'Lysuride allergy (disorder)'}]",,,,
AllergyIntolerance,12843971,,unable-to-assess,2023-07-08T02:56:09Z,,12859347,2023-10-03T14:31:01Z,generated,"<div xmlns=""http://www.w3.org/1999/xhtml""><p><b>Allergy Intolerance</b></p><p><b>Patient</b>: SMART II, SANDY</p><p><b>Allergy</b>: [X]Personal history of allergy to other anti-infective agents (disorder)</p><p><b>Verification Status</b>: Unconfirmed</p><p><b>Clinical Status</b>: Active</p><p><b>Criticality</b>: Unable to Assess Risk</p><p><b>Onset</b>: Jul  4, 2023 12:00 A.M. UTC</p><p><b>Note</b>: this is a regression note - 2023-10-03T14:31:01Z - Portal, Portal - this is a regression note - 2023-07-08T02:56:09Z - Portal, Portal</p></div>","[{'system': 'http://terminology.hl7.org/CodeSystem/allergyintolerance-clinical', 'code': 'active', 'display': 'Active'}]",Proposed,"[{'system': 'http://terminology.hl7.org/CodeSystem/allergyintolerance-verification', 'code': 'unconfirmed', 'display': 'Unconfirmed'}]",Proposed,[X]Personal history of allergy to other anti-infective agents,Patient/12742399,"SMART II, SANDY",Practitioner/12742069,"Portal, Portal",,,2023-07-04T00:00:00Z,"[{'id': '12859349', 'authorReference': {'reference': 'Practitioner/12742069', 'display': 'Portal, Portal'}, 'time': '2023-10-03T14:31:01Z', 'text': 'this is a regression note'}, {'id': '12843973', 'authorReference': {'reference': 'Practitioner/12742069', 'display': 'Portal, Portal'}, 'time': '2023-07-08T02:56:09Z', 'text': 'this is a regression note'}]","[{'system': 'http://snomed.info/sct', 'code': '316851007', 'display': '[X]Personal history of allergy to other anti-infective agents (disorder)'}]",,"[{'valueCodeableConcept': {'coding': [{'system': 'https://fhir.cerner.com/ec2458f2-1e24-41c8-b71b-0e701af7583d/codeSet/25320', 'code': '639010', 'display': 'About', 'userSelected': True}], 'text': 'About'}, 'url': 'https://fhir-ehr.cerner.com/r4/StructureDefinition/precision'}]",,
AllergyIntolerance,12866865,['medication'],unable-to-assess,2023-12-08T11:59:37Z,,12866865,2023-12-08T11:59:37Z,generated,"<div xmlns=""http://www.w3.org/1999/xhtml""><p><b>Allergy Intolerance</b></p><p><b>Patient</b>: SMART II, SANDY</p><p><b>Allergy</b>: Clostridium botulinum allergy (disorder)</p><p><b>Verification Status</b>: Unconfirmed</p><p><b>Clinical Status</b>: Active</p><p><b>Criticality</b>: Unable to Assess Risk</p><p><b>Category</b>: Medication</p><p><b>Onset</b>: Dec  8, 2023 12:00 A.M. UTC</p></div>","[{'system': 'http://terminology.hl7.org/CodeSystem/allergyintolerance-clinical', 'code': 'active', 'display': 'Active'}]",Proposed,"[{'system': 'http://terminology.hl7.org/CodeSystem/allergyintolerance-verification', 'code': 'unconfirmed', 'display': 'Unconfirmed'}]",Proposed,Allergy to Clostridium botulinum toxin,Patient/12742399,"SMART II, SANDY",Practitioner/12742069,"Portal, Portal",,,2023-12-08T00:00:00Z,,"[{'system': 'http://snomed.info/sct', 'code': '294667007', 'display': 'Clostridium botulinum allergy (disorder)'}]",,"[{'valueCodeableConcept': {'coding': [{'system': 'https://fhir.cerner.com/ec2458f2-1e24-41c8-b71b-0e701af7583d/codeSet/25320', 'code': '639010', 'display': 'About', 'userSelected': True}], 'text': 'About'}, 'url': 'https://fhir-ehr.cerner.com/r4/StructureDefinition/precision'}]",,
AllergyIntolerance,12866877,['medication'],unable-to-assess,2023-12-08T11:59:44Z,,12866877,2023-12-08T11:59:44Z,generated,"<div xmlns=""http://www.w3.org/1999/xhtml""><p><b>Allergy Intolerance</b></p><p><b>Patient</b>: SMART II, SANDY</p><p><b>Allergy</b>: Heparinoid allergy (disorder)</p><p><b>Verification Status</b>: Unconfirmed</p><p><b>Clinical Status</b>: Active</p><p><b>Criticality</b>: Unable to Assess Risk</p><p><b>Category</b>: Medication</p><p><b>Onset</b>: Dec  8, 2023 12:00 A.M. UTC</p></div>","[{'system': 'http://terminology.hl7.org/CodeSystem/allergyintolerance-clinical', 'code': 'active', 'display': 'Active'}]",Proposed,"[{'system': 'http://terminology.hl7.org/CodeSystem/allergyintolerance-verification', 'code': 'unconfirmed', 'display': 'Unconfirmed'}]",Proposed,Allergy to heparinoid,Patient/12742399,"SMART II, SANDY",Practitioner/12742069,"Portal, Portal",,,2023-12-08T00:00:00Z,,"[{'system': 'http://snomed.info/sct', 'code': '294876003', 'display': 'Heparinoid allergy (disorder)'}]",,"[{'valueCodeableConcept': {'coding': [{'system': 'https://fhir.cerner.com/ec2458f2-1e24-41c8-b71b-0e701af7583d/codeSet/25320', 'code': '639010', 'display': 'About', 'userSelected': True}], 'text': 'About'}, 'url': 'https://fhir-ehr.cerner.com/r4/StructureDefinition/precision'}]",,
AllergyIntolerance,12907795,['medication'],,2024-09-25T05:56:38Z,"[{'id': '12907797', 'manifestation': [{'coding': [{'system': 'http://snomed.info/sct', 'code': '271757001', 'display': 'Papular eruption (disorder)'}], 'text': 'Papular eruption'}], 'severity': 'severe'}]",12907795,2024-09-25T05:56:38Z,generated,"<div xmlns=""http://www.w3.org/1999/xhtml""><p><b>Allergy Intolerance</b></p><p><b>Patient</b>: SMART II, SANDY</p><p><b>Allergy</b>: Aspirin</p><p><b>Verification Status</b>: Confirmed</p><p><b>Clinical Status</b>: Active</p><p><b>Category</b>: Medication</p><p><b>Reactions</b>: Papular eruption</p><p><b>Onset</b>: Sep 11, 2019  5:00 A.M. UTC</p></div>","[{'system': 'http://terminology.hl7.org/CodeSystem/allergyintolerance-clinical', 'code': 'active', 'display': 'Active'}]",Active,"[{'system': 'http://terminology.hl7.org/CodeSystem/allergyintolerance-verification', 'code': 'confirmed', 'display': 'Confirmed'}]",Active,aspirin,Patient/12742399,"SMART II, SANDY",Practitioner/1,"SYSTEM, SYSTEM Cerner",,,2019-09-11T05:00:00Z,,"[{'system': 'http://www.nlm.nih.gov/research/umls/rxnorm', 'code': '1191', 'display': 'Aspirin'}]",,"[{'valueCodeableConcept': {'coding': [{'system': 'https://fhir.cerner.com/ec2458f2-1e24-41c8-b71b-0e701af7583d/codeSet/25320', 'code': '639010', 'display': 'About', 'userSelected': True}], 'text': 'About'}, 'url': 'https://fhir-ehr.cerner.com/r4/StructureDefinition/precision'}]",,
AllergyIntolerance,12781389,['medication'],unable-to-assess,2021-10-25T11:25:56Z,,12781389,2021-10-25T11:25:56Z,generated,"<div xmlns=""http://www.w3.org/1999/xhtml""><p><b>Allergy Intolerance</b></p><p><b>Patient</b>: SMART II, SANDY</p><p><b>Allergy</b>: Minoxidil allergy (disorder)</p><p><b>Verification Status</b>: Unconfirmed</p><p><b>Clinical Status</b>: Active</p><p><b>Criticality</b>: Unable to Assess Risk</p><p><b>Category</b>: Medication</p><p><b>Onset</b>: Oct 25, 2021 12:00 A.M. UTC</p></div>","[{'system': 'http://terminology.hl7.org/CodeSystem/allergyintolerance-clinical', 'code': 'active', 'display': 'Active'}]",Proposed,"[{'system': 'http://terminology.hl7.org/CodeSystem/allergyintolerance-verification', 'code': 'unconfirmed', 'display': 'Unconfirmed'}]",Proposed,Allergy to minoxidil,Patient/12742399,"SMART II, SANDY",Practitioner/12742069,"Portal, Portal",,,2021-10-25T00:00:00Z,,"[{'system': 'http://snomed.info/sct', 'code': '295071000', 'display': 'Minoxidil allergy (disorder)'}]",,"[{'valueCodeableConcept': {'coding': [{'system': 'https://fhir.cerner.com/ec2458f2-1e24-41c8-b71b-0e701af7583d/codeSet/25320', 'code': '639010', 'display': 'About', 'userSelected': True}], 'text': 'About'}, 'url': 'https://fhir-ehr.cerner.com/r4/StructureDefinition/precision'}]",,
AllergyIntolerance,12866809,,unable-to-assess,2023-12-08T11:59:18Z,,12866809,2023-12-08T11:59:18Z,generated,"<div xmlns=""http://www.w3.org/1999/xhtml""><p><b>Allergy Intolerance</b></p><p><b>Patient</b>: SMART II, SANDY</p><p><b>Allergy</b>: Acset allergy (disorder)</p><p><b>Verification Status</b>: Unconfirmed</p><p><b>Clinical Status</b>: Active</p><p><b>Criticality</b>: Unable to Assess Risk</p><p><b>Onset</b>: Dec  8, 2023 12:00 A.M. UTC</p></div>","[{'system': 'http://terminology.hl7.org/CodeSystem/allergyintolerance-clinical', 'code': 'active', 'display': 'Active'}]",Proposed,"[{'system': 'http://terminology.hl7.org/CodeSystem/allergyintolerance-verification', 'code': 'unconfirmed', 'display': 'Unconfirmed'}]",Proposed,Acset allergy,Patient/12742399,"SMART II, SANDY",Practitioner/12742069,"Portal, Portal",,,2023-12-08T00:00:00Z,,"[{'system': 'http://snomed.info/sct', 'code': '294861006', 'display': 'Acset allergy (disorder)'}]",,"[{'valueCodeableConcept': {'coding': [{'system': 'https://fhir.cerner.com/ec2458f2-1e24-41c8-b71b-0e701af7583d/codeSet/25320', 'code': '639010', 'display': 'About', 'userSelected': True}], 'text': 'About'}, 'url': 'https://fhir-ehr.cerner.com/r4/StructureDefinition/precision'}]",,
AllergyIntolerance,12760013,['food'],high,2020-03-04T20:15:08Z,"[{'id': '12760015', 'manifestation': [{'coding': [{'system': 'http://snomed.info/sct', 'code': '247472004', 'display': 'Weal (disorder)'}], 'text': 'Hives'}]}]",12775669,2021-08-26T10:30:01Z,generated,"<div xmlns=""http://www.w3.org/1999/xhtml""><p><b>Allergy Intolerance</b></p><p><b>Patient</b>: SMART II, SANDY</p><p><b>Allergy</b>: Nut (substance)</p><p><b>Verification Status</b>: Unconfirmed</p><p><b>Clinical Status</b>: Active</p><p><b>Criticality</b>: High Risk</p><p><b>Category</b>: Food</p><p><b>Reactions</b>: Hives</p></div>","[{'system': 'http://terminology.hl7.org/CodeSystem/allergyintolerance-clinical', 'code': 'active', 'display': 'Active'}]",Proposed,"[{'system': 'http://terminology.hl7.org/CodeSystem/allergyintolerance-verification', 'code': 'unconfirmed', 'display': 'Unconfirmed'}]",Proposed,Nuts,Patient/12742399,"SMART II, SANDY",Practitioner/12724045,"Graham, Joshua",,allergy,,,"[{'system': 'http://snomed.info/sct', 'code': '13577000', 'display': 'Nut (substance)'}]",,,,
AllergyIntolerance,12832609,,low,2023-04-06T06:52:09Z,"[{'id': '12832611', 'manifestation': [{'coding': [{'system': 'http://snomed.info/sct', 'code': '414322003', 'display': 'Genus Blastobacter (organism)'}], 'text': 'Blastobacter'}], 'severity': 'mild'}]",12832609,2023-04-06T06:52:09Z,generated,"<div xmlns=""http://www.w3.org/1999/xhtml""><p><b>Allergy Intolerance</b></p><p><b>Patient</b>: SMART II, SANDY</p><p><b>Allergy</b>: Hemoglobin Okaloosa (substance)</p><p><b>Verification Status</b>: Confirmed</p><p><b>Clinical Status</b>: Active</p><p><b>Criticality</b>: Low Risk</p><p><b>Reactions</b>: Blastobacter</p><p><b>Onset</b>: Apr  6, 2023  4:57 A.M. UTC</p><p><b>Note</b>: Excepteur incididunt aute est Lorem mollit aute Lorem elit. - 2023-04-06T06:52:09Z - SYSTEM, SYSTEM Cerner</p></div>","[{'system': 'http://terminology.hl7.org/CodeSystem/allergyintolerance-clinical', 'code': 'active', 'display': 'Active'}]",Active,"[{'system': 'http://terminology.hl7.org/CodeSystem/allergyintolerance-verification', 'code': 'confirmed', 'display': 'Confirmed'}]",Active,Hemoglobin Okaloosa,Patient/12742399,"SMART II, SANDY",Practitioner/1,"SYSTEM, SYSTEM Cerner",,allergy,2023-04-06T04:57:28Z,"[{'id': '12832613', 'authorReference': {'reference': 'Practitioner/1', 'display': 'SYSTEM, SYSTEM Cerner'}, 'time': '2023-04-06T06:52:09Z', 'text': 'Excepteur incididunt aute est Lorem mollit aute Lorem elit.'}]","[{'system': 'http://snomed.info/sct', 'code': '102002', 'display': 'Hemoglobin Okaloosa (substance)'}]",,"[{'valueCodeableConcept': {'coding': [{'system': 'https://fhir.cerner.com/ec2458f2-1e24-41c8-b71b-0e701af7583d/codeSet/25320', 'code': '639010', 'display': 'About', 'userSelected': True}], 'text': 'About'}, 'url': 'https://fhir-ehr.cerner.com/r4/StructureDefinition/precision'}]",,
AllergyIntolerance,12909615,['food'],high,2024-09-27T07:26:30Z,,12909615,2024-09-27T07:26:30Z,generated,"<div xmlns=""http://www.w3.org/1999/xhtml""><p><b>Allergy Intolerance</b></p><p><b>Patient</b>: SMART II, SANDY</p><p><b>Allergy</b>: Amphetamine</p><p><b>Verification Status</b>: Confirmed</p><p><b>Clinical Status</b>: Active</p><p><b>Criticality</b>: High Risk</p><p><b>Category</b>: Food</p><p><b>Onset</b>: Sep 11, 2021  5:00 A.M. UTC</p></div>","[{'system': 'http://terminology.hl7.org/CodeSystem/allergyintolerance-clinical', 'code': 'active', 'display': 'Active'}]",Active,"[{'system': 'http://terminology.hl7.org/CodeSystem/allergyintolerance-verification', 'code': 'confirmed', 'display': 'Confirmed'}]",Active,amphetamine,Patient/12742399,"SMART II, SANDY",Practitioner/1,"SYSTEM, SYSTEM Cerner","[{'resourceType': 'RelatedPerson', 'id': '18492327', 'patient': {'reference': 'Patient/12742399', 'display': 'SMART II, SANDY'}, 'relationship': [{'coding': [{'system': 'http://terminology.hl7.org/CodeSystem/v3-RoleCode', 'code': 'PRN', 'display': 'parent'}, {'system': 'http://snomed.info/sct', 'code': '40683002', 'display': 'Parent (person)'}], 'text': 'parent'}]}]",allergy,2021-09-11T05:00:00Z,,"[{'system': 'http://www.nlm.nih.gov/research/umls/rxnorm', 'code': '725', 'display': 'Amphetamine'}]",Encounter/97953522,"[{'valueCodeableConcept': {'coding': [{'system': 'https://fhir.cerner.com/ec2458f2-1e24-41c8-b71b-0e701af7583d/codeSet/25320', 'code': '639010', 'display': 'About', 'userSelected': True}], 'text': 'About'}, 'url': 'https://fhir-ehr.cerner.com/r4/StructureDefinition/precision'}]",#18492327,
AllergyIntolerance,12801401,['food'],,2022-04-05T07:47:28Z,,12801401,2022-04-05T07:47:28Z,generated,"<div xmlns=""http://www.w3.org/1999/xhtml""><p><b>Allergy Intolerance</b></p><p><b>Patient</b>: SMART II, SANDY</p><p><b>Allergy</b>: Eggs (edible) (substance)</p><p><b>Verification Status</b>: Unconfirmed</p><p><b>Clinical Status</b>: Active</p><p><b>Category</b>: Food</p><p><b>Note</b>: Updated with additional details provided by patient. - 2022-04-05T07:47:28Z - SYSTEM, SYSTEM Cerner</p></div>","[{'system': 'http://terminology.hl7.org/CodeSystem/allergyintolerance-clinical', 'code': 'active', 'display': 'Active'}]",Proposed,"[{'system': 'http://terminology.hl7.org/CodeSystem/allergyintolerance-verification', 'code': 'unconfirmed', 'display': 'Unconfirmed'}]",Proposed,Eggs (edible),Patient/12742399,"SMART II, SANDY",Practitioner/1,"SYSTEM, SYSTEM Cerner",,,,"[{'id': '12801403', 'authorReference': {'reference': 'Practitioner/1', 'display': 'SYSTEM, SYSTEM Cerner'}, 'time': '2022-04-05T07:47:28Z', 'text': 'Updated with additional details provided by patient.'}]","[{'system': 'http://snomed.info/sct', 'code': '102263004', 'display': 'Eggs (edible) (substance)'}]",,,,
AllergyIntolerance,12866845,['medication'],unable-to-assess,2023-12-08T11:59:30Z,,12866845,2023-12-08T11:59:30Z,generated,"<div xmlns=""http://www.w3.org/1999/xhtml""><p><b>Allergy Intolerance</b></p><p><b>Patient</b>: SMART II, SANDY</p><p><b>Allergy</b>: Alcohol metabolism modifier allergy (disorder)</p><p><b>Verification Status</b>: Unconfirmed</p><p><b>Clinical Status</b>: Active</p><p><b>Criticality</b>: Unable to Assess Risk</p><p><b>Category</b>: Medication</p><p><b>Onset</b>: Dec  8, 2023 12:00 A.M. UTC</p></div>","[{'system': 'http://terminology.hl7.org/CodeSystem/allergyintolerance-clinical', 'code': 'active', 'display': 'Active'}]",Proposed,"[{'system': 'http://terminology.hl7.org/CodeSystem/allergyintolerance-verification', 'code': 'unconfirmed', 'display': 'Unconfirmed'}]",Proposed,Allergy to alcohol metabolism modifier,Patient/12742399,"SMART II, SANDY",Practitioner/12742069,"Portal, Portal",,,2023-12-08T00:00:00Z,,"[{'system': 'http://snomed.info/sct', 'code': '293959006', 'display': 'Alcohol metabolism modifier allergy (disorder)'}]",,"[{'valueCodeableConcept': {'coding': [{'system': 'https://fhir.cerner.com/ec2458f2-1e24-41c8-b71b-0e701af7583d/codeSet/25320', 'code': '639010', 'display': 'About', 'userSelected': True}], 'text': 'About'}, 'url': 'https://fhir-ehr.cerner.com/r4/StructureDefinition/precision'}]",,
AllergyIntolerance,12866897,['medication'],unable-to-assess,2023-12-08T11:59:52Z,,12866897,2023-12-08T11:59:52Z,generated,"<div xmlns=""http://www.w3.org/1999/xhtml""><p><b>Allergy Intolerance</b></p><p><b>Patient</b>: SMART II, SANDY</p><p><b>Allergy</b>: 5-aminosalicylic acid allergy (disorder)</p><p><b>Verification Status</b>: Unconfirmed</p><p><b>Clinical Status</b>: Active</p><p><b>Criticality</b>: Unable to Assess Risk</p><p><b>Category</b>: Medication</p><p><b>Onset</b>: Dec  8, 2023 12:00 A.M. UTC</p></div>","[{'system': 'http://terminology.hl7.org/CodeSystem/allergyintolerance-clinical', 'code': 'active', 'display': 'Active'}]",Proposed,"[{'system': 'http://terminology.hl7.org/CodeSystem/allergyintolerance-verification', 'code': 'unconfirmed', 'display': 'Unconfirmed'}]",Proposed,Allergy to mesalamine,Patient/12742399,"SMART II, SANDY",Practitioner/12742069,"Portal, Portal",,,2023-12-08T00:00:00Z,,"[{'system': 'http://snomed.info/sct', 'code': '293660003', 'display': '5-aminosalicylic acid allergy (disorder)'}]",,"[{'valueCodeableConcept': {'coding': [{'system': 'https://fhir.cerner.com/ec2458f2-1e24-41c8-b71b-0e701af7583d/codeSet/25320', 'code': '639010', 'display': 'About', 'userSelected': True}], 'text': 'About'}, 'url': 'https://fhir-ehr.cerner.com/r4/StructureDefinition/precision'}]",,
AllergyIntolerance,12866833,,unable-to-assess,2023-12-08T11:59:27Z,,12900465,2024-09-04T16:00:54Z,generated,"<div xmlns=""http://www.w3.org/1999/xhtml""><p><b>Allergy Intolerance</b></p><p><b>Patient</b>: SMART II, SANDY</p><p><b>Allergy</b>: Acetic acid allergy (disorder)</p><p><b>Verification Status</b>: Entered in Error</p><p><b>Criticality</b>: Unable to Assess Risk</p><p><b>Onset</b>: Dec  8, 2023 12:00 A.M. UTC</p></div>",,,"[{'system': 'http://terminology.hl7.org/CodeSystem/allergyintolerance-verification', 'code': 'entered-in-error', 'display': 'Entered in Error'}]",Canceled,Allergy to acetic acid,Patient/12742399,"SMART II, SANDY",Practitioner/12742069,"Portal, Portal",,,2023-12-08T00:00:00Z,,"[{'system': 'http://snomed.info/sct', 'code': '294404005', 'display': 'Acetic acid allergy (disorder)'}]",,"[{'valueCodeableConcept': {'coding': [{'system': 'https://fhir.cerner.com/ec2458f2-1e24-41c8-b71b-0e701af7583d/codeSet/25320', 'code': '639010', 'display': 'About', 'userSelected': True}], 'text': 'About'}, 'url': 'https://fhir-ehr.cerner.com/r4/StructureDefinition/precision'}]",,
AllergyIntolerance,12768245,['medication'],low,2020-12-09T12:30:43Z,"[{'id': '12887191', 'manifestation': [{'coding': [{'system': 'http://snomed.info/sct', 'code': '271757001', 'display': 'Papular eruption (disorder)'}], 'text': 'Papular eruption'}], 'severity': 'severe'}]",12887189,2024-07-08T19:03:29Z,generated,"<div xmlns=""http://www.w3.org/1999/xhtml""><p><b>Allergy Intolerance</b></p><p><b>Patient</b>: SMART II, SANDY</p><p><b>Allergy</b>: Unknown (qualifier value)</p><p><b>Verification Status</b>: Entered in Error</p><p><b>Criticality</b>: Low Risk</p><p><b>Category</b>: Medication</p><p><b>Reactions</b>: Papular eruption</p><p><b>Note</b>: Updated with additional details provided by patient. - 2020-12-09T12:30:43Z - Updated with additional details provided by patient. - 2021-09-17T12:52:01Z - Portal, Portal</p></div>",,,"[{'system': 'http://terminology.hl7.org/CodeSystem/allergyintolerance-verification', 'code': 'entered-in-error', 'display': 'Entered in Error'}]",Canceled,amoxicillin,Patient/12742399,"SMART II, SANDY",Practitioner/1,"SYSTEM, SYSTEM Cerner",,allergy,,"[{'id': '12768249', 'authorReference': {'reference': 'Practitioner/12742399'}, 'time': '2020-12-09T12:30:43Z', 'text': 'Updated with additional details provided by patient.'}, {'id': '12778715', 'authorReference': {'reference': 'Practitioner/12742069', 'display': 'Portal, Portal'}, 'time': '2021-09-17T12:52:01Z', 'text': 'Updated with additional details provided by patient.'}]","[{'system': 'http://snomed.info/sct', 'code': '261665006', 'display': 'Unknown (qualifier value)'}]",Encounter/97998276,,,
AllergyIntolerance,12780991,['medication'],unable-to-assess,2021-10-18T16:49:06Z,,12837683,2023-05-19T12:41:00Z,generated,"<div xmlns=""http://www.w3.org/1999/xhtml""><p><b>Allergy Intolerance</b></p><p><b>Patient</b>: SMART II, SANDY</p><p><b>Allergy</b>: Bumetanide allergy (disorder)</p><p><b>Verification Status</b>: Unconfirmed</p><p><b>Clinical Status</b>: Active</p><p><b>Criticality</b>: Unable to Assess Risk</p><p><b>Category</b>: Medication</p><p><b>Onset</b>: Oct 18, 2021 12:00 A.M. UTC</p></div>","[{'system': 'http://terminology.hl7.org/CodeSystem/allergyintolerance-clinical', 'code': 'active', 'display': 'Active'}]",Proposed,"[{'system': 'http://terminology.hl7.org/CodeSystem/allergyintolerance-verification', 'code': 'unconfirmed', 'display': 'Unconfirmed'}]",Proposed,Allergy to bumetanide,Patient/12742399,"SMART II, SANDY",Practitioner/12742069,"Portal, Portal",,,2021-10-18T00:00:00Z,,"[{'system': 'http://snomed.info/sct', 'code': '295001004', 'display': 'Bumetanide allergy (disorder)'}]",,"[{'valueCodeableConcept': {'coding': [{'system': 'https://fhir.cerner.com/ec2458f2-1e24-41c8-b71b-0e701af7583d/codeSet/25320', 'code': '639010', 'display': 'About', 'userSelected': True}], 'text': 'About'}, 'url': 'https://fhir-ehr.cerner.com/r4/StructureDefinition/precision'}]",,
AllergyIntolerance,14416267,['medication'],high,2025-03-26T01:01:14Z,"[{'id': '14416269', 'manifestation': [{'coding': [{'system': 'http://snomed.info/sct', 'code': '271757001', 'display': 'Papular eruption (disorder)'}], 'text': 'Papular eruption'}], 'severity': 'severe'}]",14416267,2025-03-26T01:01:14Z,generated,"<div xmlns=""http://www.w3.org/1999/xhtml""><p><b>Allergy Intolerance</b></p><p><b>Patient</b>: SMART II, SANDY</p><p><b>Allergy</b>: SARS-CoV-2 (COVID-19) vaccine, mRNA spike protein</p><p><b>Verification Status</b>: Confirmed</p><p><b>Clinical Status</b>: Active</p><p><b>Criticality</b>: High Risk</p><p><b>Category</b>: Medication</p><p><b>Reactions</b>: Papular eruption</p><p><b>Onset</b>: Sep 11, 2019  5:00 A.M. UTC</p><p><b>Note</b>: Updated with additional details provided by patient. - 2025-03-26T01:01:15Z</p></div>","[{'system': 'http://terminology.hl7.org/CodeSystem/allergyintolerance-clinical', 'code': 'active', 'display': 'Active'}]",Active,"[{'system': 'http://terminology.hl7.org/CodeSystem/allergyintolerance-verification', 'code': 'confirmed', 'display': 'Confirmed'}]",Active,SARS-CoV-2 (COVID-19) mRNA-1273 (6m-5y bivalent booster) vac,Patient/12742399,"SMART II, SANDY",Practitioner/1,"SYSTEM, SYSTEM Cerner","[{'resourceType': 'PractitionerRole', 'id': '638995', 'code': [{'coding': [{'system': 'http://snomed.info/sct', 'code': '106292003', 'display': 'Professional nurse (occupation)'}], 'text': 'Professional nurse (occupation)'}]}]",allergy,2019-09-11T05:00:00Z,"[{'id': '14416271', 'authorReference': {'reference': 'Practitioner/12742399'}, 'time': '2025-03-26T01:01:15Z', 'text': 'Updated with additional details provided by patient.'}]","[{'system': 'http://www.nlm.nih.gov/research/umls/rxnorm', 'code': '2468231', 'display': 'SARS-CoV-2 (COVID-19) vaccine, mRNA spike protein'}]",Encounter/97953523,,#638995,
AllergyIntolerance,12900455,,,2024-09-04T16:00:53Z,,12900455,2024-09-04T16:00:53Z,generated,"<div xmlns=""http://www.w3.org/1999/xhtml""><p><b>Allergy Intolerance</b></p><p><b>Patient</b>: SMART II, SANDY</p><p><b>Allergy</b>: Bexxar 131 Iodine</p><p><b>Verification Status</b>: Confirmed</p><p><b>Clinical Status</b>: Active</p></div>","[{'system': 'http://terminology.hl7.org/CodeSystem/allergyintolerance-clinical', 'code': 'active', 'display': 'Active'}]",Active,"[{'system': 'http://terminology.hl7.org/CodeSystem/allergyintolerance-verification', 'code': 'confirmed', 'display': 'Confirmed'}]",Active,Bexxar 131 Iodine,Patient/12742399,"SMART II, SANDY",Practitioner/1,"SYSTEM, SYSTEM Cerner",,,,,,,,,
AllergyIntolerance,12781477,['medication'],unable-to-assess,2021-10-27T14:26:57Z,,12781477,2021-10-27T14:26:57Z,generated,"<div xmlns=""http://www.w3.org/1999/xhtml""><p><b>Allergy Intolerance</b></p><p><b>Patient</b>: SMART II, SANDY</p><p><b>Allergy</b>: Torasemide allergy (disorder)</p><p><b>Verification Status</b>: Unconfirmed</p><p><b>Clinical Status</b>: Active</p><p><b>Criticality</b>: Unable to Assess Risk</p><p><b>Category</b>: Medication</p><p><b>Onset</b>: Oct 27, 2021 12:00 A.M. UTC</p></div>","[{'system': 'http://terminology.hl7.org/CodeSystem/allergyintolerance-clinical', 'code': 'active', 'display': 'Active'}]",Proposed,"[{'system': 'http://terminology.hl7.org/CodeSystem/allergyintolerance-verification', 'code': 'unconfirmed', 'display': 'Unconfirmed'}]",Proposed,Allergy to torsemide,Patient/12742399,"SMART II, SANDY",Practitioner/12742069,"Portal, Portal",,,2021-10-27T00:00:00Z,,"[{'system': 'http://snomed.info/sct', 'code': '295004007', 'display': 'Torasemide allergy (disorder)'}]",,"[{'valueCodeableConcept': {'coding': [{'system': 'https://fhir.cerner.com/ec2458f2-1e24-41c8-b71b-0e701af7583d/codeSet/25320', 'code': '639010', 'display': 'About', 'userSelected': True}], 'text': 'About'}, 'url': 'https://fhir-ehr.cerner.com/r4/StructureDefinition/precision'}]",,
AllergyIntolerance,15206651,['food'],,2026-07-13T12:14:11Z,,15206651,2026-07-13T12:14:11Z,generated,"<div xmlns=""http://www.w3.org/1999/xhtml""><p><b>Allergy Intolerance</b></p><p><b>Patient</b>: SMART Jr, FRED RICK</p><p><b>Allergy</b>: Eggs (edible) (substance)</p><p><b>Verification Status</b>: Unconfirmed</p><p><b>Clinical Status</b>: Active</p><p><b>Category</b>: Food</p><p><b>Note</b>: Created from Python FHIR sandbox API test. - 2026-07-13T12:14:11Z - SYSTEM, SYSTEM Cerner</p></div>","[{'system': 'http://terminology.hl7.org/CodeSystem/allergyintolerance-clinical', 'code': 'active', 'display': 'Active'}]",Proposed,"[{'system': 'http://terminology.hl7.org/CodeSystem/allergyintolerance-verification', 'code': 'unconfirmed', 'display': 'Unconfirmed'}]",Proposed,Egg,Patient/12743120,"SMART Jr, FRED RICK",Practitioner/1,"SYSTEM, SYSTEM Cerner",,,,"[{'id': '15206653', 'authorReference': {'reference': 'Practitioner/1', 'display': 'SYSTEM, SYSTEM Cerner'}, 'time': '2026-07-13T12:14:11Z', 'text': 'Created from Python FHIR sandbox API test.'}]","[{'system': 'http://snomed.info/sct', 'code': '102263004', 'display': 'Eggs (edible) (substance)'}]",,,,
AllergyIntolerance,15210741,['medication'],high,2026-07-24T07:43:42Z,"[{'id': '15210743', 'manifestation': [{'coding': [{'system': 'http://snomed.info/sct', 'code': '271757001', 'display': 'Papular eruption (disorder)'}], 'text': 'Papular eruption'}], 'severity': 'severe'}]",15210741,2026-07-24T07:43:42Z,generated,"<div xmlns=""http://www.w3.org/1999/xhtml""><p><b>Allergy Intolerance</b></p><p><b>Patient</b>: SMART Jr, FRED RICK</p><p><b>Allergy</b>: Unknown (qualifier value)</p><p><b>Verification Status</b>: Confirmed</p><p><b>Clinical Status</b>: Active</p><p><b>Criticality</b>: High Risk</p><p><b>Category</b>: Medication</p><p><b>Reactions</b>: Papular eruption</p><p><b>Onset</b>: Sep 11, 2019  5:00 A.M. UTC</p><p><b>Note</b>: Updated with additional details provided by patient. - 2026-07-24T07:43:42Z - Cerner Test, Physician - Women&#39;s Health Cerner</p></div>","[{'system': 'http://terminology.hl7.org/CodeSystem/allergyintolerance-clinical', 'code': 'active', 'display': 'Active'}]",Active,"[{'system': 'http://terminology.hl7.org/CodeSystem/allergyintolerance-verification', 'code': 'confirmed', 'display': 'Confirmed'}]",Active,amoxicillin,Patient/12743120,"SMART Jr, FRED RICK",Practitioner/12742069,"Portal, Portal","[{'resourceType': 'PractitionerRole', 'id': '638995', 'code': [{'coding': [{'system': 'http://snomed.info/sct', 'code': '106292003', 'display': 'Professional nurse (occupation)'}], 'text': 'Professional nurse (occupation)'}]}]",allergy,2019-09-11T05:00:00Z,"[{'id': '15210745', 'authorReference': {'reference': 'Practitioner/4122630', 'display': ""Cerner Test, Physician - Women's Health Cerner""}, 'time': '2026-07-24T07:43:42Z', 'text': 'Updated with additional details provided by patient.'}]","[{'system': 'http://snomed.info/sct', 'code': '261665006', 'display': 'Unknown (qualifier value)'}]",,,#638995,
AllergyIntolerance,15210749,['medication'],high,2026-07-24T07:47:34Z,"[{'id': '15210751', 'manifestation': [{'coding': [{'system': 'http://snomed.info/sct', 'code': '271757001', 'display': 'Papular eruption (disorder)'}], 'text': 'Papular eruption'}], 'severity': 'severe'}]",15210749,2026-07-24T07:47:34Z,generated,"<div xmlns=""http://www.w3.org/1999/xhtml""><p><b>Allergy Intolerance</b></p><p><b>Patient</b>: SMART Jr, FRED RICK</p><p><b>Allergy</b>: Unknown (qualifier value)</p><p><b>Verification Status</b>: Confirmed</p><p><b>Clinical Status</b>: Active</p><p><b>Criticality</b>: High Risk</p><p><b>Category</b>: Medication</p><p><b>Reactions</b>: Papular eruption</p><p><b>Onset</b>: Sep 11, 2019  5:00 A.M. UTC</p><p><b>Note</b>: Updated with additional details provided by patient. - 2026-07-24T07:47:34Z - Cerner Test, Physician - Women&#39;s Health Cerner</p></div>","[{'system': 'http://terminology.hl7.org/CodeSystem/allergyintolerance-clinical', 'code': 'active', 'display': 'Active'}]",Active,"[{'system': 'http://terminology.hl7.org/CodeSystem/allergyintolerance-verification', 'code': 'confirmed', 'display': 'Confirmed'}]",Active,amoxicillin,Patient/12743122,"SMART Jr, FRED RICK",Practitioner/12742069,"Portal, Portal","[{'resourceType': 'PractitionerRole', 'id': '638995', 'code': [{'coding': [{'system': 'http://snomed.info/sct', 'code': '106292003', 'display': 'Professional nurse (occupation)'}], 'text': 'Professional nurse (occupation)'}]}]",allergy,2019-09-11T05:00:00Z,"[{'id': '15210753', 'authorReference': {'reference': 'Practitioner/4122630', 'display': ""Cerner Test, Physician - Women's Health Cerner""}, 'time': '2026-07-24T07:47:34Z', 'text': 'Updated with additional details provided by patient.'}]","[{'system': 'http://snomed.info/sct', 'code': '261665006', 'display': 'Unknown (qualifier value)'}]",,,#638995,
