resourceType,id,extension,status,intent,category,reportedBoolean,authoredOn,dosageInstruction,meta.versionId,meta.lastUpdated,text.status,text.div,medicationCodeableConcept.coding,medicationCodeableConcept.text,subject.reference,subject.display,encounter.reference,requester.extension,courseOfTherapyType.coding,courseOfTherapyType.text,dispenseRequest.extension,dispenseRequest.validityPeriod.start,dispenseRequest.numberOfRepeatsAllowed,note,requester.reference,requester.display,dispenseRequest.quantity.value,dispenseRequest.quantity.unit,dispenseRequest.quantity.system,dispenseRequest.quantity.code,substitution.allowedBoolean
MedicationRequest,500638613,"[{'valueCodeableConcept': {'text': 'Does not need pharmacy verification'}, 'url': 'https://fhir-ehr.cerner.com/r4/StructureDefinition/pharmacy-verification-status'}, {'valueCoding': {'system': 'http://electronichealth.se/fhir/ValueSet/prescription-format', 'code': 'ELECTRONIC', 'display': 'Electronic'}, 'url': 'http://electronichealth.se/fhir/StructureDefinition/NLLPrescriptionFormat'}, {'valueCoding': {'system': 'http://ehalsomyndigheten.se/fhir/ValueSet/registration-basis-codes', 'code': 'ELECTRONIC', 'display': 'Electronic'}, 'url': 'http://electronichealth.se/fhir/StructureDefinition/NLLRegistrationBasis'}]",active,plan,"[{'coding': [{'system': 'http://terminology.hl7.org/CodeSystem/medicationrequest-category', 'code': 'community', 'display': 'Community', 'userSelected': False}]}, {'coding': [{'system': 'http://terminology.hl7.org/CodeSystem/medication-statement-category', 'code': 'patientspecified', 'display': 'Patient Specified', 'userSelected': False}]}]",True,2026-07-24T13:39:13Z,"[{'extension': [{'valueString': '0 Refill(s)', 'url': 'https://fhir-ehr.cerner.com/r4/StructureDefinition/clinical-instruction'}], 'text': '0 Refill(s)', 'timing': {'repeat': {'boundsPeriod': {'start': '2026-07-24T13:39:00Z'}}}, 'asNeededBoolean': False}]",0,2026-07-24T13:39:14Z,generated,"<div xmlns=""http://www.w3.org/1999/xhtml""><p><b>Medication Request</b></p><p><b>Status</b>: Active</p><p><b>Intent</b>: Plan</p><p><b>Medication</b>: amLODIPine (amLODIPine 5 mg oral tablet)</p><p><b>Dosage Instructions</b>: 0 Refill(s)</p><p><b>Patient</b>: SMART II, SANDY</p><p><b>Authored On</b>: Jul 24, 2026  1:39 P.M. UTC</p></div>","[{'system': 'http://www.nlm.nih.gov/research/umls/rxnorm', 'code': '197361', 'display': 'Amlodipine 5 MG Oral Tablet', 'userSelected': False}, {'system': 'https://fhir.cerner.com/ec2458f2-1e24-41c8-b71b-0e701af7583d/synonym', 'code': '2749071', 'display': 'amLODIPine 5 mg oral tablet', 'userSelected': True}]",amLODIPine (amLODIPine 5 mg oral tablet),Patient/12742399,"SMART II, SANDY",Encounter/100443463,"[{'valueCode': 'unknown', 'url': 'http://hl7.org/fhir/StructureDefinition/data-absent-reason'}]","[{'system': 'https://fhir.cerner.com/ec2458f2-1e24-41c8-b71b-0e701af7583d/codeSet/4009', 'code': '2338', 'display': 'Soft Stop', 'userSelected': True}, {'system': 'http://terminology.hl7.org/CodeSystem/medicationrequest-course-of-therapy', 'code': 'continuous', 'display': 'Continuous long term therapy', 'userSelected': False}]",Soft Stop,"[{'valueBoolean': False, 'url': 'http://electronichealth.se/fhir/StructureDefinition/NLLDosePackaging'}]",2026-07-24T13:39:13Z,0.0,,,,,,,,
MedicationRequest,500638621,"[{'valueCodeableConcept': {'text': 'Does not need pharmacy verification'}, 'url': 'https://fhir-ehr.cerner.com/r4/StructureDefinition/pharmacy-verification-status'}, {'valueCoding': {'system': 'http://electronichealth.se/fhir/ValueSet/prescription-format', 'code': 'ELECTRONIC', 'display': 'Electronic'}, 'url': 'http://electronichealth.se/fhir/StructureDefinition/NLLPrescriptionFormat'}, {'valueCoding': {'system': 'http://ehalsomyndigheten.se/fhir/ValueSet/registration-basis-codes', 'code': 'ELECTRONIC', 'display': 'Electronic'}, 'url': 'http://electronichealth.se/fhir/StructureDefinition/NLLRegistrationBasis'}]",active,plan,"[{'coding': [{'system': 'http://terminology.hl7.org/CodeSystem/medicationrequest-category', 'code': 'community', 'display': 'Community', 'userSelected': False}]}, {'coding': [{'system': 'http://terminology.hl7.org/CodeSystem/medication-statement-category', 'code': 'patientspecified', 'display': 'Patient Specified', 'userSelected': False}]}]",True,2026-07-24T13:40:37Z,"[{'extension': [{'valueString': '0 Refill(s)', 'url': 'https://fhir-ehr.cerner.com/r4/StructureDefinition/clinical-instruction'}], 'text': '0 Refill(s)', 'timing': {'repeat': {'boundsPeriod': {'start': '2026-07-24T13:40:00Z'}}}, 'asNeededBoolean': False}]",0,2026-07-24T13:40:37Z,generated,"<div xmlns=""http://www.w3.org/1999/xhtml""><p><b>Medication Request</b></p><p><b>Status</b>: Active</p><p><b>Intent</b>: Plan</p><p><b>Medication</b>: amLODIPine (amLODIPine 5 mg oral tablet)</p><p><b>Dosage Instructions</b>: 0 Refill(s)</p><p><b>Patient</b>: SMART II, SANDY</p><p><b>Authored On</b>: Jul 24, 2026  1:40 P.M. UTC</p></div>","[{'system': 'http://www.nlm.nih.gov/research/umls/rxnorm', 'code': '197361', 'display': 'Amlodipine 5 MG Oral Tablet', 'userSelected': False}, {'system': 'https://fhir.cerner.com/ec2458f2-1e24-41c8-b71b-0e701af7583d/synonym', 'code': '2749071', 'display': 'amLODIPine 5 mg oral tablet', 'userSelected': True}]",amLODIPine (amLODIPine 5 mg oral tablet),Patient/12742399,"SMART II, SANDY",Encounter/100443463,"[{'valueCode': 'unknown', 'url': 'http://hl7.org/fhir/StructureDefinition/data-absent-reason'}]","[{'system': 'https://fhir.cerner.com/ec2458f2-1e24-41c8-b71b-0e701af7583d/codeSet/4009', 'code': '2338', 'display': 'Soft Stop', 'userSelected': True}, {'system': 'http://terminology.hl7.org/CodeSystem/medicationrequest-course-of-therapy', 'code': 'continuous', 'display': 'Continuous long term therapy', 'userSelected': False}]",Soft Stop,"[{'valueBoolean': False, 'url': 'http://electronichealth.se/fhir/StructureDefinition/NLLDosePackaging'}]",2026-07-24T13:40:37Z,0.0,,,,,,,,
MedicationRequest,500913571,"[{'valueCodeableConcept': {'text': 'Does not need pharmacy verification'}, 'url': 'https://fhir-ehr.cerner.com/r4/StructureDefinition/pharmacy-verification-status'}, {'valueCoding': {'system': 'http://electronichealth.se/fhir/ValueSet/prescription-format', 'code': 'ELECTRONIC', 'display': 'Electronic'}, 'url': 'http://electronichealth.se/fhir/StructureDefinition/NLLPrescriptionFormat'}, {'valueCoding': {'system': 'http://ehalsomyndigheten.se/fhir/ValueSet/registration-basis-codes', 'code': 'ELECTRONIC', 'display': 'Electronic'}, 'url': 'http://electronichealth.se/fhir/StructureDefinition/NLLRegistrationBasis'}]",active,plan,"[{'coding': [{'system': 'http://terminology.hl7.org/CodeSystem/medicationrequest-category', 'code': 'community', 'display': 'Community', 'userSelected': False}]}, {'coding': [{'system': 'http://terminology.hl7.org/CodeSystem/medication-statement-category', 'code': 'patientspecified', 'display': 'Patient Specified', 'userSelected': False}]}]",True,2026-07-27T09:49:45Z,"[{'extension': [{'valueString': '0 Refill(s)', 'url': 'https://fhir-ehr.cerner.com/r4/StructureDefinition/clinical-instruction'}], 'text': '0 Refill(s)', 'timing': {'repeat': {'boundsPeriod': {'start': '2026-07-27T09:49:00Z'}}}, 'asNeededBoolean': False}]",0,2026-07-27T09:49:46Z,generated,"<div xmlns=""http://www.w3.org/1999/xhtml""><p><b>Medication Request</b></p><p><b>Status</b>: Active</p><p><b>Intent</b>: Plan</p><p><b>Medication</b>: amLODIPine (amLODIPine 5 mg oral tablet)</p><p><b>Dosage Instructions</b>: 0 Refill(s)</p><p><b>Patient</b>: SMART II, SANDY</p><p><b>Authored On</b>: Jul 27, 2026  9:49 A.M. UTC</p></div>","[{'system': 'http://www.nlm.nih.gov/research/umls/rxnorm', 'code': '197361', 'display': 'Amlodipine 5 MG Oral Tablet', 'userSelected': False}, {'system': 'https://fhir.cerner.com/ec2458f2-1e24-41c8-b71b-0e701af7583d/synonym', 'code': '2749071', 'display': 'amLODIPine 5 mg oral tablet', 'userSelected': True}]",amLODIPine (amLODIPine 5 mg oral tablet),Patient/12742399,"SMART II, SANDY",Encounter/100443463,"[{'valueCode': 'unknown', 'url': 'http://hl7.org/fhir/StructureDefinition/data-absent-reason'}]","[{'system': 'https://fhir.cerner.com/ec2458f2-1e24-41c8-b71b-0e701af7583d/codeSet/4009', 'code': '2338', 'display': 'Soft Stop', 'userSelected': True}, {'system': 'http://terminology.hl7.org/CodeSystem/medicationrequest-course-of-therapy', 'code': 'continuous', 'display': 'Continuous long term therapy', 'userSelected': False}]",Soft Stop,"[{'valueBoolean': False, 'url': 'http://electronichealth.se/fhir/StructureDefinition/NLLDosePackaging'}]",2026-07-27T09:49:45Z,0.0,,,,,,,,
MedicationRequest,500913579,"[{'valueCodeableConcept': {'text': 'Does not need pharmacy verification'}, 'url': 'https://fhir-ehr.cerner.com/r4/StructureDefinition/pharmacy-verification-status'}, {'valueCoding': {'system': 'http://electronichealth.se/fhir/ValueSet/prescription-format', 'code': 'ELECTRONIC', 'display': 'Electronic'}, 'url': 'http://electronichealth.se/fhir/StructureDefinition/NLLPrescriptionFormat'}, {'valueCoding': {'system': 'http://ehalsomyndigheten.se/fhir/ValueSet/registration-basis-codes', 'code': 'ELECTRONIC', 'display': 'Electronic'}, 'url': 'http://electronichealth.se/fhir/StructureDefinition/NLLRegistrationBasis'}]",active,plan,"[{'coding': [{'system': 'http://terminology.hl7.org/CodeSystem/medicationrequest-category', 'code': 'community', 'display': 'Community', 'userSelected': False}]}, {'coding': [{'system': 'http://terminology.hl7.org/CodeSystem/medication-statement-category', 'code': 'patientspecified', 'display': 'Patient Specified', 'userSelected': False}]}]",True,2026-07-27T09:51:34Z,"[{'extension': [{'valueString': '0 Refill(s)', 'url': 'https://fhir-ehr.cerner.com/r4/StructureDefinition/clinical-instruction'}], 'text': '0 Refill(s)', 'timing': {'repeat': {'boundsPeriod': {'start': '2026-07-27T09:51:00Z'}}}, 'asNeededBoolean': False}]",0,2026-07-27T09:51:35Z,generated,"<div xmlns=""http://www.w3.org/1999/xhtml""><p><b>Medication Request</b></p><p><b>Status</b>: Active</p><p><b>Intent</b>: Plan</p><p><b>Medication</b>: amLODIPine (amLODIPine 5 mg oral tablet)</p><p><b>Dosage Instructions</b>: 0 Refill(s)</p><p><b>Patient</b>: SMART II, SANDY</p><p><b>Authored On</b>: Jul 27, 2026  9:51 A.M. UTC</p></div>","[{'system': 'http://www.nlm.nih.gov/research/umls/rxnorm', 'code': '197361', 'display': 'Amlodipine 5 MG Oral Tablet', 'userSelected': False}, {'system': 'https://fhir.cerner.com/ec2458f2-1e24-41c8-b71b-0e701af7583d/synonym', 'code': '2749071', 'display': 'amLODIPine 5 mg oral tablet', 'userSelected': True}]",amLODIPine (amLODIPine 5 mg oral tablet),Patient/12742399,"SMART II, SANDY",Encounter/100443463,"[{'valueCode': 'unknown', 'url': 'http://hl7.org/fhir/StructureDefinition/data-absent-reason'}]","[{'system': 'https://fhir.cerner.com/ec2458f2-1e24-41c8-b71b-0e701af7583d/codeSet/4009', 'code': '2338', 'display': 'Soft Stop', 'userSelected': True}, {'system': 'http://terminology.hl7.org/CodeSystem/medicationrequest-course-of-therapy', 'code': 'continuous', 'display': 'Continuous long term therapy', 'userSelected': False}]",Soft Stop,"[{'valueBoolean': False, 'url': 'http://electronichealth.se/fhir/StructureDefinition/NLLDosePackaging'}]",2026-07-27T09:51:34Z,0.0,,,,,,,,
MedicationRequest,500913587,"[{'valueCodeableConcept': {'text': 'Does not need pharmacy verification'}, 'url': 'https://fhir-ehr.cerner.com/r4/StructureDefinition/pharmacy-verification-status'}, {'valueCoding': {'system': 'http://electronichealth.se/fhir/ValueSet/prescription-format', 'code': 'ELECTRONIC', 'display': 'Electronic'}, 'url': 'http://electronichealth.se/fhir/StructureDefinition/NLLPrescriptionFormat'}, {'valueCoding': {'system': 'http://ehalsomyndigheten.se/fhir/ValueSet/registration-basis-codes', 'code': 'ELECTRONIC', 'display': 'Electronic'}, 'url': 'http://electronichealth.se/fhir/StructureDefinition/NLLRegistrationBasis'}]",active,plan,"[{'coding': [{'system': 'http://terminology.hl7.org/CodeSystem/medicationrequest-category', 'code': 'community', 'display': 'Community', 'userSelected': False}]}, {'coding': [{'system': 'http://terminology.hl7.org/CodeSystem/medication-statement-category', 'code': 'patientspecified', 'display': 'Patient Specified', 'userSelected': False}]}]",True,2026-07-27T09:51:39Z,"[{'extension': [{'valueString': '0 Refill(s)', 'url': 'https://fhir-ehr.cerner.com/r4/StructureDefinition/clinical-instruction'}], 'text': '0 Refill(s)', 'timing': {'repeat': {'boundsPeriod': {'start': '2026-07-27T09:51:00Z'}}}, 'asNeededBoolean': False}]",0,2026-07-27T09:51:39Z,generated,"<div xmlns=""http://www.w3.org/1999/xhtml""><p><b>Medication Request</b></p><p><b>Status</b>: Active</p><p><b>Intent</b>: Plan</p><p><b>Medication</b>: amLODIPine (amLODIPine 5 mg oral tablet)</p><p><b>Dosage Instructions</b>: 0 Refill(s)</p><p><b>Patient</b>: SMART II, SANDY</p><p><b>Authored On</b>: Jul 27, 2026  9:51 A.M. UTC</p></div>","[{'system': 'http://www.nlm.nih.gov/research/umls/rxnorm', 'code': '197361', 'display': 'Amlodipine 5 MG Oral Tablet', 'userSelected': False}, {'system': 'https://fhir.cerner.com/ec2458f2-1e24-41c8-b71b-0e701af7583d/synonym', 'code': '2749071', 'display': 'amLODIPine 5 mg oral tablet', 'userSelected': True}]",amLODIPine (amLODIPine 5 mg oral tablet),Patient/12742399,"SMART II, SANDY",Encounter/100443463,"[{'valueCode': 'unknown', 'url': 'http://hl7.org/fhir/StructureDefinition/data-absent-reason'}]","[{'system': 'https://fhir.cerner.com/ec2458f2-1e24-41c8-b71b-0e701af7583d/codeSet/4009', 'code': '2338', 'display': 'Soft Stop', 'userSelected': True}, {'system': 'http://terminology.hl7.org/CodeSystem/medicationrequest-course-of-therapy', 'code': 'continuous', 'display': 'Continuous long term therapy', 'userSelected': False}]",Soft Stop,"[{'valueBoolean': False, 'url': 'http://electronichealth.se/fhir/StructureDefinition/NLLDosePackaging'}]",2026-07-27T09:51:39Z,0.0,,,,,,,,
MedicationRequest,436896547,"[{'valueCodeableConcept': {'text': 'Does not need pharmacy verification'}, 'url': 'https://fhir-ehr.cerner.com/r4/StructureDefinition/pharmacy-verification-status'}, {'valueCoding': {'system': 'http://electronichealth.se/fhir/ValueSet/prescription-format', 'code': 'ELECTRONIC', 'display': 'Electronic'}, 'url': 'http://electronichealth.se/fhir/StructureDefinition/NLLPrescriptionFormat'}, {'valueCoding': {'system': 'http://ehalsomyndigheten.se/fhir/ValueSet/registration-basis-codes', 'code': 'ELECTRONIC', 'display': 'Electronic'}, 'url': 'http://electronichealth.se/fhir/StructureDefinition/NLLRegistrationBasis'}]",active,plan,"[{'coding': [{'system': 'http://terminology.hl7.org/CodeSystem/medicationrequest-category', 'code': 'community', 'display': 'Community', 'userSelected': False}]}, {'coding': [{'system': 'http://terminology.hl7.org/CodeSystem/medication-statement-category', 'code': 'patientspecified', 'display': 'Patient Specified', 'userSelected': False}]}]",True,2024-10-01T12:42:07Z,"[{'extension': [{'valueString': '10 mg, BID, PRN, as needed, 0 Refill(s)', 'url': 'https://fhir-ehr.cerner.com/r4/StructureDefinition/clinical-instruction'}], 'text': '10 mg, BID, as needed, PRN, 0 Refill(s)', 'additionalInstruction': [{'text': 'as needed'}], 'patientInstruction': '10 Milligrams 2 times a day as needed. as needed.', 'timing': {'repeat': {'boundsPeriod': {'start': '2024-01-17T09:00:00Z'}}, 'code': {'coding': [{'system': 'https://fhir.cerner.com/ec2458f2-1e24-41c8-b71b-0e701af7583d/codeSet/4003', 'code': '696528', 'display': 'BID', 'userSelected': True}, {'system': 'http://terminology.hl7.org/CodeSystem/v3-GTSAbbreviation', 'code': 'BID', 'display': 'BID', 'userSelected': False}, {'system': 'http://snomed.info/sct', 'code': '229799001', 'display': 'Twice a day (qualifier value)', 'userSelected': False}], 'text': 'BID'}}, 'asNeededBoolean': True, 'doseAndRate': [{'doseQuantity': {'value': 10.0, 'unit': 'mg', 'system': 'http://unitsofmeasure.org', 'code': 'mg'}}]}]",0,2024-10-01T12:42:07Z,generated,"<div xmlns=""http://www.w3.org/1999/xhtml""><p><b>Medication Request</b></p><p><b>Status</b>: Active</p><p><b>Intent</b>: Plan</p><p><b>Medication</b>: atorvastatin (atorvastatin 10 mg oral tablet)</p><p><b>Dosage Instructions</b>: 10 mg, BID, as needed, PRN, 0 Refill(s)</p><p><b>Patient</b>: SMART II, SANDY</p><p><b>Authored On</b>: Oct  1, 2024 12:42 P.M. UTC</p></div>","[{'system': 'http://www.nlm.nih.gov/research/umls/rxnorm', 'code': '617312', 'display': 'atorvastatin 10 MG Oral Tablet', 'userSelected': False}, {'system': 'https://fhir.cerner.com/ec2458f2-1e24-41c8-b71b-0e701af7583d/synonym', 'code': '2750275', 'display': 'atorvastatin 10 mg oral tablet', 'userSelected': True}]",atorvastatin (atorvastatin 10 mg oral tablet),Patient/12742399,"SMART II, SANDY",Encounter/97953523,"[{'valueCode': 'unknown', 'url': 'http://hl7.org/fhir/StructureDefinition/data-absent-reason'}]","[{'system': 'https://fhir.cerner.com/ec2458f2-1e24-41c8-b71b-0e701af7583d/codeSet/4009', 'code': '2338', 'display': 'Soft Stop', 'userSelected': True}, {'system': 'http://terminology.hl7.org/CodeSystem/medicationrequest-course-of-therapy', 'code': 'continuous', 'display': 'Continuous long term therapy', 'userSelected': False}]",Soft Stop,"[{'valueBoolean': False, 'url': 'http://electronichealth.se/fhir/StructureDefinition/NLLDosePackaging'}]",2024-10-01T12:42:07Z,0.0,"[{'text': 'EveryDose - Feb 12, 2024 7:41 A.M. UTC - Entry made by EveryDose Application.'}]",,,,,,,
MedicationRequest,410212749,"[{'valueCodeableConcept': {'text': 'Does not need pharmacy verification'}, 'url': 'https://fhir-ehr.cerner.com/r4/StructureDefinition/pharmacy-verification-status'}, {'valueCoding': {'system': 'http://electronichealth.se/fhir/ValueSet/prescription-format', 'code': 'ELECTRONIC', 'display': 'Electronic'}, 'url': 'http://electronichealth.se/fhir/StructureDefinition/NLLPrescriptionFormat'}, {'valueCoding': {'system': 'http://ehalsomyndigheten.se/fhir/ValueSet/registration-basis-codes', 'code': 'ELECTRONIC', 'display': 'Electronic'}, 'url': 'http://electronichealth.se/fhir/StructureDefinition/NLLRegistrationBasis'}]",active,order,"[{'coding': [{'system': 'http://terminology.hl7.org/CodeSystem/medicationrequest-category', 'code': 'community', 'display': 'Community', 'userSelected': False}]}, {'coding': [{'system': 'http://terminology.hl7.org/CodeSystem/medicationrequest-category', 'code': 'discharge', 'display': 'Discharge', 'userSelected': False}]}]",False,2024-01-18T12:05:22Z,"[{'extension': [{'valueString': '13 mcg = 1 cap, Oral, Daily, # 30 cap, 0 Refill(s), called to pharmacy (Rx)', 'url': 'https://fhir-ehr.cerner.com/r4/StructureDefinition/clinical-instruction'}], 'text': '13 mcg = 1 cap, Oral, Daily, 30 cap, 0 Refill(s)', 'patientInstruction': '1 Capsules Oral (given by mouth) every day. Refills: 0.', 'timing': {'repeat': {'boundsPeriod': {'start': '2024-01-18T12:05:00Z'}}, 'code': {'coding': [{'system': 'https://fhir.cerner.com/ec2458f2-1e24-41c8-b71b-0e701af7583d/codeSet/4003', 'code': '696530', 'display': 'Daily', 'userSelected': True}, {'system': 'http://snomed.info/sct', 'code': '229797004', 'display': 'Once daily (qualifier value)', 'userSelected': False}, {'system': 'http://terminology.hl7.org/CodeSystem/v3-GTSAbbreviation', 'code': 'QD', 'display': 'QD', 'userSelected': False}], 'text': 'Daily'}}, 'asNeededBoolean': False, 'route': {'coding': [{'system': 'https://fhir.cerner.com/ec2458f2-1e24-41c8-b71b-0e701af7583d/codeSet/4001', 'code': '318185', 'display': 'Oral', 'userSelected': True}, {'system': 'http://snomed.info/sct', 'code': '26643006', 'display': 'Oral route (qualifier value)', 'userSelected': False}], 'text': 'Oral'}, 'doseAndRate': [{'doseQuantity': {'value': 1.0, 'unit': 'cap', 'system': 'http://unitsofmeasure.org', 'code': '{Capsule}'}}]}]",0,2024-01-18T12:05:36Z,generated,"<div xmlns=""http://www.w3.org/1999/xhtml""><p><b>Medication Request</b></p><p><b>Status</b>: Active</p><p><b>Intent</b>: Order</p><p><b>Medication</b>: levothyroxine (levothyroxine 13 mcg (0.013 mg) oral capsule)</p><p><b>Dosage Instructions</b>: 13 mcg = 1 cap, Oral, Daily, 30 cap, 0 Refill(s)</p><p><b>Patient</b>: SMART II, SANDY</p><p><b>Authored On</b>: Jan 18, 2024 12:05 P.M. UTC</p></div>","[{'system': 'http://www.nlm.nih.gov/research/umls/rxnorm', 'code': '966412', 'display': 'Levothyroxine Sodium 0.013 MG Oral Capsule', 'userSelected': False}, {'system': 'https://fhir.cerner.com/ec2458f2-1e24-41c8-b71b-0e701af7583d/synonym', 'code': '19952965', 'display': 'levothyroxine 13 mcg (0.013 mg) oral capsule', 'userSelected': True}]",levothyroxine (levothyroxine 13 mcg (0.013 mg) oral capsule),Patient/12742399,"SMART II, SANDY",Encounter/97998276,,"[{'system': 'https://fhir.cerner.com/ec2458f2-1e24-41c8-b71b-0e701af7583d/codeSet/4009', 'code': '2338', 'display': 'Soft Stop', 'userSelected': True}, {'system': 'http://terminology.hl7.org/CodeSystem/medicationrequest-course-of-therapy', 'code': 'continuous', 'display': 'Continuous long term therapy', 'userSelected': False}]",Maintenance,"[{'valueBoolean': False, 'url': 'http://electronichealth.se/fhir/StructureDefinition/NLLDosePackaging'}]",2024-01-18T12:05:22Z,0.0,,Practitioner/12742905,"PWEveryDose, MDHosp",30.0,cap,http://unitsofmeasure.org,{Capsule},True
MedicationRequest,445188799,"[{'valueCodeableConcept': {'text': 'Does not need pharmacy verification'}, 'url': 'https://fhir-ehr.cerner.com/r4/StructureDefinition/pharmacy-verification-status'}, {'valueCoding': {'system': 'http://electronichealth.se/fhir/ValueSet/prescription-format', 'code': 'ELECTRONIC', 'display': 'Electronic'}, 'url': 'http://electronichealth.se/fhir/StructureDefinition/NLLPrescriptionFormat'}, {'valueCoding': {'system': 'http://ehalsomyndigheten.se/fhir/ValueSet/registration-basis-codes', 'code': 'ELECTRONIC', 'display': 'Electronic'}, 'url': 'http://electronichealth.se/fhir/StructureDefinition/NLLRegistrationBasis'}]",active,plan,"[{'coding': [{'system': 'http://terminology.hl7.org/CodeSystem/medicationrequest-category', 'code': 'community', 'display': 'Community', 'userSelected': False}]}, {'coding': [{'system': 'http://terminology.hl7.org/CodeSystem/medication-statement-category', 'code': 'patientspecified', 'display': 'Patient Specified', 'userSelected': False}]}]",True,2024-12-19T08:19:40Z,"[{'extension': [{'valueString': '0 Refill(s)', 'url': 'https://fhir-ehr.cerner.com/r4/StructureDefinition/clinical-instruction'}], 'text': '0 Refill(s)', 'timing': {'repeat': {'boundsPeriod': {'start': '2024-12-19T08:19:00Z'}}}, 'asNeededBoolean': False}]",0,2024-12-19T08:19:40Z,generated,"<div xmlns=""http://www.w3.org/1999/xhtml""><p><b>Medication Request</b></p><p><b>Status</b>: Active</p><p><b>Intent</b>: Plan</p><p><b>Medication</b>: levothyroxine (Synthroid 125 mcg (0.125 mg) oral tablet)</p><p><b>Dosage Instructions</b>: 0 Refill(s)</p><p><b>Patient</b>: SMART II, SANDY</p><p><b>Authored On</b>: Dec 19, 2024  8:19 A.M. UTC</p></div>","[{'system': 'http://www.nlm.nih.gov/research/umls/rxnorm', 'code': '966191', 'display': 'Levothyroxine Sodium 0.125 MG Oral Tablet [Synthroid]', 'userSelected': False}, {'system': 'https://fhir.cerner.com/ec2458f2-1e24-41c8-b71b-0e701af7583d/synonym', 'code': '2762055', 'display': 'Synthroid 125 mcg (0.125 mg) oral tablet', 'userSelected': True}]",levothyroxine (Synthroid 125 mcg (0.125 mg) oral tablet),Patient/12742399,"SMART II, SANDY",Encounter/98121303,"[{'valueCode': 'unknown', 'url': 'http://hl7.org/fhir/StructureDefinition/data-absent-reason'}]","[{'system': 'https://fhir.cerner.com/ec2458f2-1e24-41c8-b71b-0e701af7583d/codeSet/4009', 'code': '2338', 'display': 'Soft Stop', 'userSelected': True}, {'system': 'http://terminology.hl7.org/CodeSystem/medicationrequest-course-of-therapy', 'code': 'continuous', 'display': 'Continuous long term therapy', 'userSelected': False}]",Soft Stop,"[{'valueBoolean': False, 'url': 'http://electronichealth.se/fhir/StructureDefinition/NLLDosePackaging'}]",2024-12-19T08:19:40Z,0.0,,,,,,,,
MedicationRequest,445188807,"[{'valueCodeableConcept': {'text': 'Does not need pharmacy verification'}, 'url': 'https://fhir-ehr.cerner.com/r4/StructureDefinition/pharmacy-verification-status'}, {'valueCoding': {'system': 'http://electronichealth.se/fhir/ValueSet/prescription-format', 'code': 'ELECTRONIC', 'display': 'Electronic'}, 'url': 'http://electronichealth.se/fhir/StructureDefinition/NLLPrescriptionFormat'}, {'valueCoding': {'system': 'http://ehalsomyndigheten.se/fhir/ValueSet/registration-basis-codes', 'code': 'ELECTRONIC', 'display': 'Electronic'}, 'url': 'http://electronichealth.se/fhir/StructureDefinition/NLLRegistrationBasis'}]",active,plan,"[{'coding': [{'system': 'http://terminology.hl7.org/CodeSystem/medicationrequest-category', 'code': 'community', 'display': 'Community', 'userSelected': False}]}, {'coding': [{'system': 'http://terminology.hl7.org/CodeSystem/medication-statement-category', 'code': 'patientspecified', 'display': 'Patient Specified', 'userSelected': False}]}]",True,2024-12-19T08:20:07Z,"[{'extension': [{'valueString': '0 Refill(s)', 'url': 'https://fhir-ehr.cerner.com/r4/StructureDefinition/clinical-instruction'}], 'text': '0 Refill(s)', 'timing': {'repeat': {'boundsPeriod': {'start': '2024-12-19T08:20:00Z'}}}, 'asNeededBoolean': False}]",0,2024-12-19T08:20:07Z,generated,"<div xmlns=""http://www.w3.org/1999/xhtml""><p><b>Medication Request</b></p><p><b>Status</b>: Active</p><p><b>Intent</b>: Plan</p><p><b>Medication</b>: levothyroxine (Synthroid 125 mcg (0.125 mg) oral tablet)</p><p><b>Dosage Instructions</b>: 0 Refill(s)</p><p><b>Patient</b>: SMART II, SANDY</p><p><b>Authored On</b>: Dec 19, 2024  8:20 A.M. UTC</p></div>","[{'system': 'http://www.nlm.nih.gov/research/umls/rxnorm', 'code': '966191', 'display': 'Levothyroxine Sodium 0.125 MG Oral Tablet [Synthroid]', 'userSelected': False}, {'system': 'https://fhir.cerner.com/ec2458f2-1e24-41c8-b71b-0e701af7583d/synonym', 'code': '2762055', 'display': 'Synthroid 125 mcg (0.125 mg) oral tablet', 'userSelected': True}]",levothyroxine (Synthroid 125 mcg (0.125 mg) oral tablet),Patient/12742399,"SMART II, SANDY",Encounter/98121303,"[{'valueCode': 'unknown', 'url': 'http://hl7.org/fhir/StructureDefinition/data-absent-reason'}]","[{'system': 'https://fhir.cerner.com/ec2458f2-1e24-41c8-b71b-0e701af7583d/codeSet/4009', 'code': '2338', 'display': 'Soft Stop', 'userSelected': True}, {'system': 'http://terminology.hl7.org/CodeSystem/medicationrequest-course-of-therapy', 'code': 'continuous', 'display': 'Continuous long term therapy', 'userSelected': False}]",Soft Stop,"[{'valueBoolean': False, 'url': 'http://electronichealth.se/fhir/StructureDefinition/NLLDosePackaging'}]",2024-12-19T08:20:07Z,0.0,,,,,,,,
MedicationRequest,445188815,"[{'valueCodeableConcept': {'text': 'Does not need pharmacy verification'}, 'url': 'https://fhir-ehr.cerner.com/r4/StructureDefinition/pharmacy-verification-status'}, {'valueCoding': {'system': 'http://electronichealth.se/fhir/ValueSet/prescription-format', 'code': 'ELECTRONIC', 'display': 'Electronic'}, 'url': 'http://electronichealth.se/fhir/StructureDefinition/NLLPrescriptionFormat'}, {'valueCoding': {'system': 'http://ehalsomyndigheten.se/fhir/ValueSet/registration-basis-codes', 'code': 'ELECTRONIC', 'display': 'Electronic'}, 'url': 'http://electronichealth.se/fhir/StructureDefinition/NLLRegistrationBasis'}]",active,plan,"[{'coding': [{'system': 'http://terminology.hl7.org/CodeSystem/medicationrequest-category', 'code': 'community', 'display': 'Community', 'userSelected': False}]}, {'coding': [{'system': 'http://terminology.hl7.org/CodeSystem/medication-statement-category', 'code': 'patientspecified', 'display': 'Patient Specified', 'userSelected': False}]}]",True,2024-12-19T09:06:22Z,"[{'extension': [{'valueString': '0 Refill(s)', 'url': 'https://fhir-ehr.cerner.com/r4/StructureDefinition/clinical-instruction'}], 'text': '0 Refill(s)', 'timing': {'repeat': {'boundsPeriod': {'start': '2024-12-19T09:06:00Z'}}}, 'asNeededBoolean': False}]",0,2024-12-19T09:06:22Z,generated,"<div xmlns=""http://www.w3.org/1999/xhtml""><p><b>Medication Request</b></p><p><b>Status</b>: Active</p><p><b>Intent</b>: Plan</p><p><b>Medication</b>: levothyroxine (Synthroid 125 mcg (0.125 mg) oral tablet)</p><p><b>Dosage Instructions</b>: 0 Refill(s)</p><p><b>Patient</b>: SMART II, SANDY</p><p><b>Authored On</b>: Dec 19, 2024  9:06 A.M. UTC</p></div>","[{'system': 'http://www.nlm.nih.gov/research/umls/rxnorm', 'code': '966191', 'display': 'Levothyroxine Sodium 0.125 MG Oral Tablet [Synthroid]', 'userSelected': False}, {'system': 'https://fhir.cerner.com/ec2458f2-1e24-41c8-b71b-0e701af7583d/synonym', 'code': '2762055', 'display': 'Synthroid 125 mcg (0.125 mg) oral tablet', 'userSelected': True}]",levothyroxine (Synthroid 125 mcg (0.125 mg) oral tablet),Patient/12742399,"SMART II, SANDY",Encounter/98121303,"[{'valueCode': 'unknown', 'url': 'http://hl7.org/fhir/StructureDefinition/data-absent-reason'}]","[{'system': 'https://fhir.cerner.com/ec2458f2-1e24-41c8-b71b-0e701af7583d/codeSet/4009', 'code': '2338', 'display': 'Soft Stop', 'userSelected': True}, {'system': 'http://terminology.hl7.org/CodeSystem/medicationrequest-course-of-therapy', 'code': 'continuous', 'display': 'Continuous long term therapy', 'userSelected': False}]",Soft Stop,"[{'valueBoolean': False, 'url': 'http://electronichealth.se/fhir/StructureDefinition/NLLDosePackaging'}]",2024-12-19T09:06:22Z,0.0,,,,,,,,
MedicationRequest,445188823,"[{'valueCodeableConcept': {'text': 'Does not need pharmacy verification'}, 'url': 'https://fhir-ehr.cerner.com/r4/StructureDefinition/pharmacy-verification-status'}, {'valueCoding': {'system': 'http://electronichealth.se/fhir/ValueSet/prescription-format', 'code': 'ELECTRONIC', 'display': 'Electronic'}, 'url': 'http://electronichealth.se/fhir/StructureDefinition/NLLPrescriptionFormat'}, {'valueCoding': {'system': 'http://ehalsomyndigheten.se/fhir/ValueSet/registration-basis-codes', 'code': 'ELECTRONIC', 'display': 'Electronic'}, 'url': 'http://electronichealth.se/fhir/StructureDefinition/NLLRegistrationBasis'}]",active,plan,"[{'coding': [{'system': 'http://terminology.hl7.org/CodeSystem/medicationrequest-category', 'code': 'community', 'display': 'Community', 'userSelected': False}]}, {'coding': [{'system': 'http://terminology.hl7.org/CodeSystem/medication-statement-category', 'code': 'patientspecified', 'display': 'Patient Specified', 'userSelected': False}]}]",True,2024-12-19T09:06:58Z,"[{'extension': [{'valueString': '0 Refill(s)', 'url': 'https://fhir-ehr.cerner.com/r4/StructureDefinition/clinical-instruction'}], 'text': '0 Refill(s)', 'timing': {'repeat': {'boundsPeriod': {'start': '2024-12-19T09:06:00Z'}}}, 'asNeededBoolean': False}]",0,2024-12-19T09:06:58Z,generated,"<div xmlns=""http://www.w3.org/1999/xhtml""><p><b>Medication Request</b></p><p><b>Status</b>: Active</p><p><b>Intent</b>: Plan</p><p><b>Medication</b>: levothyroxine (Synthroid 125 mcg (0.125 mg) oral tablet)</p><p><b>Dosage Instructions</b>: 0 Refill(s)</p><p><b>Patient</b>: SMART II, SANDY</p><p><b>Authored On</b>: Dec 19, 2024  9:06 A.M. UTC</p></div>","[{'system': 'http://www.nlm.nih.gov/research/umls/rxnorm', 'code': '966191', 'display': 'Levothyroxine Sodium 0.125 MG Oral Tablet [Synthroid]', 'userSelected': False}, {'system': 'https://fhir.cerner.com/ec2458f2-1e24-41c8-b71b-0e701af7583d/synonym', 'code': '2762055', 'display': 'Synthroid 125 mcg (0.125 mg) oral tablet', 'userSelected': True}]",levothyroxine (Synthroid 125 mcg (0.125 mg) oral tablet),Patient/12742399,"SMART II, SANDY",Encounter/98121303,"[{'valueCode': 'unknown', 'url': 'http://hl7.org/fhir/StructureDefinition/data-absent-reason'}]","[{'system': 'https://fhir.cerner.com/ec2458f2-1e24-41c8-b71b-0e701af7583d/codeSet/4009', 'code': '2338', 'display': 'Soft Stop', 'userSelected': True}, {'system': 'http://terminology.hl7.org/CodeSystem/medicationrequest-course-of-therapy', 'code': 'continuous', 'display': 'Continuous long term therapy', 'userSelected': False}]",Soft Stop,"[{'valueBoolean': False, 'url': 'http://electronichealth.se/fhir/StructureDefinition/NLLDosePackaging'}]",2024-12-19T09:06:58Z,0.0,,,,,,,,
MedicationRequest,410277227,"[{'valueCodeableConcept': {'text': 'Does not need pharmacy verification'}, 'url': 'https://fhir-ehr.cerner.com/r4/StructureDefinition/pharmacy-verification-status'}, {'valueCoding': {'system': 'http://electronichealth.se/fhir/ValueSet/prescription-format', 'code': 'ELECTRONIC', 'display': 'Electronic'}, 'url': 'http://electronichealth.se/fhir/StructureDefinition/NLLPrescriptionFormat'}, {'valueCoding': {'system': 'http://ehalsomyndigheten.se/fhir/ValueSet/registration-basis-codes', 'code': 'ELECTRONIC', 'display': 'Electronic'}, 'url': 'http://electronichealth.se/fhir/StructureDefinition/NLLRegistrationBasis'}]",active,plan,"[{'coding': [{'system': 'http://terminology.hl7.org/CodeSystem/medicationrequest-category', 'code': 'community', 'display': 'Community', 'userSelected': False}]}, {'coding': [{'system': 'http://terminology.hl7.org/CodeSystem/medication-statement-category', 'code': 'patientspecified', 'display': 'Patient Specified', 'userSelected': False}]}]",True,2024-01-19T06:55:35Z,"[{'extension': [{'valueString': '2.5 mg = 1 tab, Oral, BID, 0 Refill(s)', 'url': 'https://fhir-ehr.cerner.com/r4/StructureDefinition/clinical-instruction'}], 'text': '2.5 mg = 1 tab, Oral, BID, 0 Refill(s)', 'patientInstruction': '1 tab Oral (given by mouth) 2 times a day.', 'timing': {'repeat': {'boundsPeriod': {'start': '2024-01-19T06:55:00Z'}}, 'code': {'coding': [{'system': 'https://fhir.cerner.com/ec2458f2-1e24-41c8-b71b-0e701af7583d/codeSet/4003', 'code': '696528', 'display': 'BID', 'userSelected': True}, {'system': 'http://terminology.hl7.org/CodeSystem/v3-GTSAbbreviation', 'code': 'BID', 'display': 'BID', 'userSelected': False}, {'system': 'http://snomed.info/sct', 'code': '229799001', 'display': 'Twice a day (qualifier value)', 'userSelected': False}], 'text': 'BID'}}, 'asNeededBoolean': False, 'route': {'coding': [{'system': 'https://fhir.cerner.com/ec2458f2-1e24-41c8-b71b-0e701af7583d/codeSet/4001', 'code': '318185', 'display': 'Oral', 'userSelected': True}, {'system': 'http://snomed.info/sct', 'code': '26643006', 'display': 'Oral route (qualifier value)', 'userSelected': False}], 'text': 'Oral'}, 'doseAndRate': [{'doseQuantity': {'value': 1.0, 'unit': 'tab', 'system': 'http://unitsofmeasure.org', 'code': '{tbl}'}}]}]",2,2024-01-19T07:27:33Z,generated,"<div xmlns=""http://www.w3.org/1999/xhtml""><p><b>Medication Request</b></p><p><b>Status</b>: Active</p><p><b>Intent</b>: Plan</p><p><b>Medication</b>: rivaroxaban (Xarelto 2.5 mg oral tablet)</p><p><b>Dosage Instructions</b>: 2.5 mg = 1 tab, Oral, BID, 0 Refill(s)</p><p><b>Patient</b>: SMART II, SANDY</p><p><b>Authored On</b>: Jan 19, 2024  6:55 A.M. UTC</p></div>","[{'system': 'http://www.nlm.nih.gov/research/umls/rxnorm', 'code': '2059017', 'display': 'rivaroxaban 2.5 MG Oral Tablet [Xarelto]', 'userSelected': False}, {'system': 'https://fhir.cerner.com/ec2458f2-1e24-41c8-b71b-0e701af7583d/synonym', 'code': '2571677209', 'display': 'Xarelto 2.5 mg oral tablet', 'userSelected': True}]",rivaroxaban (Xarelto 2.5 mg oral tablet),Patient/12742399,"SMART II, SANDY",Encounter/97998276,"[{'valueCode': 'unknown', 'url': 'http://hl7.org/fhir/StructureDefinition/data-absent-reason'}]","[{'system': 'https://fhir.cerner.com/ec2458f2-1e24-41c8-b71b-0e701af7583d/codeSet/4009', 'code': '2338', 'display': 'Soft Stop', 'userSelected': True}, {'system': 'http://terminology.hl7.org/CodeSystem/medicationrequest-course-of-therapy', 'code': 'continuous', 'display': 'Continuous long term therapy', 'userSelected': False}]",Maintenance,"[{'valueBoolean': False, 'url': 'http://electronichealth.se/fhir/StructureDefinition/NLLDosePackaging'}]",2024-01-19T06:55:35Z,0.0,,,,,,,,True
MedicationRequest,412402557,"[{'valueCodeableConcept': {'text': 'Does not need pharmacy verification'}, 'url': 'https://fhir-ehr.cerner.com/r4/StructureDefinition/pharmacy-verification-status'}, {'valueCoding': {'system': 'http://electronichealth.se/fhir/ValueSet/prescription-format', 'code': 'ELECTRONIC', 'display': 'Electronic'}, 'url': 'http://electronichealth.se/fhir/StructureDefinition/NLLPrescriptionFormat'}, {'valueCoding': {'system': 'http://ehalsomyndigheten.se/fhir/ValueSet/registration-basis-codes', 'code': 'ELECTRONIC', 'display': 'Electronic'}, 'url': 'http://electronichealth.se/fhir/StructureDefinition/NLLRegistrationBasis'}]",active,plan,"[{'coding': [{'system': 'http://terminology.hl7.org/CodeSystem/medicationrequest-category', 'code': 'community', 'display': 'Community', 'userSelected': False}]}, {'coding': [{'system': 'http://terminology.hl7.org/CodeSystem/medication-statement-category', 'code': 'patientspecified', 'display': 'Patient Specified', 'userSelected': False}]}]",True,2024-02-12T07:41:36Z,"[{'extension': [{'valueString': '1.0, BID, Xarelto 2.5 mg, PO, BID., 0 Refill(s)', 'url': 'https://fhir-ehr.cerner.com/r4/StructureDefinition/clinical-instruction'}], 'text': '1.0, BID, Xarelto 2.5 mg, PO, BID., 0 Refill(s)', 'additionalInstruction': [{'text': 'Xarelto 2.5 mg, PO, BID.'}], 'patientInstruction': '1.0 2 times a day. Xarelto 2.5 mg, PO, BID..', 'timing': {'repeat': {'boundsPeriod': {'start': '2024-01-18T18:30:00Z'}}, 'code': {'coding': [{'system': 'https://fhir.cerner.com/ec2458f2-1e24-41c8-b71b-0e701af7583d/codeSet/4003', 'code': '696528', 'display': 'BID', 'userSelected': True}, {'system': 'http://terminology.hl7.org/CodeSystem/v3-GTSAbbreviation', 'code': 'BID', 'display': 'BID', 'userSelected': False}, {'system': 'http://snomed.info/sct', 'code': '229799001', 'display': 'Twice a day (qualifier value)', 'userSelected': False}], 'text': 'BID'}}, 'asNeededBoolean': False}]",0,2024-02-12T07:41:36Z,generated,"<div xmlns=""http://www.w3.org/1999/xhtml""><p><b>Medication Request</b></p><p><b>Status</b>: Active</p><p><b>Intent</b>: Plan</p><p><b>Medication</b>: rivaroxaban (rivaroxaban 2.5 mg oral tablet)</p><p><b>Dosage Instructions</b>: 1.0, BID, Xarelto 2.5 mg, PO, BID., 0 Refill(s)</p><p><b>Patient</b>: SMART II, SANDY</p><p><b>Authored On</b>: Feb 12, 2024  7:41 A.M. UTC</p></div>","[{'system': 'http://www.nlm.nih.gov/research/umls/rxnorm', 'code': '2059015', 'display': 'rivaroxaban 2.5 MG Oral Tablet', 'userSelected': False}, {'system': 'https://fhir.cerner.com/ec2458f2-1e24-41c8-b71b-0e701af7583d/synonym', 'code': '2571677211', 'display': 'rivaroxaban 2.5 mg oral tablet', 'userSelected': True}]",rivaroxaban (rivaroxaban 2.5 mg oral tablet),Patient/12742399,"SMART II, SANDY",Encounter/97953523,"[{'valueCode': 'unknown', 'url': 'http://hl7.org/fhir/StructureDefinition/data-absent-reason'}]","[{'system': 'https://fhir.cerner.com/ec2458f2-1e24-41c8-b71b-0e701af7583d/codeSet/4009', 'code': '2338', 'display': 'Soft Stop', 'userSelected': True}, {'system': 'http://terminology.hl7.org/CodeSystem/medicationrequest-course-of-therapy', 'code': 'continuous', 'display': 'Continuous long term therapy', 'userSelected': False}]",Soft Stop,"[{'valueBoolean': False, 'url': 'http://electronichealth.se/fhir/StructureDefinition/NLLDosePackaging'}]",2024-02-12T07:41:36Z,0.0,"[{'text': 'EveryDose - Feb 12, 2024  7:41 A.M. UTC - Entry made by EveryDose Application.'}]",,,,,,,
MedicationRequest,417105927,"[{'valueCodeableConcept': {'text': 'Does not need pharmacy verification'}, 'url': 'https://fhir-ehr.cerner.com/r4/StructureDefinition/pharmacy-verification-status'}, {'valueCoding': {'system': 'http://electronichealth.se/fhir/ValueSet/prescription-format', 'code': 'ELECTRONIC', 'display': 'Electronic'}, 'url': 'http://electronichealth.se/fhir/StructureDefinition/NLLPrescriptionFormat'}, {'valueCoding': {'system': 'http://ehalsomyndigheten.se/fhir/ValueSet/registration-basis-codes', 'code': 'ELECTRONIC', 'display': 'Electronic'}, 'url': 'http://electronichealth.se/fhir/StructureDefinition/NLLRegistrationBasis'}]",active,plan,"[{'coding': [{'system': 'http://terminology.hl7.org/CodeSystem/medicationrequest-category', 'code': 'community', 'display': 'Community', 'userSelected': False}]}, {'coding': [{'system': 'http://terminology.hl7.org/CodeSystem/medication-statement-category', 'code': 'patientspecified', 'display': 'Patient Specified', 'userSelected': False}]}]",True,2024-04-05T08:00:21Z,"[{'extension': [{'valueString': '1.0, PRN, Zocor 5 mg, PO, PRN., 0 Refill(s)', 'url': 'https://fhir-ehr.cerner.com/r4/StructureDefinition/clinical-instruction'}], 'text': '1.0, Zocor 5 mg, PO, PRN., PRN, 0 Refill(s)', 'additionalInstruction': [{'text': 'Zocor 5 mg, PO, PRN.'}], 'patientInstruction': '1.0 as needed. Zocor 5 mg, PO, PRN..', 'timing': {'repeat': {'boundsPeriod': {'start': '2024-04-05T00:00:00Z'}}}, 'asNeededBoolean': True}]",0,2024-04-05T08:00:21Z,generated,"<div xmlns=""http://www.w3.org/1999/xhtml""><p><b>Medication Request</b></p><p><b>Status</b>: Active</p><p><b>Intent</b>: Plan</p><p><b>Medication</b>: simvastatin (Zocor 5 mg oral tablet)</p><p><b>Dosage Instructions</b>: 1.0, Zocor 5 mg, PO, PRN., PRN, 0 Refill(s)</p><p><b>Patient</b>: SMART II, SANDY</p><p><b>Authored On</b>: Apr  5, 2024  8:00 A.M. UTC</p></div>","[{'system': 'http://www.nlm.nih.gov/research/umls/rxnorm', 'code': '208220', 'display': 'Simvastatin 5 MG Oral Tablet [Zocor]', 'userSelected': False}, {'system': 'https://fhir.cerner.com/ec2458f2-1e24-41c8-b71b-0e701af7583d/synonym', 'code': '2768852', 'display': 'Zocor 5 mg oral tablet', 'userSelected': True}]",simvastatin (Zocor 5 mg oral tablet),Patient/12742399,"SMART II, SANDY",Encounter/97953523,"[{'valueCode': 'unknown', 'url': 'http://hl7.org/fhir/StructureDefinition/data-absent-reason'}]","[{'system': 'https://fhir.cerner.com/ec2458f2-1e24-41c8-b71b-0e701af7583d/codeSet/4009', 'code': '2338', 'display': 'Soft Stop', 'userSelected': True}, {'system': 'http://terminology.hl7.org/CodeSystem/medicationrequest-course-of-therapy', 'code': 'continuous', 'display': 'Continuous long term therapy', 'userSelected': False}]",Soft Stop,"[{'valueBoolean': False, 'url': 'http://electronichealth.se/fhir/StructureDefinition/NLLDosePackaging'}]",2024-04-05T08:00:21Z,0.0,"[{'text': 'EveryDose - Apr  5, 2024  8:00 A.M. UTC - Entry made by EveryDose Application.'}]",,,,,,,
MedicationRequest,436831495,"[{'valueCodeableConcept': {'text': 'Needs pharmacy verification'}, 'url': 'https://fhir-ehr.cerner.com/r4/StructureDefinition/pharmacy-verification-status'}, {'valueCoding': {'system': 'http://electronichealth.se/fhir/ValueSet/prescription-format', 'code': 'ELECTRONIC', 'display': 'Electronic'}, 'url': 'http://electronichealth.se/fhir/StructureDefinition/NLLPrescriptionFormat'}, {'valueCoding': {'system': 'http://ehalsomyndigheten.se/fhir/ValueSet/registration-basis-codes', 'code': 'ELECTRONIC', 'display': 'Electronic'}, 'url': 'http://electronichealth.se/fhir/StructureDefinition/NLLRegistrationBasis'}]",active,order,"[{'coding': [{'system': 'http://terminology.hl7.org/CodeSystem/medicationrequest-category', 'code': 'outpatient', 'display': 'Outpatient', 'userSelected': False}]}]",False,2024-10-01T12:28:58Z,"[{'extension': [{'valueString': '55 cap, Chewed, Daily, First Dose: 10/01/24 9:00:00 CDT', 'url': 'https://fhir-ehr.cerner.com/r4/StructureDefinition/clinical-instruction'}], 'text': '55 cap, Chewed, Daily', 'patientInstruction': '55 Capsules Chewed every day. Refills: 0.', 'timing': {'repeat': {'boundsPeriod': {'start': '2024-10-01T14:00:00Z'}}, 'code': {'coding': [{'system': 'https://fhir.cerner.com/ec2458f2-1e24-41c8-b71b-0e701af7583d/codeSet/4003', 'code': '696530', 'display': 'Daily', 'userSelected': True}, {'system': 'http://snomed.info/sct', 'code': '229797004', 'display': 'Once daily (qualifier value)', 'userSelected': False}, {'system': 'http://terminology.hl7.org/CodeSystem/v3-GTSAbbreviation', 'code': 'QD', 'display': 'QD', 'userSelected': False}], 'text': 'Daily'}}, 'asNeededBoolean': False, 'route': {'coding': [{'system': 'https://fhir.cerner.com/ec2458f2-1e24-41c8-b71b-0e701af7583d/codeSet/4001', 'code': '673847', 'display': 'Chewed', 'userSelected': True}, {'system': 'http://snomed.info/sct', 'code': '419747000', 'display': 'Chew - dosing instruction imperative (qualifier value)', 'userSelected': False}], 'text': 'Chewed'}, 'doseAndRate': [{'doseQuantity': {'value': 55.0, 'unit': 'cap', 'system': 'http://unitsofmeasure.org', 'code': '{Capsule}'}}]}]",1,2024-10-16T01:00:13Z,generated,"<div xmlns=""http://www.w3.org/1999/xhtml""><p><b>Medication Request</b></p><p><b>Status</b>: Active</p><p><b>Intent</b>: Order</p><p><b>Medication</b>: sodium hypochlorite topical (H-Chlor 12)</p><p><b>Dosage Instructions</b>: 55 cap, Chewed, Daily</p><p><b>Patient</b>: SMART II, SANDY</p><p><b>Authored On</b>: Oct  1, 2024 12:28 P.M. UTC</p></div>","[{'system': 'https://fhir.cerner.com/ec2458f2-1e24-41c8-b71b-0e701af7583d/synonym', 'code': '2572919173', 'display': 'H-Chlor 12', 'userSelected': True}]",sodium hypochlorite topical (H-Chlor 12),Patient/12742399,"SMART II, SANDY",Encounter/97998276,,,,"[{'valueBoolean': False, 'url': 'http://electronichealth.se/fhir/StructureDefinition/NLLDosePackaging'}]",2024-10-01T12:28:58Z,,,Practitioner/12730044,"PWTSystem, Physician - Emergency Medicine",,,,,
MedicationRequest,436895693,"[{'valueCodeableConcept': {'text': 'Does not need pharmacy verification'}, 'url': 'https://fhir-ehr.cerner.com/r4/StructureDefinition/pharmacy-verification-status'}, {'valueCoding': {'system': 'http://electronichealth.se/fhir/ValueSet/prescription-format', 'code': 'ELECTRONIC', 'display': 'Electronic'}, 'url': 'http://electronichealth.se/fhir/StructureDefinition/NLLPrescriptionFormat'}, {'valueCoding': {'system': 'http://ehalsomyndigheten.se/fhir/ValueSet/registration-basis-codes', 'code': 'ELECTRONIC', 'display': 'Electronic'}, 'url': 'http://electronichealth.se/fhir/StructureDefinition/NLLRegistrationBasis'}]",active,plan,"[{'coding': [{'system': 'http://terminology.hl7.org/CodeSystem/medicationrequest-category', 'code': 'community', 'display': 'Community', 'userSelected': False}]}, {'coding': [{'system': 'http://terminology.hl7.org/CodeSystem/medication-statement-category', 'code': 'patientspecified', 'display': 'Patient Specified', 'userSelected': False}]}]",True,2024-10-01T12:38:23Z,"[{'extension': [{'valueString': '0 Refill(s)', 'url': 'https://fhir-ehr.cerner.com/r4/StructureDefinition/clinical-instruction'}], 'text': '0 Refill(s)', 'timing': {'repeat': {'boundsPeriod': {'start': '2024-10-01T12:38:00Z'}}}, 'asNeededBoolean': False}]",0,2024-10-01T12:38:23Z,generated,"<div xmlns=""http://www.w3.org/1999/xhtml""><p><b>Medication Request</b></p><p><b>Status</b>: Active</p><p><b>Intent</b>: Plan</p><p><b>Medication</b>: sodium hypochlorite topical (sodium hypochlorite 0.125% topical solution)</p><p><b>Dosage Instructions</b>: 0 Refill(s)</p><p><b>Patient</b>: SMART II, SANDY</p><p><b>Authored On</b>: Oct  1, 2024 12:38 P.M. UTC</p></div>","[{'system': 'http://www.nlm.nih.gov/research/umls/rxnorm', 'code': '644133', 'display': 'Sodium Hypochlorite 1.25 MG/ML Topical Solution', 'userSelected': False}, {'system': 'https://fhir.cerner.com/ec2458f2-1e24-41c8-b71b-0e701af7583d/synonym', 'code': '4246575', 'display': 'sodium hypochlorite 0.125% topical solution', 'userSelected': True}]",sodium hypochlorite topical (sodium hypochlorite 0.125% topical solution),Patient/12742399,"SMART II, SANDY",Encounter/97953523,"[{'valueCode': 'unknown', 'url': 'http://hl7.org/fhir/StructureDefinition/data-absent-reason'}]","[{'system': 'https://fhir.cerner.com/ec2458f2-1e24-41c8-b71b-0e701af7583d/codeSet/4009', 'code': '2338', 'display': 'Soft Stop', 'userSelected': True}, {'system': 'http://terminology.hl7.org/CodeSystem/medicationrequest-course-of-therapy', 'code': 'continuous', 'display': 'Continuous long term therapy', 'userSelected': False}]",Soft Stop,"[{'valueBoolean': False, 'url': 'http://electronichealth.se/fhir/StructureDefinition/NLLDosePackaging'}]",2024-10-01T12:38:23Z,0.0,,,,,,,,
MedicationRequest,436895997,"[{'valueCodeableConcept': {'text': 'Does not need pharmacy verification'}, 'url': 'https://fhir-ehr.cerner.com/r4/StructureDefinition/pharmacy-verification-status'}, {'valueCoding': {'system': 'http://electronichealth.se/fhir/ValueSet/prescription-format', 'code': 'ELECTRONIC', 'display': 'Electronic'}, 'url': 'http://electronichealth.se/fhir/StructureDefinition/NLLPrescriptionFormat'}, {'valueCoding': {'system': 'http://ehalsomyndigheten.se/fhir/ValueSet/registration-basis-codes', 'code': 'ELECTRONIC', 'display': 'Electronic'}, 'url': 'http://electronichealth.se/fhir/StructureDefinition/NLLRegistrationBasis'}]",active,plan,"[{'coding': [{'system': 'http://terminology.hl7.org/CodeSystem/medicationrequest-category', 'code': 'community', 'display': 'Community', 'userSelected': False}]}, {'coding': [{'system': 'http://terminology.hl7.org/CodeSystem/medication-statement-category', 'code': 'patientspecified', 'display': 'Patient Specified', 'userSelected': False}]}]",True,2024-10-01T12:39:42Z,"[{'extension': [{'valueString': '6.0, every 1 hr, PRN, as needed, 0 Refill(s)', 'url': 'https://fhir-ehr.cerner.com/r4/StructureDefinition/clinical-instruction'}], 'text': '6.0, every 1 hr, as needed, PRN, 0 Refill(s)', 'additionalInstruction': [{'text': 'as needed'}], 'patientInstruction': '6.0 every hour as needed. as needed.', 'timing': {'repeat': {'boundsPeriod': {'start': '2024-10-01T12:39:00Z'}}, 'code': {'coding': [{'system': 'https://fhir.cerner.com/ec2458f2-1e24-41c8-b71b-0e701af7583d/codeSet/4003', 'code': '696539', 'display': 'every 1 hr', 'userSelected': True}, {'system': 'http://terminology.hl7.org/CodeSystem/v3-GTSAbbreviation', 'code': 'Q1H', 'display': 'every hour', 'userSelected': False}, {'system': 'http://snomed.info/sct', 'code': '225768006', 'display': 'Hourly (qualifier value)', 'userSelected': False}], 'text': 'every 1 hr'}}, 'asNeededBoolean': True}]",0,2024-10-01T12:39:42Z,generated,"<div xmlns=""http://www.w3.org/1999/xhtml""><p><b>Medication Request</b></p><p><b>Status</b>: Active</p><p><b>Intent</b>: Plan</p><p><b>Medication</b>: sodium hypochlorite topical (sodium hypochlorite 0.125% topical solution)</p><p><b>Dosage Instructions</b>: 6.0, every 1 hr, as needed, PRN, 0 Refill(s)</p><p><b>Patient</b>: SMART II, SANDY</p><p><b>Authored On</b>: Oct  1, 2024 12:39 P.M. UTC</p></div>","[{'system': 'http://www.nlm.nih.gov/research/umls/rxnorm', 'code': '644133', 'display': 'Sodium Hypochlorite 1.25 MG/ML Topical Solution', 'userSelected': False}, {'system': 'https://fhir.cerner.com/ec2458f2-1e24-41c8-b71b-0e701af7583d/synonym', 'code': '4246575', 'display': 'sodium hypochlorite 0.125% topical solution', 'userSelected': True}]",sodium hypochlorite topical (sodium hypochlorite 0.125% topical solution),Patient/12742399,"SMART II, SANDY",Encounter/97953523,"[{'valueCode': 'unknown', 'url': 'http://hl7.org/fhir/StructureDefinition/data-absent-reason'}]","[{'system': 'https://fhir.cerner.com/ec2458f2-1e24-41c8-b71b-0e701af7583d/codeSet/4009', 'code': '2338', 'display': 'Soft Stop', 'userSelected': True}, {'system': 'http://terminology.hl7.org/CodeSystem/medicationrequest-course-of-therapy', 'code': 'continuous', 'display': 'Continuous long term therapy', 'userSelected': False}]",Soft Stop,"[{'valueBoolean': False, 'url': 'http://electronichealth.se/fhir/StructureDefinition/NLLDosePackaging'}]",2024-10-01T12:39:42Z,0.0,,,,,,,,
MedicationRequest,414470113,"[{'valueCodeableConcept': {'text': 'Does not need pharmacy verification'}, 'url': 'https://fhir-ehr.cerner.com/r4/StructureDefinition/pharmacy-verification-status'}, {'valueCoding': {'system': 'http://electronichealth.se/fhir/ValueSet/prescription-format', 'code': 'ELECTRONIC', 'display': 'Electronic'}, 'url': 'http://electronichealth.se/fhir/StructureDefinition/NLLPrescriptionFormat'}, {'valueCoding': {'system': 'http://ehalsomyndigheten.se/fhir/ValueSet/registration-basis-codes', 'code': 'ELECTRONIC', 'display': 'Electronic'}, 'url': 'http://electronichealth.se/fhir/StructureDefinition/NLLRegistrationBasis'}]",active,plan,"[{'coding': [{'system': 'http://terminology.hl7.org/CodeSystem/medicationrequest-category', 'code': 'community', 'display': 'Community', 'userSelected': False}]}, {'coding': [{'system': 'http://terminology.hl7.org/CodeSystem/medication-statement-category', 'code': 'patientspecified', 'display': 'Patient Specified', 'userSelected': False}]}]",True,2024-03-06T14:31:16Z,"[{'extension': [{'valueString': '2.0, Daily, Krintafel 150 mg, PO, QD., 0 Refill(s)', 'url': 'https://fhir-ehr.cerner.com/r4/StructureDefinition/clinical-instruction'}], 'text': '2.0, Daily, Krintafel 150 mg, PO, QD., 0 Refill(s)', 'additionalInstruction': [{'text': 'Krintafel 150 mg, PO, QD.'}], 'patientInstruction': '2.0 every day. Krintafel 150 mg, PO, QD..', 'timing': {'repeat': {'boundsPeriod': {'start': '2024-01-18T00:00:00Z'}}, 'code': {'coding': [{'system': 'https://fhir.cerner.com/ec2458f2-1e24-41c8-b71b-0e701af7583d/codeSet/4003', 'code': '696530', 'display': 'Daily', 'userSelected': True}, {'system': 'http://snomed.info/sct', 'code': '229797004', 'display': 'Once daily (qualifier value)', 'userSelected': False}, {'system': 'http://terminology.hl7.org/CodeSystem/v3-GTSAbbreviation', 'code': 'QD', 'display': 'QD', 'userSelected': False}], 'text': 'Daily'}}, 'asNeededBoolean': False}]",0,2024-03-06T14:31:16Z,generated,"<div xmlns=""http://www.w3.org/1999/xhtml""><p><b>Medication Request</b></p><p><b>Status</b>: Active</p><p><b>Intent</b>: Plan</p><p><b>Medication</b>: tafenoquine (Krintafel 150 mg oral tablet)</p><p><b>Dosage Instructions</b>: 2.0, Daily, Krintafel 150 mg, PO, QD., 0 Refill(s)</p><p><b>Patient</b>: SMART II, SANDY</p><p><b>Authored On</b>: Mar  6, 2024  2:31 P.M. UTC</p></div>","[{'system': 'http://www.nlm.nih.gov/research/umls/rxnorm', 'code': '2109239', 'display': 'tafenoquine 150 MG Oral Tablet [Krintafel]', 'userSelected': False}, {'system': 'https://fhir.cerner.com/ec2458f2-1e24-41c8-b71b-0e701af7583d/synonym', 'code': '2572921165', 'display': 'Krintafel 150 mg oral tablet', 'userSelected': True}]",tafenoquine (Krintafel 150 mg oral tablet),Patient/12742399,"SMART II, SANDY",Encounter/97953523,"[{'valueCode': 'unknown', 'url': 'http://hl7.org/fhir/StructureDefinition/data-absent-reason'}]","[{'system': 'https://fhir.cerner.com/ec2458f2-1e24-41c8-b71b-0e701af7583d/codeSet/4009', 'code': '2338', 'display': 'Soft Stop', 'userSelected': True}, {'system': 'http://terminology.hl7.org/CodeSystem/medicationrequest-course-of-therapy', 'code': 'continuous', 'display': 'Continuous long term therapy', 'userSelected': False}]",Soft Stop,"[{'valueBoolean': False, 'url': 'http://electronichealth.se/fhir/StructureDefinition/NLLDosePackaging'}]",2024-03-06T14:31:16Z,0.0,"[{'text': 'STAGING-EveryDose - Mar  6, 2024  2:31 P.M. UTC - Entry made by EveryDose Application.'}]",,,,,,,
MedicationRequest,410277635,"[{'valueCodeableConcept': {'text': 'Does not need pharmacy verification'}, 'url': 'https://fhir-ehr.cerner.com/r4/StructureDefinition/pharmacy-verification-status'}, {'valueCoding': {'system': 'http://electronichealth.se/fhir/ValueSet/prescription-format', 'code': 'ELECTRONIC', 'display': 'Electronic'}, 'url': 'http://electronichealth.se/fhir/StructureDefinition/NLLPrescriptionFormat'}, {'valueCoding': {'system': 'http://ehalsomyndigheten.se/fhir/ValueSet/registration-basis-codes', 'code': 'ELECTRONIC', 'display': 'Electronic'}, 'url': 'http://electronichealth.se/fhir/StructureDefinition/NLLRegistrationBasis'}]",active,plan,"[{'coding': [{'system': 'http://terminology.hl7.org/CodeSystem/medicationrequest-category', 'code': 'community', 'display': 'Community', 'userSelected': False}]}, {'coding': [{'system': 'http://terminology.hl7.org/CodeSystem/medication-statement-category', 'code': 'patientspecified', 'display': 'Patient Specified', 'userSelected': False}]}]",True,2024-01-19T08:00:29Z,"[{'extension': [{'valueString': 'Krintafel, 0 Refill(s)', 'url': 'https://fhir-ehr.cerner.com/r4/StructureDefinition/clinical-instruction'}], 'text': '0 Refill(s)', 'timing': {'repeat': {'boundsPeriod': {'start': '2024-01-19T08:00:00Z'}}}, 'asNeededBoolean': False}]",0,2024-01-19T08:00:29Z,generated,"<div xmlns=""http://www.w3.org/1999/xhtml""><p><b>Medication Request</b></p><p><b>Status</b>: Active</p><p><b>Intent</b>: Plan</p><p><b>Medication</b>: template non-formulary (medication) (Krintafel)</p><p><b>Dosage Instructions</b>: 0 Refill(s)</p><p><b>Patient</b>: SMART II, SANDY</p><p><b>Authored On</b>: Jan 19, 2024  8:00 A.M. UTC</p></div>","[{'system': 'https://fhir.cerner.com/ec2458f2-1e24-41c8-b71b-0e701af7583d/synonym', 'code': '274145179', 'display': 'Krintafel', 'userSelected': True}]",template non-formulary (medication) (Krintafel),Patient/12742399,"SMART II, SANDY",Encounter/97953523,"[{'valueCode': 'unknown', 'url': 'http://hl7.org/fhir/StructureDefinition/data-absent-reason'}]","[{'system': 'https://fhir.cerner.com/ec2458f2-1e24-41c8-b71b-0e701af7583d/codeSet/4009', 'code': '2338', 'display': 'Soft Stop', 'userSelected': True}, {'system': 'http://terminology.hl7.org/CodeSystem/medicationrequest-course-of-therapy', 'code': 'continuous', 'display': 'Continuous long term therapy', 'userSelected': False}]",Soft Stop,"[{'valueBoolean': False, 'url': 'http://electronichealth.se/fhir/StructureDefinition/NLLDosePackaging'}]",2024-01-19T08:00:29Z,0.0,,,,,,,,
MedicationRequest,410277653,"[{'valueCodeableConcept': {'text': 'Does not need pharmacy verification'}, 'url': 'https://fhir-ehr.cerner.com/r4/StructureDefinition/pharmacy-verification-status'}, {'valueCoding': {'system': 'http://electronichealth.se/fhir/ValueSet/prescription-format', 'code': 'ELECTRONIC', 'display': 'Electronic'}, 'url': 'http://electronichealth.se/fhir/StructureDefinition/NLLPrescriptionFormat'}, {'valueCoding': {'system': 'http://ehalsomyndigheten.se/fhir/ValueSet/registration-basis-codes', 'code': 'ELECTRONIC', 'display': 'Electronic'}, 'url': 'http://electronichealth.se/fhir/StructureDefinition/NLLRegistrationBasis'}]",active,plan,"[{'coding': [{'system': 'http://terminology.hl7.org/CodeSystem/medicationrequest-category', 'code': 'community', 'display': 'Community', 'userSelected': False}]}, {'coding': [{'system': 'http://terminology.hl7.org/CodeSystem/medication-statement-category', 'code': 'patientspecified', 'display': 'Patient Specified', 'userSelected': False}]}]",True,2024-01-19T08:00:30Z,"[{'extension': [{'valueString': 'Lipitor, 0 Refill(s)', 'url': 'https://fhir-ehr.cerner.com/r4/StructureDefinition/clinical-instruction'}], 'text': '0 Refill(s)', 'timing': {'repeat': {'boundsPeriod': {'start': '2024-01-19T08:00:00Z'}}}, 'asNeededBoolean': False}]",0,2024-01-19T08:00:30Z,generated,"<div xmlns=""http://www.w3.org/1999/xhtml""><p><b>Medication Request</b></p><p><b>Status</b>: Active</p><p><b>Intent</b>: Plan</p><p><b>Medication</b>: template non-formulary (medication) (Lipitor)</p><p><b>Dosage Instructions</b>: 0 Refill(s)</p><p><b>Patient</b>: SMART II, SANDY</p><p><b>Authored On</b>: Jan 19, 2024  8:00 A.M. UTC</p></div>","[{'system': 'https://fhir.cerner.com/ec2458f2-1e24-41c8-b71b-0e701af7583d/synonym', 'code': '274145179', 'display': 'Lipitor', 'userSelected': True}]",template non-formulary (medication) (Lipitor),Patient/12742399,"SMART II, SANDY",Encounter/97953523,"[{'valueCode': 'unknown', 'url': 'http://hl7.org/fhir/StructureDefinition/data-absent-reason'}]","[{'system': 'https://fhir.cerner.com/ec2458f2-1e24-41c8-b71b-0e701af7583d/codeSet/4009', 'code': '2338', 'display': 'Soft Stop', 'userSelected': True}, {'system': 'http://terminology.hl7.org/CodeSystem/medicationrequest-course-of-therapy', 'code': 'continuous', 'display': 'Continuous long term therapy', 'userSelected': False}]",Soft Stop,"[{'valueBoolean': False, 'url': 'http://electronichealth.se/fhir/StructureDefinition/NLLDosePackaging'}]",2024-01-19T08:00:30Z,0.0,,,,,,,,
MedicationRequest,410277665,"[{'valueCodeableConcept': {'text': 'Does not need pharmacy verification'}, 'url': 'https://fhir-ehr.cerner.com/r4/StructureDefinition/pharmacy-verification-status'}, {'valueCoding': {'system': 'http://electronichealth.se/fhir/ValueSet/prescription-format', 'code': 'ELECTRONIC', 'display': 'Electronic'}, 'url': 'http://electronichealth.se/fhir/StructureDefinition/NLLPrescriptionFormat'}, {'valueCoding': {'system': 'http://ehalsomyndigheten.se/fhir/ValueSet/registration-basis-codes', 'code': 'ELECTRONIC', 'display': 'Electronic'}, 'url': 'http://electronichealth.se/fhir/StructureDefinition/NLLRegistrationBasis'}]",active,plan,"[{'coding': [{'system': 'http://terminology.hl7.org/CodeSystem/medicationrequest-category', 'code': 'community', 'display': 'Community', 'userSelected': False}]}, {'coding': [{'system': 'http://terminology.hl7.org/CodeSystem/medication-statement-category', 'code': 'patientspecified', 'display': 'Patient Specified', 'userSelected': False}]}]",True,2024-01-19T08:00:35Z,"[{'extension': [{'valueString': 'Xarelto, 0 Refill(s)', 'url': 'https://fhir-ehr.cerner.com/r4/StructureDefinition/clinical-instruction'}], 'text': '0 Refill(s)', 'timing': {'repeat': {'boundsPeriod': {'start': '2024-01-19T08:00:00Z'}}}, 'asNeededBoolean': False}]",0,2024-01-19T08:00:36Z,generated,"<div xmlns=""http://www.w3.org/1999/xhtml""><p><b>Medication Request</b></p><p><b>Status</b>: Active</p><p><b>Intent</b>: Plan</p><p><b>Medication</b>: template non-formulary (medication) (Xarelto)</p><p><b>Dosage Instructions</b>: 0 Refill(s)</p><p><b>Patient</b>: SMART II, SANDY</p><p><b>Authored On</b>: Jan 19, 2024  8:00 A.M. UTC</p></div>","[{'system': 'https://fhir.cerner.com/ec2458f2-1e24-41c8-b71b-0e701af7583d/synonym', 'code': '274145179', 'display': 'Xarelto', 'userSelected': True}]",template non-formulary (medication) (Xarelto),Patient/12742399,"SMART II, SANDY",Encounter/97953523,"[{'valueCode': 'unknown', 'url': 'http://hl7.org/fhir/StructureDefinition/data-absent-reason'}]","[{'system': 'https://fhir.cerner.com/ec2458f2-1e24-41c8-b71b-0e701af7583d/codeSet/4009', 'code': '2338', 'display': 'Soft Stop', 'userSelected': True}, {'system': 'http://terminology.hl7.org/CodeSystem/medicationrequest-course-of-therapy', 'code': 'continuous', 'display': 'Continuous long term therapy', 'userSelected': False}]",Soft Stop,"[{'valueBoolean': False, 'url': 'http://electronichealth.se/fhir/StructureDefinition/NLLDosePackaging'}]",2024-01-19T08:00:35Z,0.0,,,,,,,,
MedicationRequest,410277683,"[{'valueCodeableConcept': {'text': 'Does not need pharmacy verification'}, 'url': 'https://fhir-ehr.cerner.com/r4/StructureDefinition/pharmacy-verification-status'}, {'valueCoding': {'system': 'http://electronichealth.se/fhir/ValueSet/prescription-format', 'code': 'ELECTRONIC', 'display': 'Electronic'}, 'url': 'http://electronichealth.se/fhir/StructureDefinition/NLLPrescriptionFormat'}, {'valueCoding': {'system': 'http://ehalsomyndigheten.se/fhir/ValueSet/registration-basis-codes', 'code': 'ELECTRONIC', 'display': 'Electronic'}, 'url': 'http://electronichealth.se/fhir/StructureDefinition/NLLRegistrationBasis'}]",active,plan,"[{'coding': [{'system': 'http://terminology.hl7.org/CodeSystem/medicationrequest-category', 'code': 'community', 'display': 'Community', 'userSelected': False}]}, {'coding': [{'system': 'http://terminology.hl7.org/CodeSystem/medication-statement-category', 'code': 'patientspecified', 'display': 'Patient Specified', 'userSelected': False}]}]",True,2024-01-19T08:00:38Z,"[{'extension': [{'valueString': 'Xeomin, 0 Refill(s)', 'url': 'https://fhir-ehr.cerner.com/r4/StructureDefinition/clinical-instruction'}], 'text': '0 Refill(s)', 'timing': {'repeat': {'boundsPeriod': {'start': '2024-01-19T08:00:00Z'}}}, 'asNeededBoolean': False}]",0,2024-01-19T08:00:38Z,generated,"<div xmlns=""http://www.w3.org/1999/xhtml""><p><b>Medication Request</b></p><p><b>Status</b>: Active</p><p><b>Intent</b>: Plan</p><p><b>Medication</b>: template non-formulary (medication) (Xeomin)</p><p><b>Dosage Instructions</b>: 0 Refill(s)</p><p><b>Patient</b>: SMART II, SANDY</p><p><b>Authored On</b>: Jan 19, 2024  8:00 A.M. UTC</p></div>","[{'system': 'https://fhir.cerner.com/ec2458f2-1e24-41c8-b71b-0e701af7583d/synonym', 'code': '274145179', 'display': 'Xeomin', 'userSelected': True}]",template non-formulary (medication) (Xeomin),Patient/12742399,"SMART II, SANDY",Encounter/97953523,"[{'valueCode': 'unknown', 'url': 'http://hl7.org/fhir/StructureDefinition/data-absent-reason'}]","[{'system': 'https://fhir.cerner.com/ec2458f2-1e24-41c8-b71b-0e701af7583d/codeSet/4009', 'code': '2338', 'display': 'Soft Stop', 'userSelected': True}, {'system': 'http://terminology.hl7.org/CodeSystem/medicationrequest-course-of-therapy', 'code': 'continuous', 'display': 'Continuous long term therapy', 'userSelected': False}]",Soft Stop,"[{'valueBoolean': False, 'url': 'http://electronichealth.se/fhir/StructureDefinition/NLLDosePackaging'}]",2024-01-19T08:00:38Z,0.0,,,,,,,,
MedicationRequest,436830675,"[{'valueCodeableConcept': {'text': 'Does not need pharmacy verification'}, 'url': 'https://fhir-ehr.cerner.com/r4/StructureDefinition/pharmacy-verification-status'}, {'valueCoding': {'system': 'http://electronichealth.se/fhir/ValueSet/prescription-format', 'code': 'ELECTRONIC', 'display': 'Electronic'}, 'url': 'http://electronichealth.se/fhir/StructureDefinition/NLLPrescriptionFormat'}, {'valueCoding': {'system': 'http://ehalsomyndigheten.se/fhir/ValueSet/registration-basis-codes', 'code': 'ELECTRONIC', 'display': 'Electronic'}, 'url': 'http://electronichealth.se/fhir/StructureDefinition/NLLRegistrationBasis'}]",active,plan,"[{'coding': [{'system': 'http://terminology.hl7.org/CodeSystem/medicationrequest-category', 'code': 'community', 'display': 'Community', 'userSelected': False}]}, {'coding': [{'system': 'http://terminology.hl7.org/CodeSystem/medication-statement-category', 'code': 'patientspecified', 'display': 'Patient Specified', 'userSelected': False}]}]",True,2024-10-01T12:21:25Z,"[{'extension': [{'valueString': 'H-Chlor 12, 0 Refill(s)', 'url': 'https://fhir-ehr.cerner.com/r4/StructureDefinition/clinical-instruction'}], 'text': '0 Refill(s)', 'timing': {'repeat': {'boundsPeriod': {'start': '2024-10-01T12:21:00Z'}}}, 'asNeededBoolean': False}]",0,2024-10-01T12:21:25Z,generated,"<div xmlns=""http://www.w3.org/1999/xhtml""><p><b>Medication Request</b></p><p><b>Status</b>: Active</p><p><b>Intent</b>: Plan</p><p><b>Medication</b>: template non-formulary (medication) (H-Chlor 12)</p><p><b>Dosage Instructions</b>: 0 Refill(s)</p><p><b>Patient</b>: SMART II, SANDY</p><p><b>Authored On</b>: Oct  1, 2024 12:21 P.M. UTC</p></div>","[{'system': 'https://fhir.cerner.com/ec2458f2-1e24-41c8-b71b-0e701af7583d/synonym', 'code': '274145179', 'display': 'H-Chlor 12', 'userSelected': True}]",template non-formulary (medication) (H-Chlor 12),Patient/12742399,"SMART II, SANDY",Encounter/97953523,"[{'valueCode': 'unknown', 'url': 'http://hl7.org/fhir/StructureDefinition/data-absent-reason'}]","[{'system': 'https://fhir.cerner.com/ec2458f2-1e24-41c8-b71b-0e701af7583d/codeSet/4009', 'code': '2338', 'display': 'Soft Stop', 'userSelected': True}, {'system': 'http://terminology.hl7.org/CodeSystem/medicationrequest-course-of-therapy', 'code': 'continuous', 'display': 'Continuous long term therapy', 'userSelected': False}]",Soft Stop,"[{'valueBoolean': False, 'url': 'http://electronichealth.se/fhir/StructureDefinition/NLLDosePackaging'}]",2024-10-01T12:21:25Z,0.0,,,,,,,,
MedicationRequest,436830677,"[{'valueCodeableConcept': {'text': 'Does not need pharmacy verification'}, 'url': 'https://fhir-ehr.cerner.com/r4/StructureDefinition/pharmacy-verification-status'}, {'valueCoding': {'system': 'http://electronichealth.se/fhir/ValueSet/prescription-format', 'code': 'ELECTRONIC', 'display': 'Electronic'}, 'url': 'http://electronichealth.se/fhir/StructureDefinition/NLLPrescriptionFormat'}, {'valueCoding': {'system': 'http://ehalsomyndigheten.se/fhir/ValueSet/registration-basis-codes', 'code': 'ELECTRONIC', 'display': 'Electronic'}, 'url': 'http://electronichealth.se/fhir/StructureDefinition/NLLRegistrationBasis'}]",active,plan,"[{'coding': [{'system': 'http://terminology.hl7.org/CodeSystem/medicationrequest-category', 'code': 'community', 'display': 'Community', 'userSelected': False}]}, {'coding': [{'system': 'http://terminology.hl7.org/CodeSystem/medication-statement-category', 'code': 'patientspecified', 'display': 'Patient Specified', 'userSelected': False}]}]",True,2024-10-01T12:21:26Z,"[{'extension': [{'valueString': 'H-Chlor 12, 0 Refill(s)', 'url': 'https://fhir-ehr.cerner.com/r4/StructureDefinition/clinical-instruction'}], 'text': '0 Refill(s)', 'timing': {'repeat': {'boundsPeriod': {'start': '2024-10-01T12:21:00Z'}}}, 'asNeededBoolean': False}]",0,2024-10-01T12:21:26Z,generated,"<div xmlns=""http://www.w3.org/1999/xhtml""><p><b>Medication Request</b></p><p><b>Status</b>: Active</p><p><b>Intent</b>: Plan</p><p><b>Medication</b>: template non-formulary (medication) (H-Chlor 12)</p><p><b>Dosage Instructions</b>: 0 Refill(s)</p><p><b>Patient</b>: SMART II, SANDY</p><p><b>Authored On</b>: Oct  1, 2024 12:21 P.M. UTC</p></div>","[{'system': 'https://fhir.cerner.com/ec2458f2-1e24-41c8-b71b-0e701af7583d/synonym', 'code': '274145179', 'display': 'H-Chlor 12', 'userSelected': True}]",template non-formulary (medication) (H-Chlor 12),Patient/12742399,"SMART II, SANDY",Encounter/97953523,"[{'valueCode': 'unknown', 'url': 'http://hl7.org/fhir/StructureDefinition/data-absent-reason'}]","[{'system': 'https://fhir.cerner.com/ec2458f2-1e24-41c8-b71b-0e701af7583d/codeSet/4009', 'code': '2338', 'display': 'Soft Stop', 'userSelected': True}, {'system': 'http://terminology.hl7.org/CodeSystem/medicationrequest-course-of-therapy', 'code': 'continuous', 'display': 'Continuous long term therapy', 'userSelected': False}]",Soft Stop,"[{'valueBoolean': False, 'url': 'http://electronichealth.se/fhir/StructureDefinition/NLLDosePackaging'}]",2024-10-01T12:21:26Z,0.0,,,,,,,,
MedicationRequest,436896269,"[{'valueCodeableConcept': {'text': 'Does not need pharmacy verification'}, 'url': 'https://fhir-ehr.cerner.com/r4/StructureDefinition/pharmacy-verification-status'}, {'valueCoding': {'system': 'http://electronichealth.se/fhir/ValueSet/prescription-format', 'code': 'ELECTRONIC', 'display': 'Electronic'}, 'url': 'http://electronichealth.se/fhir/StructureDefinition/NLLPrescriptionFormat'}, {'valueCoding': {'system': 'http://ehalsomyndigheten.se/fhir/ValueSet/registration-basis-codes', 'code': 'ELECTRONIC', 'display': 'Electronic'}, 'url': 'http://electronichealth.se/fhir/StructureDefinition/NLLRegistrationBasis'}]",active,plan,"[{'coding': [{'system': 'http://terminology.hl7.org/CodeSystem/medicationrequest-category', 'code': 'community', 'display': 'Community', 'userSelected': False}]}, {'coding': [{'system': 'http://terminology.hl7.org/CodeSystem/medication-statement-category', 'code': 'patientspecified', 'display': 'Patient Specified', 'userSelected': False}]}]",True,2024-10-01T12:41:00Z,"[{'extension': [{'valueString': 'Guanidine, 6 mg =, every 1 hr, as needed, 0 Refill(s)', 'url': 'https://fhir-ehr.cerner.com/r4/StructureDefinition/clinical-instruction'}], 'text': '6 mg, every 1 hr, as needed, PRN, 0 Refill(s)', 'additionalInstruction': [{'text': 'as needed'}], 'patientInstruction': '6 Milligrams every hour as needed. as needed.', 'timing': {'repeat': {'boundsPeriod': {'start': '2024-01-19T09:00:00Z'}}, 'code': {'coding': [{'system': 'https://fhir.cerner.com/ec2458f2-1e24-41c8-b71b-0e701af7583d/codeSet/4003', 'code': '696539', 'display': 'every 1 hr', 'userSelected': True}, {'system': 'http://terminology.hl7.org/CodeSystem/v3-GTSAbbreviation', 'code': 'Q1H', 'display': 'every hour', 'userSelected': False}, {'system': 'http://snomed.info/sct', 'code': '225768006', 'display': 'Hourly (qualifier value)', 'userSelected': False}], 'text': 'every 1 hr'}}, 'asNeededBoolean': True, 'doseAndRate': [{'doseQuantity': {'value': 6.0, 'unit': 'mg', 'system': 'http://unitsofmeasure.org', 'code': 'mg'}}]}]",0,2024-10-01T12:41:00Z,generated,"<div xmlns=""http://www.w3.org/1999/xhtml""><p><b>Medication Request</b></p><p><b>Status</b>: Active</p><p><b>Intent</b>: Plan</p><p><b>Medication</b>: template non-formulary (medication) (Guanidine)</p><p><b>Dosage Instructions</b>: 6 mg, every 1 hr, as needed, PRN, 0 Refill(s)</p><p><b>Patient</b>: SMART II, SANDY</p><p><b>Authored On</b>: Oct  1, 2024 12:41 P.M. UTC</p></div>","[{'system': 'https://fhir.cerner.com/ec2458f2-1e24-41c8-b71b-0e701af7583d/synonym', 'code': '274145179', 'display': 'Guanidine', 'userSelected': True}]",template non-formulary (medication) (Guanidine),Patient/12742399,"SMART II, SANDY",Encounter/97953523,"[{'valueCode': 'unknown', 'url': 'http://hl7.org/fhir/StructureDefinition/data-absent-reason'}]","[{'system': 'https://fhir.cerner.com/ec2458f2-1e24-41c8-b71b-0e701af7583d/codeSet/4009', 'code': '2338', 'display': 'Soft Stop', 'userSelected': True}, {'system': 'http://terminology.hl7.org/CodeSystem/medicationrequest-course-of-therapy', 'code': 'continuous', 'display': 'Continuous long term therapy', 'userSelected': False}]",Soft Stop,"[{'valueBoolean': False, 'url': 'http://electronichealth.se/fhir/StructureDefinition/NLLDosePackaging'}]",2024-10-01T12:41:00Z,0.0,,,,,,,,
MedicationRequest,436942637,"[{'valueCodeableConcept': {'text': 'Does not need pharmacy verification'}, 'url': 'https://fhir-ehr.cerner.com/r4/StructureDefinition/pharmacy-verification-status'}, {'valueCoding': {'system': 'http://electronichealth.se/fhir/ValueSet/prescription-format', 'code': 'ELECTRONIC', 'display': 'Electronic'}, 'url': 'http://electronichealth.se/fhir/StructureDefinition/NLLPrescriptionFormat'}, {'valueCoding': {'system': 'http://ehalsomyndigheten.se/fhir/ValueSet/registration-basis-codes', 'code': 'ELECTRONIC', 'display': 'Electronic'}, 'url': 'http://electronichealth.se/fhir/StructureDefinition/NLLRegistrationBasis'}]",active,plan,"[{'coding': [{'system': 'http://terminology.hl7.org/CodeSystem/medicationrequest-category', 'code': 'community', 'display': 'Community', 'userSelected': False}]}, {'coding': [{'system': 'http://terminology.hl7.org/CodeSystem/medication-statement-category', 'code': 'patientspecified', 'display': 'Patient Specified', 'userSelected': False}]}]",True,2024-10-01T12:43:10Z,"[{'extension': [{'valueString': 'aspirin 325 mg capsule, 0 Refill(s)', 'url': 'https://fhir-ehr.cerner.com/r4/StructureDefinition/clinical-instruction'}], 'text': '0 Refill(s)', 'timing': {'repeat': {'boundsPeriod': {'start': '2024-10-01T12:43:00Z'}}}, 'asNeededBoolean': False}]",0,2024-10-01T12:43:10Z,generated,"<div xmlns=""http://www.w3.org/1999/xhtml""><p><b>Medication Request</b></p><p><b>Status</b>: Active</p><p><b>Intent</b>: Plan</p><p><b>Medication</b>: template non-formulary (medication) (aspirin 325 mg capsule)</p><p><b>Dosage Instructions</b>: 0 Refill(s)</p><p><b>Patient</b>: SMART II, SANDY</p><p><b>Authored On</b>: Oct  1, 2024 12:43 P.M. UTC</p></div>","[{'system': 'https://fhir.cerner.com/ec2458f2-1e24-41c8-b71b-0e701af7583d/synonym', 'code': '274145179', 'display': 'aspirin 325 mg capsule', 'userSelected': True}]",template non-formulary (medication) (aspirin 325 mg capsule),Patient/12742399,"SMART II, SANDY",Encounter/97953523,"[{'valueCode': 'unknown', 'url': 'http://hl7.org/fhir/StructureDefinition/data-absent-reason'}]","[{'system': 'https://fhir.cerner.com/ec2458f2-1e24-41c8-b71b-0e701af7583d/codeSet/4009', 'code': '2338', 'display': 'Soft Stop', 'userSelected': True}, {'system': 'http://terminology.hl7.org/CodeSystem/medicationrequest-course-of-therapy', 'code': 'continuous', 'display': 'Continuous long term therapy', 'userSelected': False}]",Soft Stop,"[{'valueBoolean': False, 'url': 'http://electronichealth.se/fhir/StructureDefinition/NLLDosePackaging'}]",2024-10-01T12:43:10Z,0.0,,,,,,,,
MedicationRequest,436960623,"[{'valueCodeableConcept': {'text': 'Does not need pharmacy verification'}, 'url': 'https://fhir-ehr.cerner.com/r4/StructureDefinition/pharmacy-verification-status'}, {'valueCoding': {'system': 'http://electronichealth.se/fhir/ValueSet/prescription-format', 'code': 'ELECTRONIC', 'display': 'Electronic'}, 'url': 'http://electronichealth.se/fhir/StructureDefinition/NLLPrescriptionFormat'}, {'valueCoding': {'system': 'http://ehalsomyndigheten.se/fhir/ValueSet/registration-basis-codes', 'code': 'ELECTRONIC', 'display': 'Electronic'}, 'url': 'http://electronichealth.se/fhir/StructureDefinition/NLLRegistrationBasis'}]",active,plan,"[{'coding': [{'system': 'http://terminology.hl7.org/CodeSystem/medicationrequest-category', 'code': 'community', 'display': 'Community', 'userSelected': False}]}, {'coding': [{'system': 'http://terminology.hl7.org/CodeSystem/medication-statement-category', 'code': 'patientspecified', 'display': 'Patient Specified', 'userSelected': False}]}]",True,2024-10-01T12:45:51Z,"[{'extension': [{'valueString': 'Fish Oil 500 mg oral capsule, 0 Refill(s)', 'url': 'https://fhir-ehr.cerner.com/r4/StructureDefinition/clinical-instruction'}], 'text': '0 Refill(s)', 'timing': {'repeat': {'boundsPeriod': {'start': '2024-10-01T12:45:00Z'}}}, 'asNeededBoolean': False}]",0,2024-10-01T12:45:51Z,generated,"<div xmlns=""http://www.w3.org/1999/xhtml""><p><b>Medication Request</b></p><p><b>Status</b>: Active</p><p><b>Intent</b>: Plan</p><p><b>Medication</b>: template non-formulary (medication) (Fish Oil 500 mg oral capsule)</p><p><b>Dosage Instructions</b>: 0 Refill(s)</p><p><b>Patient</b>: SMART II, SANDY</p><p><b>Authored On</b>: Oct  1, 2024 12:45 P.M. UTC</p></div>","[{'system': 'https://fhir.cerner.com/ec2458f2-1e24-41c8-b71b-0e701af7583d/synonym', 'code': '274145179', 'display': 'Fish Oil 500 mg oral capsule', 'userSelected': True}]",template non-formulary (medication) (Fish Oil 500 mg oral capsule),Patient/12742399,"SMART II, SANDY",Encounter/97953523,"[{'valueCode': 'unknown', 'url': 'http://hl7.org/fhir/StructureDefinition/data-absent-reason'}]","[{'system': 'https://fhir.cerner.com/ec2458f2-1e24-41c8-b71b-0e701af7583d/codeSet/4009', 'code': '2338', 'display': 'Soft Stop', 'userSelected': True}, {'system': 'http://terminology.hl7.org/CodeSystem/medicationrequest-course-of-therapy', 'code': 'continuous', 'display': 'Continuous long term therapy', 'userSelected': False}]",Soft Stop,"[{'valueBoolean': False, 'url': 'http://electronichealth.se/fhir/StructureDefinition/NLLDosePackaging'}]",2024-10-01T12:45:51Z,0.0,,,,,,,,
MedicationRequest,436961517,"[{'valueCodeableConcept': {'text': 'Does not need pharmacy verification'}, 'url': 'https://fhir-ehr.cerner.com/r4/StructureDefinition/pharmacy-verification-status'}, {'valueCoding': {'system': 'http://electronichealth.se/fhir/ValueSet/prescription-format', 'code': 'ELECTRONIC', 'display': 'Electronic'}, 'url': 'http://electronichealth.se/fhir/StructureDefinition/NLLPrescriptionFormat'}, {'valueCoding': {'system': 'http://ehalsomyndigheten.se/fhir/ValueSet/registration-basis-codes', 'code': 'ELECTRONIC', 'display': 'Electronic'}, 'url': 'http://electronichealth.se/fhir/StructureDefinition/NLLRegistrationBasis'}]",active,plan,"[{'coding': [{'system': 'http://terminology.hl7.org/CodeSystem/medicationrequest-category', 'code': 'community', 'display': 'Community', 'userSelected': False}]}, {'coding': [{'system': 'http://terminology.hl7.org/CodeSystem/medication-statement-category', 'code': 'patientspecified', 'display': 'Patient Specified', 'userSelected': False}]}]",True,2024-10-01T12:48:29Z,"[{'extension': [{'valueString': 'tafenoquine (Krintafel 150 mg oral tablet), 0 Refill(s)', 'url': 'https://fhir-ehr.cerner.com/r4/StructureDefinition/clinical-instruction'}], 'text': '0 Refill(s)', 'timing': {'repeat': {'boundsPeriod': {'start': '2024-10-01T12:48:00Z'}}}, 'asNeededBoolean': False}]",0,2024-10-01T12:48:29Z,generated,"<div xmlns=""http://www.w3.org/1999/xhtml""><p><b>Medication Request</b></p><p><b>Status</b>: Active</p><p><b>Intent</b>: Plan</p><p><b>Medication</b>: template non-formulary (medication) (tafenoquine (Krintafel 150 mg oral tablet))</p><p><b>Dosage Instructions</b>: 0 Refill(s)</p><p><b>Patient</b>: SMART II, SANDY</p><p><b>Authored On</b>: Oct  1, 2024 12:48 P.M. UTC</p></div>","[{'system': 'https://fhir.cerner.com/ec2458f2-1e24-41c8-b71b-0e701af7583d/synonym', 'code': '274145179', 'display': 'tafenoquine (Krintafel 150 mg oral tablet)', 'userSelected': True}]",template non-formulary (medication) (tafenoquine (Krintafel 150 mg oral tablet)),Patient/12742399,"SMART II, SANDY",Encounter/97953523,"[{'valueCode': 'unknown', 'url': 'http://hl7.org/fhir/StructureDefinition/data-absent-reason'}]","[{'system': 'https://fhir.cerner.com/ec2458f2-1e24-41c8-b71b-0e701af7583d/codeSet/4009', 'code': '2338', 'display': 'Soft Stop', 'userSelected': True}, {'system': 'http://terminology.hl7.org/CodeSystem/medicationrequest-course-of-therapy', 'code': 'continuous', 'display': 'Continuous long term therapy', 'userSelected': False}]",Soft Stop,"[{'valueBoolean': False, 'url': 'http://electronichealth.se/fhir/StructureDefinition/NLLDosePackaging'}]",2024-10-01T12:48:29Z,0.0,,,,,,,,
MedicationRequest,497561961,"[{'valueCodeableConcept': {'text': 'Does not need pharmacy verification'}, 'url': 'https://fhir-ehr.cerner.com/r4/StructureDefinition/pharmacy-verification-status'}, {'valueCoding': {'system': 'http://electronichealth.se/fhir/ValueSet/prescription-format', 'code': 'ELECTRONIC', 'display': 'Electronic'}, 'url': 'http://electronichealth.se/fhir/StructureDefinition/NLLPrescriptionFormat'}, {'valueCoding': {'system': 'http://ehalsomyndigheten.se/fhir/ValueSet/registration-basis-codes', 'code': 'ELECTRONIC', 'display': 'Electronic'}, 'url': 'http://electronichealth.se/fhir/StructureDefinition/NLLRegistrationBasis'}]",active,plan,"[{'coding': [{'system': 'http://terminology.hl7.org/CodeSystem/medicationrequest-category', 'code': 'community', 'display': 'Community', 'userSelected': False}]}, {'coding': [{'system': 'http://terminology.hl7.org/CodeSystem/medication-statement-category', 'code': 'patientspecified', 'display': 'Patient Specified', 'userSelected': False}]}]",True,2026-06-22T20:27:11Z,"[{'extension': [{'valueString': 'Latanoprost/Timolol (Xalacom) OU QD, OPHTH, 0 Refill(s)', 'url': 'https://fhir-ehr.cerner.com/r4/StructureDefinition/clinical-instruction'}], 'text': 'OPHTH, 0 Refill(s)', 'patientInstruction': 'Ophthalmic (the eye).', 'timing': {'repeat': {'boundsPeriod': {'start': '2026-06-22T20:27:00Z'}}}, 'asNeededBoolean': False, 'route': {'coding': [{'system': 'https://fhir.cerner.com/ec2458f2-1e24-41c8-b71b-0e701af7583d/codeSet/4001', 'code': '318181', 'display': 'OPHTH', 'userSelected': True}, {'system': 'http://snomed.info/sct', 'code': '54485002', 'display': 'Ophthalmic route (qualifier value)', 'userSelected': False}], 'text': 'OPHTH'}}]",0,2026-06-22T20:27:11Z,generated,"<div xmlns=""http://www.w3.org/1999/xhtml""><p><b>Medication Request</b></p><p><b>Status</b>: Active</p><p><b>Intent</b>: Plan</p><p><b>Medication</b>: template non-formulary (medication) (Latanoprost/Timolol (Xalacom) OU QD)</p><p><b>Dosage Instructions</b>: OPHTH, 0 Refill(s)</p><p><b>Patient</b>: SMART II, SANDY</p><p><b>Authored On</b>: Jun 22, 2026  8:27 P.M. UTC</p></div>","[{'system': 'https://fhir.cerner.com/ec2458f2-1e24-41c8-b71b-0e701af7583d/synonym', 'code': '274145179', 'display': 'Latanoprost/Timolol (Xalacom) OU QD', 'userSelected': True}]",template non-formulary (medication) (Latanoprost/Timolol (Xalacom) OU QD),Patient/12742399,"SMART II, SANDY",Encounter/100390930,"[{'valueCode': 'unknown', 'url': 'http://hl7.org/fhir/StructureDefinition/data-absent-reason'}]","[{'system': 'https://fhir.cerner.com/ec2458f2-1e24-41c8-b71b-0e701af7583d/codeSet/4009', 'code': '2338', 'display': 'Soft Stop', 'userSelected': True}, {'system': 'http://terminology.hl7.org/CodeSystem/medicationrequest-course-of-therapy', 'code': 'continuous', 'display': 'Continuous long term therapy', 'userSelected': False}]",Soft Stop,"[{'valueBoolean': False, 'url': 'http://electronichealth.se/fhir/StructureDefinition/NLLDosePackaging'}]",2026-06-22T20:27:11Z,0.0,"[{'text': 'Practitioner/12742069 - Jun 22, 2026  8:27 P.M. UTC - OphthoScribe reported medication entry'}]",,,,,,,
MedicationRequest,410277445,"[{'valueCodeableConcept': {'text': 'Does not need pharmacy verification'}, 'url': 'https://fhir-ehr.cerner.com/r4/StructureDefinition/pharmacy-verification-status'}, {'valueCoding': {'system': 'http://electronichealth.se/fhir/ValueSet/prescription-format', 'code': 'ELECTRONIC', 'display': 'Electronic'}, 'url': 'http://electronichealth.se/fhir/StructureDefinition/NLLPrescriptionFormat'}, {'valueCoding': {'system': 'http://ehalsomyndigheten.se/fhir/ValueSet/registration-basis-codes', 'code': 'ELECTRONIC', 'display': 'Electronic'}, 'url': 'http://electronichealth.se/fhir/StructureDefinition/NLLRegistrationBasis'}]",on-hold,plan,"[{'coding': [{'system': 'http://terminology.hl7.org/CodeSystem/medicationrequest-category', 'code': 'community', 'display': 'Community', 'userSelected': False}]}, {'coding': [{'system': 'http://terminology.hl7.org/CodeSystem/medication-statement-category', 'code': 'patientspecified', 'display': 'Patient Specified', 'userSelected': False}]}]",True,2024-01-19T07:35:53Z,"[{'extension': [{'valueString': '200 mg, IM, Daily, 0 Refill(s)', 'url': 'https://fhir-ehr.cerner.com/r4/StructureDefinition/clinical-instruction'}], 'text': '200 mg, IM, Daily, 0 Refill(s)', 'patientInstruction': '200 Milligrams Intramuscular (in a muscle) every day.', 'timing': {'repeat': {'boundsPeriod': {'start': '2024-01-19T07:35:00Z'}}, 'code': {'coding': [{'system': 'https://fhir.cerner.com/ec2458f2-1e24-41c8-b71b-0e701af7583d/codeSet/4003', 'code': '696530', 'display': 'Daily', 'userSelected': True}, {'system': 'http://snomed.info/sct', 'code': '229797004', 'display': 'Once daily (qualifier value)', 'userSelected': False}, {'system': 'http://terminology.hl7.org/CodeSystem/v3-GTSAbbreviation', 'code': 'QD', 'display': 'QD', 'userSelected': False}], 'text': 'Daily'}}, 'asNeededBoolean': False, 'route': {'coding': [{'system': 'https://fhir.cerner.com/ec2458f2-1e24-41c8-b71b-0e701af7583d/codeSet/4001', 'code': '318167', 'display': 'IM', 'userSelected': True}, {'system': 'http://snomed.info/sct', 'code': '78421000', 'display': 'Intramuscular route (qualifier value)', 'userSelected': False}], 'text': 'IM'}, 'doseAndRate': [{'doseQuantity': {'value': 200.0, 'unit': 'mg', 'system': 'http://unitsofmeasure.org', 'code': 'mg'}}]}]",1,2024-01-19T07:40:24Z,generated,"<div xmlns=""http://www.w3.org/1999/xhtml""><p><b>Medication Request</b></p><p><b>Status</b>: On Hold</p><p><b>Intent</b>: Plan</p><p><b>Medication</b>: trimethobenzamide (Tigan 100 mg/mL intramuscular solution)</p><p><b>Dosage Instructions</b>: 200 mg, IM, Daily, 0 Refill(s)</p><p><b>Patient</b>: SMART II, SANDY</p><p><b>Authored On</b>: Jan 19, 2024  7:35 A.M. UTC</p></div>","[{'system': 'http://www.nlm.nih.gov/research/umls/rxnorm', 'code': '1726682', 'display': '2 ML Trimethobenzamide hydrochloride 100 MG/ML Injection [Tigan]', 'userSelected': False}, {'system': 'https://fhir.cerner.com/ec2458f2-1e24-41c8-b71b-0e701af7583d/synonym', 'code': '2770655', 'display': 'Tigan 100 mg/mL intramuscular solution', 'userSelected': True}]",trimethobenzamide (Tigan 100 mg/mL intramuscular solution),Patient/12742399,"SMART II, SANDY",Encounter/97998276,"[{'valueCode': 'unknown', 'url': 'http://hl7.org/fhir/StructureDefinition/data-absent-reason'}]","[{'system': 'https://fhir.cerner.com/ec2458f2-1e24-41c8-b71b-0e701af7583d/codeSet/4009', 'code': '2338', 'display': 'Soft Stop', 'userSelected': True}, {'system': 'http://terminology.hl7.org/CodeSystem/medicationrequest-course-of-therapy', 'code': 'continuous', 'display': 'Continuous long term therapy', 'userSelected': False}]",Maintenance,"[{'valueBoolean': False, 'url': 'http://electronichealth.se/fhir/StructureDefinition/NLLDosePackaging'}]",2024-01-19T07:35:53Z,0.0,,,,,,,,True
MedicationRequest,367246499,"[{'valueCodeableConcept': {'text': 'Does not need pharmacy verification'}, 'url': 'https://fhir-ehr.cerner.com/r4/StructureDefinition/pharmacy-verification-status'}, {'valueCoding': {'system': 'http://electronichealth.se/fhir/ValueSet/prescription-format', 'code': 'ELECTRONIC', 'display': 'Electronic'}, 'url': 'http://electronichealth.se/fhir/StructureDefinition/NLLPrescriptionFormat'}, {'valueCoding': {'system': 'http://ehalsomyndigheten.se/fhir/ValueSet/registration-basis-codes', 'code': 'ELECTRONIC', 'display': 'Electronic'}, 'url': 'http://electronichealth.se/fhir/StructureDefinition/NLLRegistrationBasis'}]",on-hold,plan,"[{'coding': [{'system': 'http://terminology.hl7.org/CodeSystem/medicationrequest-category', 'code': 'community', 'display': 'Community', 'userSelected': False}]}, {'coding': [{'system': 'http://terminology.hl7.org/CodeSystem/medication-statement-category', 'code': 'patientspecified', 'display': 'Patient Specified', 'userSelected': False}]}]",True,2022-11-04T13:57:22Z,"[{'extension': [{'valueString': '2 mg = 2 tab, Oral, Daily, 0 Refill(s)', 'url': 'https://fhir-ehr.cerner.com/r4/StructureDefinition/clinical-instruction'}], 'text': '2 mg = 2 tab, Oral, Daily, 0 Refill(s)', 'patientInstruction': '2 tab Oral (given by mouth) every day.', 'timing': {'repeat': {'boundsPeriod': {'start': '2022-11-04T13:57:00Z'}}, 'code': {'coding': [{'system': 'https://fhir.cerner.com/ec2458f2-1e24-41c8-b71b-0e701af7583d/codeSet/4003', 'code': '696530', 'display': 'Daily', 'userSelected': True}, {'system': 'http://snomed.info/sct', 'code': '229797004', 'display': 'Once daily (qualifier value)', 'userSelected': False}, {'system': 'http://terminology.hl7.org/CodeSystem/v3-GTSAbbreviation', 'code': 'QD', 'display': 'QD', 'userSelected': False}], 'text': 'Daily'}}, 'asNeededBoolean': False, 'route': {'coding': [{'system': 'https://fhir.cerner.com/ec2458f2-1e24-41c8-b71b-0e701af7583d/codeSet/4001', 'code': '318185', 'display': 'Oral', 'userSelected': True}, {'system': 'http://snomed.info/sct', 'code': '26643006', 'display': 'Oral route (qualifier value)', 'userSelected': False}], 'text': 'Oral'}, 'doseAndRate': [{'doseQuantity': {'value': 2.0, 'unit': 'tab', 'system': 'http://unitsofmeasure.org', 'code': '{tbl}'}}]}]",1,2024-04-29T13:13:44Z,generated,"<div xmlns=""http://www.w3.org/1999/xhtml""><p><b>Medication Request</b></p><p><b>Status</b>: On Hold</p><p><b>Intent</b>: Plan</p><p><b>Medication</b>: warfarin (warfarin 1 mg oral tablet)</p><p><b>Dosage Instructions</b>: 2 mg = 2 tab, Oral, Daily, 0 Refill(s)</p><p><b>Patient</b>: SMART II, SANDY</p><p><b>Authored On</b>: Nov  4, 2022  1:57 P.M. UTC</p></div>","[{'system': 'http://www.nlm.nih.gov/research/umls/rxnorm', 'code': '855288', 'display': 'Warfarin Sodium 1 MG Oral Tablet', 'userSelected': False}, {'system': 'https://fhir.cerner.com/ec2458f2-1e24-41c8-b71b-0e701af7583d/synonym', 'code': '2771192', 'display': 'warfarin 1 mg oral tablet', 'userSelected': True}]",warfarin (warfarin 1 mg oral tablet),Patient/12742399,"SMART II, SANDY",Encounter/97953523,"[{'valueCode': 'unknown', 'url': 'http://hl7.org/fhir/StructureDefinition/data-absent-reason'}]","[{'system': 'https://fhir.cerner.com/ec2458f2-1e24-41c8-b71b-0e701af7583d/codeSet/4009', 'code': '2338', 'display': 'Soft Stop', 'userSelected': True}, {'system': 'http://terminology.hl7.org/CodeSystem/medicationrequest-course-of-therapy', 'code': 'continuous', 'display': 'Continuous long term therapy', 'userSelected': False}]",Maintenance,"[{'valueBoolean': False, 'url': 'http://electronichealth.se/fhir/StructureDefinition/NLLDosePackaging'}]",2022-11-04T13:57:22Z,0.0,,,,,,,,True
MedicationRequest,367246619,"[{'valueCodeableConcept': {'text': 'Does not need pharmacy verification'}, 'url': 'https://fhir-ehr.cerner.com/r4/StructureDefinition/pharmacy-verification-status'}, {'valueCoding': {'system': 'http://electronichealth.se/fhir/ValueSet/prescription-format', 'code': 'ELECTRONIC', 'display': 'Electronic'}, 'url': 'http://electronichealth.se/fhir/StructureDefinition/NLLPrescriptionFormat'}, {'valueCoding': {'system': 'http://ehalsomyndigheten.se/fhir/ValueSet/registration-basis-codes', 'code': 'ELECTRONIC', 'display': 'Electronic'}, 'url': 'http://electronichealth.se/fhir/StructureDefinition/NLLRegistrationBasis'}]",active,plan,"[{'coding': [{'system': 'http://terminology.hl7.org/CodeSystem/medicationrequest-category', 'code': 'community', 'display': 'Community', 'userSelected': False}]}, {'coding': [{'system': 'http://terminology.hl7.org/CodeSystem/medication-statement-category', 'code': 'patientspecified', 'display': 'Patient Specified', 'userSelected': False}]}]",True,2022-11-04T13:57:48Z,"[{'extension': [{'valueString': '7.5 mg, Oral, Daily, 0 Refill(s)', 'url': 'https://fhir-ehr.cerner.com/r4/StructureDefinition/clinical-instruction'}], 'text': '7.5 mg, Oral, Daily, 0 Refill(s)', 'patientInstruction': '7.5 Milligrams Oral (given by mouth) every day.', 'timing': {'repeat': {'boundsPeriod': {'start': '2022-11-04T13:57:00Z'}}, 'code': {'coding': [{'system': 'https://fhir.cerner.com/ec2458f2-1e24-41c8-b71b-0e701af7583d/codeSet/4003', 'code': '696530', 'display': 'Daily', 'userSelected': True}, {'system': 'http://snomed.info/sct', 'code': '229797004', 'display': 'Once daily (qualifier value)', 'userSelected': False}, {'system': 'http://terminology.hl7.org/CodeSystem/v3-GTSAbbreviation', 'code': 'QD', 'display': 'QD', 'userSelected': False}], 'text': 'Daily'}}, 'asNeededBoolean': False, 'route': {'coding': [{'system': 'https://fhir.cerner.com/ec2458f2-1e24-41c8-b71b-0e701af7583d/codeSet/4001', 'code': '318185', 'display': 'Oral', 'userSelected': True}, {'system': 'http://snomed.info/sct', 'code': '26643006', 'display': 'Oral route (qualifier value)', 'userSelected': False}], 'text': 'Oral'}, 'doseAndRate': [{'doseQuantity': {'value': 7.5, 'unit': 'mg', 'system': 'http://unitsofmeasure.org', 'code': 'mg'}}]}]",0,2022-11-04T13:58:24Z,generated,"<div xmlns=""http://www.w3.org/1999/xhtml""><p><b>Medication Request</b></p><p><b>Status</b>: Active</p><p><b>Intent</b>: Plan</p><p><b>Medication</b>: warfarin (warfarin 2.5 mg oral tablet)</p><p><b>Dosage Instructions</b>: 7.5 mg, Oral, Daily, 0 Refill(s)</p><p><b>Patient</b>: SMART II, SANDY</p><p><b>Authored On</b>: Nov  4, 2022  1:57 P.M. UTC</p></div>","[{'system': 'http://www.nlm.nih.gov/research/umls/rxnorm', 'code': '855312', 'display': 'Warfarin Sodium 2.5 MG Oral Tablet', 'userSelected': False}, {'system': 'https://fhir.cerner.com/ec2458f2-1e24-41c8-b71b-0e701af7583d/synonym', 'code': '2771195', 'display': 'warfarin 2.5 mg oral tablet', 'userSelected': True}]",warfarin (warfarin 2.5 mg oral tablet),Patient/12742399,"SMART II, SANDY",Encounter/97953523,"[{'valueCode': 'unknown', 'url': 'http://hl7.org/fhir/StructureDefinition/data-absent-reason'}]","[{'system': 'https://fhir.cerner.com/ec2458f2-1e24-41c8-b71b-0e701af7583d/codeSet/4009', 'code': '2338', 'display': 'Soft Stop', 'userSelected': True}, {'system': 'http://terminology.hl7.org/CodeSystem/medicationrequest-course-of-therapy', 'code': 'continuous', 'display': 'Continuous long term therapy', 'userSelected': False}]",Maintenance,"[{'valueBoolean': False, 'url': 'http://electronichealth.se/fhir/StructureDefinition/NLLDosePackaging'}]",2022-11-04T13:57:48Z,0.0,,,,,,,,True
MedicationRequest,367246637,"[{'valueCodeableConcept': {'text': 'Does not need pharmacy verification'}, 'url': 'https://fhir-ehr.cerner.com/r4/StructureDefinition/pharmacy-verification-status'}, {'valueCoding': {'system': 'http://electronichealth.se/fhir/ValueSet/prescription-format', 'code': 'ELECTRONIC', 'display': 'Electronic'}, 'url': 'http://electronichealth.se/fhir/StructureDefinition/NLLPrescriptionFormat'}, {'valueCoding': {'system': 'http://ehalsomyndigheten.se/fhir/ValueSet/registration-basis-codes', 'code': 'ELECTRONIC', 'display': 'Electronic'}, 'url': 'http://electronichealth.se/fhir/StructureDefinition/NLLRegistrationBasis'}]",active,plan,"[{'coding': [{'system': 'http://terminology.hl7.org/CodeSystem/medicationrequest-category', 'code': 'community', 'display': 'Community', 'userSelected': False}]}, {'coding': [{'system': 'http://terminology.hl7.org/CodeSystem/medication-statement-category', 'code': 'patientspecified', 'display': 'Patient Specified', 'userSelected': False}]}]",True,2022-11-04T13:59:38Z,"[{'extension': [{'valueString': '2 mg = 1 tab, Oral, Mon/Thu, 0 Refill(s)', 'url': 'https://fhir-ehr.cerner.com/r4/StructureDefinition/clinical-instruction'}], 'text': '2 mg = 1 tab, Oral, Mon/Thu, 0 Refill(s)', 'patientInstruction': '1 tab Oral (given by mouth) Mon/Thu.', 'timing': {'repeat': {'boundsPeriod': {'start': '2022-11-04T13:59:00Z'}}, 'code': {'coding': [{'system': 'https://fhir.cerner.com/ec2458f2-1e24-41c8-b71b-0e701af7583d/codeSet/4003', 'code': '696572', 'display': 'Mon/Thu', 'userSelected': True}, {'system': 'http://snomed.info/sct', 'code': '444724007', 'display': 'Twice a week on Monday and Thursday (qualifier value)', 'userSelected': False}], 'text': 'Mon/Thu'}}, 'asNeededBoolean': False, 'route': {'coding': [{'system': 'https://fhir.cerner.com/ec2458f2-1e24-41c8-b71b-0e701af7583d/codeSet/4001', 'code': '318185', 'display': 'Oral', 'userSelected': True}, {'system': 'http://snomed.info/sct', 'code': '26643006', 'display': 'Oral route (qualifier value)', 'userSelected': False}], 'text': 'Oral'}, 'doseAndRate': [{'doseQuantity': {'value': 1.0, 'unit': 'tab', 'system': 'http://unitsofmeasure.org', 'code': '{tbl}'}}]}]",0,2022-11-04T14:01:23Z,generated,"<div xmlns=""http://www.w3.org/1999/xhtml""><p><b>Medication Request</b></p><p><b>Status</b>: Active</p><p><b>Intent</b>: Plan</p><p><b>Medication</b>: warfarin (warfarin 2 mg oral tablet)</p><p><b>Dosage Instructions</b>: 2 mg = 1 tab, Oral, Mon/Thu, 0 Refill(s)</p><p><b>Patient</b>: SMART II, SANDY</p><p><b>Authored On</b>: Nov  4, 2022  1:59 P.M. UTC</p></div>","[{'system': 'http://www.nlm.nih.gov/research/umls/rxnorm', 'code': '855302', 'display': 'Warfarin Sodium 2 MG Oral Tablet', 'userSelected': False}, {'system': 'https://fhir.cerner.com/ec2458f2-1e24-41c8-b71b-0e701af7583d/synonym', 'code': '2771194', 'display': 'warfarin 2 mg oral tablet', 'userSelected': True}]",warfarin (warfarin 2 mg oral tablet),Patient/12742399,"SMART II, SANDY",Encounter/97953523,"[{'valueCode': 'unknown', 'url': 'http://hl7.org/fhir/StructureDefinition/data-absent-reason'}]","[{'system': 'https://fhir.cerner.com/ec2458f2-1e24-41c8-b71b-0e701af7583d/codeSet/4009', 'code': '2338', 'display': 'Soft Stop', 'userSelected': True}, {'system': 'http://terminology.hl7.org/CodeSystem/medicationrequest-course-of-therapy', 'code': 'continuous', 'display': 'Continuous long term therapy', 'userSelected': False}]",Maintenance,"[{'valueBoolean': False, 'url': 'http://electronichealth.se/fhir/StructureDefinition/NLLDosePackaging'}]",2022-11-04T13:59:38Z,0.0,,,,,,,,True
MedicationRequest,367246679,"[{'valueCodeableConcept': {'text': 'Does not need pharmacy verification'}, 'url': 'https://fhir-ehr.cerner.com/r4/StructureDefinition/pharmacy-verification-status'}, {'valueCoding': {'system': 'http://electronichealth.se/fhir/ValueSet/prescription-format', 'code': 'ELECTRONIC', 'display': 'Electronic'}, 'url': 'http://electronichealth.se/fhir/StructureDefinition/NLLPrescriptionFormat'}, {'valueCoding': {'system': 'http://ehalsomyndigheten.se/fhir/ValueSet/registration-basis-codes', 'code': 'ELECTRONIC', 'display': 'Electronic'}, 'url': 'http://electronichealth.se/fhir/StructureDefinition/NLLRegistrationBasis'}]",on-hold,plan,"[{'coding': [{'system': 'http://terminology.hl7.org/CodeSystem/medicationrequest-category', 'code': 'community', 'display': 'Community', 'userSelected': False}]}, {'coding': [{'system': 'http://terminology.hl7.org/CodeSystem/medication-statement-category', 'code': 'patientspecified', 'display': 'Patient Specified', 'userSelected': False}]}]",True,2022-11-04T14:02:18Z,"[{'extension': [{'valueString': '= 10 mL, Oral, Daily, 0 Refill(s)', 'url': 'https://fhir-ehr.cerner.com/r4/StructureDefinition/clinical-instruction'}], 'text': '10 mL, Oral, Daily, 0 Refill(s)', 'patientInstruction': '10 Milliliters Oral (given by mouth) every day.', 'timing': {'repeat': {'boundsPeriod': {'start': '2022-11-04T14:02:00Z'}}, 'code': {'coding': [{'system': 'https://fhir.cerner.com/ec2458f2-1e24-41c8-b71b-0e701af7583d/codeSet/4003', 'code': '696530', 'display': 'Daily', 'userSelected': True}, {'system': 'http://snomed.info/sct', 'code': '229797004', 'display': 'Once daily (qualifier value)', 'userSelected': False}, {'system': 'http://terminology.hl7.org/CodeSystem/v3-GTSAbbreviation', 'code': 'QD', 'display': 'QD', 'userSelected': False}], 'text': 'Daily'}}, 'asNeededBoolean': False, 'route': {'coding': [{'system': 'https://fhir.cerner.com/ec2458f2-1e24-41c8-b71b-0e701af7583d/codeSet/4001', 'code': '318185', 'display': 'Oral', 'userSelected': True}, {'system': 'http://snomed.info/sct', 'code': '26643006', 'display': 'Oral route (qualifier value)', 'userSelected': False}], 'text': 'Oral'}, 'doseAndRate': [{'doseQuantity': {'value': 10.0, 'unit': 'mL', 'system': 'http://unitsofmeasure.org', 'code': 'mL'}}]}]",1,2024-04-29T13:13:26Z,generated,"<div xmlns=""http://www.w3.org/1999/xhtml""><p><b>Medication Request</b></p><p><b>Status</b>: On Hold</p><p><b>Intent</b>: Plan</p><p><b>Medication</b>: warfarin (warfarin 4 mg oral tablet)</p><p><b>Dosage Instructions</b>: 10 mL, Oral, Daily, 0 Refill(s)</p><p><b>Patient</b>: SMART II, SANDY</p><p><b>Authored On</b>: Nov  4, 2022  2:02 P.M. UTC</p></div>","[{'system': 'http://www.nlm.nih.gov/research/umls/rxnorm', 'code': '855324', 'display': 'Warfarin Sodium 4 MG Oral Tablet', 'userSelected': False}, {'system': 'https://fhir.cerner.com/ec2458f2-1e24-41c8-b71b-0e701af7583d/synonym', 'code': '2771197', 'display': 'warfarin 4 mg oral tablet', 'userSelected': True}]",warfarin (warfarin 4 mg oral tablet),Patient/12742399,"SMART II, SANDY",Encounter/97953523,"[{'valueCode': 'unknown', 'url': 'http://hl7.org/fhir/StructureDefinition/data-absent-reason'}]","[{'system': 'https://fhir.cerner.com/ec2458f2-1e24-41c8-b71b-0e701af7583d/codeSet/4009', 'code': '2338', 'display': 'Soft Stop', 'userSelected': True}, {'system': 'http://terminology.hl7.org/CodeSystem/medicationrequest-course-of-therapy', 'code': 'continuous', 'display': 'Continuous long term therapy', 'userSelected': False}]",Maintenance,"[{'valueBoolean': False, 'url': 'http://electronichealth.se/fhir/StructureDefinition/NLLDosePackaging'}]",2022-11-04T14:02:18Z,0.0,,,,,,,,True
MedicationRequest,367246703,"[{'valueCodeableConcept': {'text': 'Does not need pharmacy verification'}, 'url': 'https://fhir-ehr.cerner.com/r4/StructureDefinition/pharmacy-verification-status'}, {'valueCoding': {'system': 'http://electronichealth.se/fhir/ValueSet/prescription-format', 'code': 'ELECTRONIC', 'display': 'Electronic'}, 'url': 'http://electronichealth.se/fhir/StructureDefinition/NLLPrescriptionFormat'}, {'valueCoding': {'system': 'http://ehalsomyndigheten.se/fhir/ValueSet/registration-basis-codes', 'code': 'ELECTRONIC', 'display': 'Electronic'}, 'url': 'http://electronichealth.se/fhir/StructureDefinition/NLLRegistrationBasis'}]",active,plan,"[{'coding': [{'system': 'http://terminology.hl7.org/CodeSystem/medicationrequest-category', 'code': 'community', 'display': 'Community', 'userSelected': False}]}, {'coding': [{'system': 'http://terminology.hl7.org/CodeSystem/medication-statement-category', 'code': 'patientspecified', 'display': 'Patient Specified', 'userSelected': False}]}]",True,2022-11-04T14:02:45Z,"[{'extension': [{'valueString': '4 mg = 1 tab, Oral, TID, PRN bleeding, # 30 tab, 0 Refill(s)', 'url': 'https://fhir-ehr.cerner.com/r4/StructureDefinition/clinical-instruction'}], 'text': '4 mg = 1 tab, Oral, TID, PRN: bleeding, 30 tab, 0 Refill(s)', 'patientInstruction': '1 tab Oral (given by mouth) 3 times a day as needed bleeding.', 'timing': {'repeat': {'boundsPeriod': {'start': '2022-11-04T14:02:00Z'}}, 'code': {'coding': [{'system': 'https://fhir.cerner.com/ec2458f2-1e24-41c8-b71b-0e701af7583d/codeSet/4003', 'code': '696529', 'display': 'TID', 'userSelected': True}, {'system': 'http://terminology.hl7.org/CodeSystem/v3-GTSAbbreviation', 'code': 'TID', 'display': 'TID', 'userSelected': False}, {'system': 'http://snomed.info/sct', 'code': '229798009', 'display': 'Three times daily (qualifier value)', 'userSelected': False}], 'text': 'TID'}}, 'asNeededCodeableConcept': {'text': 'bleeding'}, 'route': {'coding': [{'system': 'https://fhir.cerner.com/ec2458f2-1e24-41c8-b71b-0e701af7583d/codeSet/4001', 'code': '318185', 'display': 'Oral', 'userSelected': True}, {'system': 'http://snomed.info/sct', 'code': '26643006', 'display': 'Oral route (qualifier value)', 'userSelected': False}], 'text': 'Oral'}, 'doseAndRate': [{'doseQuantity': {'value': 1.0, 'unit': 'tab', 'system': 'http://unitsofmeasure.org', 'code': '{tbl}'}}]}]",0,2022-11-04T14:03:59Z,generated,"<div xmlns=""http://www.w3.org/1999/xhtml""><p><b>Medication Request</b></p><p><b>Status</b>: Active</p><p><b>Intent</b>: Plan</p><p><b>Medication</b>: warfarin (warfarin 4 mg oral tablet)</p><p><b>Dosage Instructions</b>: 4 mg = 1 tab, Oral, TID, PRN: bleeding, 30 tab, 0 Refill(s)</p><p><b>Patient</b>: SMART II, SANDY</p><p><b>Authored On</b>: Nov  4, 2022  2:02 P.M. UTC</p></div>","[{'system': 'http://www.nlm.nih.gov/research/umls/rxnorm', 'code': '855324', 'display': 'Warfarin Sodium 4 MG Oral Tablet', 'userSelected': False}, {'system': 'https://fhir.cerner.com/ec2458f2-1e24-41c8-b71b-0e701af7583d/synonym', 'code': '2771197', 'display': 'warfarin 4 mg oral tablet', 'userSelected': True}]",warfarin (warfarin 4 mg oral tablet),Patient/12742399,"SMART II, SANDY",Encounter/97953523,"[{'valueCode': 'unknown', 'url': 'http://hl7.org/fhir/StructureDefinition/data-absent-reason'}]","[{'system': 'https://fhir.cerner.com/ec2458f2-1e24-41c8-b71b-0e701af7583d/codeSet/4009', 'code': '2338', 'display': 'Soft Stop', 'userSelected': True}, {'system': 'http://terminology.hl7.org/CodeSystem/medicationrequest-course-of-therapy', 'code': 'continuous', 'display': 'Continuous long term therapy', 'userSelected': False}]",Maintenance,"[{'valueBoolean': False, 'url': 'http://electronichealth.se/fhir/StructureDefinition/NLLDosePackaging'}]",2022-11-04T14:02:45Z,0.0,,,,30.0,tab,http://unitsofmeasure.org,{tbl},True
MedicationRequest,367246729,"[{'valueCodeableConcept': {'text': 'Does not need pharmacy verification'}, 'url': 'https://fhir-ehr.cerner.com/r4/StructureDefinition/pharmacy-verification-status'}, {'valueCoding': {'system': 'http://electronichealth.se/fhir/ValueSet/prescription-format', 'code': 'ELECTRONIC', 'display': 'Electronic'}, 'url': 'http://electronichealth.se/fhir/StructureDefinition/NLLPrescriptionFormat'}, {'valueCoding': {'system': 'http://ehalsomyndigheten.se/fhir/ValueSet/registration-basis-codes', 'code': 'ELECTRONIC', 'display': 'Electronic'}, 'url': 'http://electronichealth.se/fhir/StructureDefinition/NLLRegistrationBasis'}]",active,plan,"[{'coding': [{'system': 'http://terminology.hl7.org/CodeSystem/medicationrequest-category', 'code': 'community', 'display': 'Community', 'userSelected': False}]}, {'coding': [{'system': 'http://terminology.hl7.org/CodeSystem/medication-statement-category', 'code': 'patientspecified', 'display': 'Patient Specified', 'userSelected': False}]}]",True,2022-11-04T14:04:21Z,"[{'extension': [{'valueString': '5 mg = 1 tab, Oral, As Directed, 0 Refill(s)', 'url': 'https://fhir-ehr.cerner.com/r4/StructureDefinition/clinical-instruction'}], 'text': '5 mg = 1 tab, Oral, As Directed, 0 Refill(s)', 'patientInstruction': '1 tab Oral (given by mouth) As Directed.', 'timing': {'repeat': {'boundsPeriod': {'start': '2022-11-04T14:04:00Z'}}, 'code': {'coding': [{'system': 'https://fhir.cerner.com/ec2458f2-1e24-41c8-b71b-0e701af7583d/codeSet/4003', 'code': '4199451', 'display': 'As Directed', 'userSelected': True}, {'system': 'http://snomed.info/sct', 'code': '422135004', 'display': 'As directed for (qualifier value)', 'userSelected': False}], 'text': 'As Directed'}}, 'asNeededBoolean': False, 'route': {'coding': [{'system': 'https://fhir.cerner.com/ec2458f2-1e24-41c8-b71b-0e701af7583d/codeSet/4001', 'code': '318185', 'display': 'Oral', 'userSelected': True}, {'system': 'http://snomed.info/sct', 'code': '26643006', 'display': 'Oral route (qualifier value)', 'userSelected': False}], 'text': 'Oral'}, 'doseAndRate': [{'doseQuantity': {'value': 1.0, 'unit': 'tab', 'system': 'http://unitsofmeasure.org', 'code': '{tbl}'}}]}]",0,2022-11-04T14:05:00Z,generated,"<div xmlns=""http://www.w3.org/1999/xhtml""><p><b>Medication Request</b></p><p><b>Status</b>: Active</p><p><b>Intent</b>: Plan</p><p><b>Medication</b>: warfarin (warfarin 5 mg oral tablet)</p><p><b>Dosage Instructions</b>: 5 mg = 1 tab, Oral, As Directed, 0 Refill(s)</p><p><b>Patient</b>: SMART II, SANDY</p><p><b>Authored On</b>: Nov  4, 2022  2:04 P.M. UTC</p></div>","[{'system': 'http://www.nlm.nih.gov/research/umls/rxnorm', 'code': '855332', 'display': 'Warfarin Sodium 5 MG Oral Tablet', 'userSelected': False}, {'system': 'https://fhir.cerner.com/ec2458f2-1e24-41c8-b71b-0e701af7583d/synonym', 'code': '2771199', 'display': 'warfarin 5 mg oral tablet', 'userSelected': True}]",warfarin (warfarin 5 mg oral tablet),Patient/12742399,"SMART II, SANDY",Encounter/97953523,"[{'valueCode': 'unknown', 'url': 'http://hl7.org/fhir/StructureDefinition/data-absent-reason'}]","[{'system': 'https://fhir.cerner.com/ec2458f2-1e24-41c8-b71b-0e701af7583d/codeSet/4009', 'code': '2338', 'display': 'Soft Stop', 'userSelected': True}, {'system': 'http://terminology.hl7.org/CodeSystem/medicationrequest-course-of-therapy', 'code': 'continuous', 'display': 'Continuous long term therapy', 'userSelected': False}]",Maintenance,"[{'valueBoolean': False, 'url': 'http://electronichealth.se/fhir/StructureDefinition/NLLDosePackaging'}]",2022-11-04T14:04:21Z,0.0,,,,,,,,True
MedicationRequest,367261379,"[{'valueCodeableConcept': {'text': 'Does not need pharmacy verification'}, 'url': 'https://fhir-ehr.cerner.com/r4/StructureDefinition/pharmacy-verification-status'}, {'valueCoding': {'system': 'http://electronichealth.se/fhir/ValueSet/prescription-format', 'code': 'ELECTRONIC', 'display': 'Electronic'}, 'url': 'http://electronichealth.se/fhir/StructureDefinition/NLLPrescriptionFormat'}, {'valueCoding': {'system': 'http://ehalsomyndigheten.se/fhir/ValueSet/registration-basis-codes', 'code': 'ELECTRONIC', 'display': 'Electronic'}, 'url': 'http://electronichealth.se/fhir/StructureDefinition/NLLRegistrationBasis'}]",active,plan,"[{'coding': [{'system': 'http://terminology.hl7.org/CodeSystem/medicationrequest-category', 'code': 'community', 'display': 'Community', 'userSelected': False}]}, {'coding': [{'system': 'http://terminology.hl7.org/CodeSystem/medication-statement-category', 'code': 'patientspecified', 'display': 'Patient Specified', 'userSelected': False}]}]",True,2022-11-04T16:30:30Z,"[{'extension': [{'valueString': 'See Instructions, 1 tab Oral, 0 Refill(s)', 'url': 'https://fhir-ehr.cerner.com/r4/StructureDefinition/clinical-instruction'}], 'text': 'See Instructions, 1 tab Oral, 0 Refill(s)', 'additionalInstruction': [{'text': '1 tab Oral'}], 'patientInstruction': '1 tab Oral.', 'timing': {'repeat': {'boundsPeriod': {'start': '2022-11-04T16:30:00Z'}}}, 'asNeededBoolean': False}]",0,2022-11-04T16:31:27Z,generated,"<div xmlns=""http://www.w3.org/1999/xhtml""><p><b>Medication Request</b></p><p><b>Status</b>: Active</p><p><b>Intent</b>: Plan</p><p><b>Medication</b>: warfarin (warfarin 1 mg oral tablet)</p><p><b>Dosage Instructions</b>: See Instructions, 1 tab Oral, 0 Refill(s)</p><p><b>Patient</b>: SMART II, SANDY</p><p><b>Authored On</b>: Nov  4, 2022  4:30 P.M. UTC</p></div>","[{'system': 'http://www.nlm.nih.gov/research/umls/rxnorm', 'code': '855288', 'display': 'Warfarin Sodium 1 MG Oral Tablet', 'userSelected': False}, {'system': 'https://fhir.cerner.com/ec2458f2-1e24-41c8-b71b-0e701af7583d/synonym', 'code': '2771192', 'display': 'warfarin 1 mg oral tablet', 'userSelected': True}]",warfarin (warfarin 1 mg oral tablet),Patient/12742399,"SMART II, SANDY",Encounter/97953523,"[{'valueCode': 'unknown', 'url': 'http://hl7.org/fhir/StructureDefinition/data-absent-reason'}]","[{'system': 'https://fhir.cerner.com/ec2458f2-1e24-41c8-b71b-0e701af7583d/codeSet/4009', 'code': '2338', 'display': 'Soft Stop', 'userSelected': True}, {'system': 'http://terminology.hl7.org/CodeSystem/medicationrequest-course-of-therapy', 'code': 'continuous', 'display': 'Continuous long term therapy', 'userSelected': False}]",Maintenance,"[{'valueBoolean': False, 'url': 'http://electronichealth.se/fhir/StructureDefinition/NLLDosePackaging'}]",2022-11-04T16:30:30Z,0.0,,,,,,,,True
MedicationRequest,500913635,"[{'valueCodeableConcept': {'text': 'Does not need pharmacy verification'}, 'url': 'https://fhir-ehr.cerner.com/r4/StructureDefinition/pharmacy-verification-status'}, {'valueCoding': {'system': 'http://electronichealth.se/fhir/ValueSet/prescription-format', 'code': 'ELECTRONIC', 'display': 'Electronic'}, 'url': 'http://electronichealth.se/fhir/StructureDefinition/NLLPrescriptionFormat'}, {'valueCoding': {'system': 'http://ehalsomyndigheten.se/fhir/ValueSet/registration-basis-codes', 'code': 'ELECTRONIC', 'display': 'Electronic'}, 'url': 'http://electronichealth.se/fhir/StructureDefinition/NLLRegistrationBasis'}]",stopped,plan,"[{'coding': [{'system': 'http://terminology.hl7.org/CodeSystem/medicationrequest-category', 'code': 'community', 'display': 'Community', 'userSelected': False}]}, {'coding': [{'system': 'http://terminology.hl7.org/CodeSystem/medication-statement-category', 'code': 'patientspecified', 'display': 'Patient Specified', 'userSelected': False}]}]",True,2026-07-27T10:46:27Z,"[{'extension': [{'valueString': '0 Refill(s)', 'url': 'https://fhir-ehr.cerner.com/r4/StructureDefinition/clinical-instruction'}], 'text': '0 Refill(s)', 'timing': {'repeat': {'boundsPeriod': {'start': '2026-07-27T10:46:00Z', 'end': '2026-07-27T10:52:00Z'}}}, 'asNeededBoolean': False}]",1,2026-07-27T10:52:54Z,generated,"<div xmlns=""http://www.w3.org/1999/xhtml""><p><b>Medication Request</b></p><p><b>Status</b>: Stopped</p><p><b>Intent</b>: Plan</p><p><b>Medication</b>: amLODIPine (amLODIPine 5 mg oral tablet)</p><p><b>Dosage Instructions</b>: 0 Refill(s)</p><p><b>Patient</b>: SMART II, SANDY</p><p><b>Authored On</b>: Jul 27, 2026 10:46 A.M. UTC</p></div>","[{'system': 'http://www.nlm.nih.gov/research/umls/rxnorm', 'code': '197361', 'display': 'Amlodipine 5 MG Oral Tablet', 'userSelected': False}, {'system': 'https://fhir.cerner.com/ec2458f2-1e24-41c8-b71b-0e701af7583d/synonym', 'code': '2749071', 'display': 'amLODIPine 5 mg oral tablet', 'userSelected': True}]",amLODIPine (amLODIPine 5 mg oral tablet),Patient/12742399,"SMART II, SANDY",Encounter/100464663,"[{'valueCode': 'unknown', 'url': 'http://hl7.org/fhir/StructureDefinition/data-absent-reason'}]","[{'system': 'https://fhir.cerner.com/ec2458f2-1e24-41c8-b71b-0e701af7583d/codeSet/4009', 'code': '2338', 'display': 'Soft Stop', 'userSelected': True}, {'system': 'http://terminology.hl7.org/CodeSystem/medicationrequest-course-of-therapy', 'code': 'continuous', 'display': 'Continuous long term therapy', 'userSelected': False}]",Soft Stop,"[{'valueBoolean': False, 'url': 'http://electronichealth.se/fhir/StructureDefinition/NLLDosePackaging'}]",2026-07-27T10:46:27Z,0.0,,,,,,,,
MedicationRequest,500913611,"[{'valueCodeableConcept': {'text': 'Does not need pharmacy verification'}, 'url': 'https://fhir-ehr.cerner.com/r4/StructureDefinition/pharmacy-verification-status'}, {'valueCoding': {'system': 'http://electronichealth.se/fhir/ValueSet/prescription-format', 'code': 'ELECTRONIC', 'display': 'Electronic'}, 'url': 'http://electronichealth.se/fhir/StructureDefinition/NLLPrescriptionFormat'}, {'valueCoding': {'system': 'http://ehalsomyndigheten.se/fhir/ValueSet/registration-basis-codes', 'code': 'ELECTRONIC', 'display': 'Electronic'}, 'url': 'http://electronichealth.se/fhir/StructureDefinition/NLLRegistrationBasis'}]",cancelled,plan,"[{'coding': [{'system': 'http://terminology.hl7.org/CodeSystem/medicationrequest-category', 'code': 'community', 'display': 'Community', 'userSelected': False}]}, {'coding': [{'system': 'http://terminology.hl7.org/CodeSystem/medication-statement-category', 'code': 'patientspecified', 'display': 'Patient Specified', 'userSelected': False}]}]",True,2026-07-27T10:08:31Z,"[{'extension': [{'valueString': '0 Refill(s)', 'url': 'https://fhir-ehr.cerner.com/r4/StructureDefinition/clinical-instruction'}], 'text': '0 Refill(s)', 'timing': {'repeat': {'boundsPeriod': {'start': '2026-07-27T10:08:00Z', 'end': '2026-07-27T10:08:00Z'}}}, 'asNeededBoolean': False}]",1,2026-07-27T10:08:38Z,generated,"<div xmlns=""http://www.w3.org/1999/xhtml""><p><b>Medication Request</b></p><p><b>Status</b>: Cancelled</p><p><b>Intent</b>: Plan</p><p><b>Medication</b>: amLODIPine (amLODIPine 5 mg oral tablet)</p><p><b>Dosage Instructions</b>: 0 Refill(s)</p><p><b>Patient</b>: SMART II, SANDY</p><p><b>Authored On</b>: Jul 27, 2026 10:08 A.M. UTC</p></div>","[{'system': 'http://www.nlm.nih.gov/research/umls/rxnorm', 'code': '197361', 'display': 'Amlodipine 5 MG Oral Tablet', 'userSelected': False}, {'system': 'https://fhir.cerner.com/ec2458f2-1e24-41c8-b71b-0e701af7583d/synonym', 'code': '2749071', 'display': 'amLODIPine 5 mg oral tablet', 'userSelected': True}]",amLODIPine (amLODIPine 5 mg oral tablet),Patient/12742399,"SMART II, SANDY",Encounter/100464663,"[{'valueCode': 'unknown', 'url': 'http://hl7.org/fhir/StructureDefinition/data-absent-reason'}]","[{'system': 'https://fhir.cerner.com/ec2458f2-1e24-41c8-b71b-0e701af7583d/codeSet/4009', 'code': '2338', 'display': 'Soft Stop', 'userSelected': True}, {'system': 'http://terminology.hl7.org/CodeSystem/medicationrequest-course-of-therapy', 'code': 'continuous', 'display': 'Continuous long term therapy', 'userSelected': False}]",Soft Stop,"[{'valueBoolean': False, 'url': 'http://electronichealth.se/fhir/StructureDefinition/NLLDosePackaging'}]",2026-07-27T10:08:31Z,0.0,,,,,,,,
MedicationRequest,500913599,"[{'valueCodeableConcept': {'text': 'Does not need pharmacy verification'}, 'url': 'https://fhir-ehr.cerner.com/r4/StructureDefinition/pharmacy-verification-status'}, {'valueCoding': {'system': 'http://electronichealth.se/fhir/ValueSet/prescription-format', 'code': 'ELECTRONIC', 'display': 'Electronic'}, 'url': 'http://electronichealth.se/fhir/StructureDefinition/NLLPrescriptionFormat'}, {'valueCoding': {'system': 'http://ehalsomyndigheten.se/fhir/ValueSet/registration-basis-codes', 'code': 'ELECTRONIC', 'display': 'Electronic'}, 'url': 'http://electronichealth.se/fhir/StructureDefinition/NLLRegistrationBasis'}]",stopped,plan,"[{'coding': [{'system': 'http://terminology.hl7.org/CodeSystem/medicationrequest-category', 'code': 'community', 'display': 'Community', 'userSelected': False}]}, {'coding': [{'system': 'http://terminology.hl7.org/CodeSystem/medication-statement-category', 'code': 'patientspecified', 'display': 'Patient Specified', 'userSelected': False}]}]",True,2026-07-27T10:05:10Z,"[{'extension': [{'valueString': '0 Refill(s)', 'url': 'https://fhir-ehr.cerner.com/r4/StructureDefinition/clinical-instruction'}], 'text': '0 Refill(s)', 'timing': {'repeat': {'boundsPeriod': {'start': '2026-07-27T10:05:00Z', 'end': '2026-07-27T10:06:00Z'}}}, 'asNeededBoolean': False}]",1,2026-07-27T10:06:25Z,generated,"<div xmlns=""http://www.w3.org/1999/xhtml""><p><b>Medication Request</b></p><p><b>Status</b>: Stopped</p><p><b>Intent</b>: Plan</p><p><b>Medication</b>: amLODIPine (amLODIPine 5 mg oral tablet)</p><p><b>Dosage Instructions</b>: 0 Refill(s)</p><p><b>Patient</b>: SMART II, SANDY</p><p><b>Authored On</b>: Jul 27, 2026 10:05 A.M. UTC</p></div>","[{'system': 'http://www.nlm.nih.gov/research/umls/rxnorm', 'code': '197361', 'display': 'Amlodipine 5 MG Oral Tablet', 'userSelected': False}, {'system': 'https://fhir.cerner.com/ec2458f2-1e24-41c8-b71b-0e701af7583d/synonym', 'code': '2749071', 'display': 'amLODIPine 5 mg oral tablet', 'userSelected': True}]",amLODIPine (amLODIPine 5 mg oral tablet),Patient/12742399,"SMART II, SANDY",Encounter/100464656,"[{'valueCode': 'unknown', 'url': 'http://hl7.org/fhir/StructureDefinition/data-absent-reason'}]","[{'system': 'https://fhir.cerner.com/ec2458f2-1e24-41c8-b71b-0e701af7583d/codeSet/4009', 'code': '2338', 'display': 'Soft Stop', 'userSelected': True}, {'system': 'http://terminology.hl7.org/CodeSystem/medicationrequest-course-of-therapy', 'code': 'continuous', 'display': 'Continuous long term therapy', 'userSelected': False}]",Soft Stop,"[{'valueBoolean': False, 'url': 'http://electronichealth.se/fhir/StructureDefinition/NLLDosePackaging'}]",2026-07-27T10:05:10Z,0.0,,,,,,,,
MedicationRequest,500638603,"[{'valueCodeableConcept': {'text': 'Does not need pharmacy verification'}, 'url': 'https://fhir-ehr.cerner.com/r4/StructureDefinition/pharmacy-verification-status'}, {'valueCoding': {'system': 'http://electronichealth.se/fhir/ValueSet/prescription-format', 'code': 'ELECTRONIC', 'display': 'Electronic'}, 'url': 'http://electronichealth.se/fhir/StructureDefinition/NLLPrescriptionFormat'}, {'valueCoding': {'system': 'http://ehalsomyndigheten.se/fhir/ValueSet/registration-basis-codes', 'code': 'ELECTRONIC', 'display': 'Electronic'}, 'url': 'http://electronichealth.se/fhir/StructureDefinition/NLLRegistrationBasis'}]",stopped,plan,"[{'coding': [{'system': 'http://terminology.hl7.org/CodeSystem/medicationrequest-category', 'code': 'community', 'display': 'Community', 'userSelected': False}]}, {'coding': [{'system': 'http://terminology.hl7.org/CodeSystem/medication-statement-category', 'code': 'patientspecified', 'display': 'Patient Specified', 'userSelected': False}]}]",True,2026-07-24T13:36:04Z,"[{'extension': [{'valueString': '0 Refill(s)', 'url': 'https://fhir-ehr.cerner.com/r4/StructureDefinition/clinical-instruction'}], 'text': '0 Refill(s)', 'timing': {'repeat': {'boundsPeriod': {'start': '2026-07-24T13:36:00Z', 'end': '2026-07-27T09:56:00Z'}}}, 'asNeededBoolean': False}]",1,2026-07-27T09:56:33Z,generated,"<div xmlns=""http://www.w3.org/1999/xhtml""><p><b>Medication Request</b></p><p><b>Status</b>: Stopped</p><p><b>Intent</b>: Plan</p><p><b>Medication</b>: amLODIPine (amLODIPine 5 mg oral tablet)</p><p><b>Dosage Instructions</b>: 0 Refill(s)</p><p><b>Patient</b>: SMART II, SANDY</p><p><b>Authored On</b>: Jul 24, 2026  1:36 P.M. UTC</p></div>","[{'system': 'http://www.nlm.nih.gov/research/umls/rxnorm', 'code': '197361', 'display': 'Amlodipine 5 MG Oral Tablet', 'userSelected': False}, {'system': 'https://fhir.cerner.com/ec2458f2-1e24-41c8-b71b-0e701af7583d/synonym', 'code': '2749071', 'display': 'amLODIPine 5 mg oral tablet', 'userSelected': True}]",amLODIPine (amLODIPine 5 mg oral tablet),Patient/12742399,"SMART II, SANDY",Encounter/97955594,"[{'valueCode': 'unknown', 'url': 'http://hl7.org/fhir/StructureDefinition/data-absent-reason'}]","[{'system': 'https://fhir.cerner.com/ec2458f2-1e24-41c8-b71b-0e701af7583d/codeSet/4009', 'code': '2338', 'display': 'Soft Stop', 'userSelected': True}, {'system': 'http://terminology.hl7.org/CodeSystem/medicationrequest-course-of-therapy', 'code': 'continuous', 'display': 'Continuous long term therapy', 'userSelected': False}]",Soft Stop,"[{'valueBoolean': False, 'url': 'http://electronichealth.se/fhir/StructureDefinition/NLLDosePackaging'}]",2026-07-24T13:36:04Z,0.0,,,,,,,,
MedicationRequest,410193641,"[{'valueCodeableConcept': {'text': 'Does not need pharmacy verification'}, 'url': 'https://fhir-ehr.cerner.com/r4/StructureDefinition/pharmacy-verification-status'}, {'valueCoding': {'system': 'http://electronichealth.se/fhir/ValueSet/prescription-format', 'code': 'ELECTRONIC', 'display': 'Electronic'}, 'url': 'http://electronichealth.se/fhir/StructureDefinition/NLLPrescriptionFormat'}, {'valueCoding': {'system': 'http://ehalsomyndigheten.se/fhir/ValueSet/registration-basis-codes', 'code': 'ELECTRONIC', 'display': 'Electronic'}, 'url': 'http://electronichealth.se/fhir/StructureDefinition/NLLRegistrationBasis'}]",stopped,plan,"[{'coding': [{'system': 'http://terminology.hl7.org/CodeSystem/medicationrequest-category', 'code': 'community', 'display': 'Community', 'userSelected': False}]}, {'coding': [{'system': 'http://terminology.hl7.org/CodeSystem/medication-statement-category', 'code': 'patientspecified', 'display': 'Patient Specified', 'userSelected': False}]}]",True,2024-01-18T10:06:39Z,"[{'extension': [{'valueString': '10 mg = 1 tab, Oral, Daily, # 30 tab, 0 Refill(s)', 'url': 'https://fhir-ehr.cerner.com/r4/StructureDefinition/clinical-instruction'}], 'text': '10 mg = 1 tab, Oral, Daily, 30 tab, 0 Refill(s)', 'patientInstruction': '1 tab Oral (given by mouth) every day.', 'timing': {'repeat': {'boundsPeriod': {'start': '2024-01-18T10:06:00Z', 'end': '2026-07-17T09:16:00Z'}}, 'code': {'coding': [{'system': 'https://fhir.cerner.com/ec2458f2-1e24-41c8-b71b-0e701af7583d/codeSet/4003', 'code': '696530', 'display': 'Daily', 'userSelected': True}, {'system': 'http://snomed.info/sct', 'code': '229797004', 'display': 'Once daily (qualifier value)', 'userSelected': False}, {'system': 'http://terminology.hl7.org/CodeSystem/v3-GTSAbbreviation', 'code': 'QD', 'display': 'QD', 'userSelected': False}], 'text': 'Daily'}}, 'asNeededBoolean': False, 'route': {'coding': [{'system': 'https://fhir.cerner.com/ec2458f2-1e24-41c8-b71b-0e701af7583d/codeSet/4001', 'code': '318185', 'display': 'Oral', 'userSelected': True}, {'system': 'http://snomed.info/sct', 'code': '26643006', 'display': 'Oral route (qualifier value)', 'userSelected': False}], 'text': 'Oral'}, 'doseAndRate': [{'doseQuantity': {'value': 1.0, 'unit': 'tab', 'system': 'http://unitsofmeasure.org', 'code': '{tbl}'}}]}]",3,2026-07-17T09:16:31Z,generated,"<div xmlns=""http://www.w3.org/1999/xhtml""><p><b>Medication Request</b></p><p><b>Status</b>: Stopped</p><p><b>Intent</b>: Plan</p><p><b>Medication</b>: atorvastatin (Lipitor 10 mg oral tablet)</p><p><b>Dosage Instructions</b>: 10 mg = 1 tab, Oral, Daily, 30 tab, 0 Refill(s)</p><p><b>Patient</b>: SMART II, SANDY</p><p><b>Authored On</b>: Jan 18, 2024 10:06 A.M. UTC</p></div>","[{'system': 'http://www.nlm.nih.gov/research/umls/rxnorm', 'code': '617314', 'display': 'atorvastatin 10 MG Oral Tablet [Lipitor]', 'userSelected': False}, {'system': 'https://fhir.cerner.com/ec2458f2-1e24-41c8-b71b-0e701af7583d/synonym', 'code': '2750279', 'display': 'Lipitor 10 mg oral tablet', 'userSelected': True}]",atorvastatin (Lipitor 10 mg oral tablet),Patient/12742399,"SMART II, SANDY",Encounter/97998276,"[{'valueCode': 'unknown', 'url': 'http://hl7.org/fhir/StructureDefinition/data-absent-reason'}]","[{'system': 'https://fhir.cerner.com/ec2458f2-1e24-41c8-b71b-0e701af7583d/codeSet/4009', 'code': '2338', 'display': 'Soft Stop', 'userSelected': True}, {'system': 'http://terminology.hl7.org/CodeSystem/medicationrequest-course-of-therapy', 'code': 'continuous', 'display': 'Continuous long term therapy', 'userSelected': False}]",Maintenance,"[{'valueBoolean': False, 'url': 'http://electronichealth.se/fhir/StructureDefinition/NLLDosePackaging'}]",2024-01-18T10:06:39Z,0.0,,,,30.0,tab,http://unitsofmeasure.org,{tbl},True
MedicationRequest,441542185,"[{'valueCodeableConcept': {'text': 'Does not need pharmacy verification'}, 'url': 'https://fhir-ehr.cerner.com/r4/StructureDefinition/pharmacy-verification-status'}, {'valueCoding': {'system': 'http://electronichealth.se/fhir/ValueSet/prescription-format', 'code': 'ELECTRONIC', 'display': 'Electronic'}, 'url': 'http://electronichealth.se/fhir/StructureDefinition/NLLPrescriptionFormat'}, {'valueCoding': {'system': 'http://ehalsomyndigheten.se/fhir/ValueSet/registration-basis-codes', 'code': 'ELECTRONIC', 'display': 'Electronic'}, 'url': 'http://electronichealth.se/fhir/StructureDefinition/NLLRegistrationBasis'}]",active,plan,"[{'coding': [{'system': 'http://terminology.hl7.org/CodeSystem/medicationrequest-category', 'code': 'community', 'display': 'Community', 'userSelected': False}]}, {'coding': [{'system': 'http://terminology.hl7.org/CodeSystem/medication-statement-category', 'code': 'patientspecified', 'display': 'Patient Specified', 'userSelected': False}]}]",True,2024-11-09T12:23:39Z,"[{'extension': [{'valueString': '2,455 mg, every morning, 0 Refill(s)', 'url': 'https://fhir-ehr.cerner.com/r4/StructureDefinition/clinical-instruction'}], 'text': '2,455 mg, every morning, 0 Refill(s)', 'patientInstruction': '2,455 Milligrams every morning.', 'timing': {'repeat': {'boundsPeriod': {'start': '2024-12-09T18:28:00Z', 'end': '2024-12-31T18:28:00Z'}}, 'code': {'coding': [{'system': 'https://fhir.cerner.com/ec2458f2-1e24-41c8-b71b-0e701af7583d/codeSet/4003', 'code': '696557', 'display': 'every morning', 'userSelected': True}, {'system': 'http://snomed.info/sct', 'code': '307472001', 'display': 'Every morning (qualifier value)', 'userSelected': False}, {'system': 'http://terminology.hl7.org/CodeSystem/v3-GTSAbbreviation', 'code': 'AM', 'display': 'AM', 'userSelected': False}], 'text': 'every morning'}}, 'asNeededBoolean': False, 'doseAndRate': [{'doseQuantity': {'value': 2455.0, 'unit': 'mg', 'system': 'http://unitsofmeasure.org', 'code': 'mg'}}]}]",0,2024-11-09T12:23:39Z,generated,"<div xmlns=""http://www.w3.org/1999/xhtml""><p><b>Medication Request</b></p><p><b>Status</b>: Active</p><p><b>Intent</b>: Plan</p><p><b>Medication</b>: hyoscyamine/methena/mblue/phenylsal/sodbiphos (hyoscyamine/methena/mblue/phenylsal/sodbiphos 0.12 mg-81.6 mg-10.8 mg-36.2 mg-40.8 mg oral tablet)</p><p><b>Dosage Instructions</b>: 2,455 mg, every morning, 0 Refill(s)</p><p><b>Patient</b>: SMART II, SANDY</p><p><b>Authored On</b>: Nov  9, 2024 12:23 P.M. UTC</p></div>","[{'system': 'http://www.nlm.nih.gov/research/umls/rxnorm', 'code': '1047786', 'display': 'Hyoscyamine Sulfate 0.12 MG / Methenamine 81.6 MG / Methylene blue 10.8 MG / phenyl salicylate 36.2 MG / Sodium Phosphate, Monobasic 40.8 MG Oral Tablet', 'userSelected': False}, {'system': 'https://fhir.cerner.com/ec2458f2-1e24-41c8-b71b-0e701af7583d/synonym', 'code': '114589999', 'display': 'hyoscyamine/methena/mblue/phenylsal/sodbiphos 0.12 mg-81.6 mg-10.8 mg-36.2 mg-40.8 mg oral tablet', 'userSelected': True}]",hyoscyamine/methena/mblue/phenylsal/sodbiphos (hyoscyamine/methena/mblue/phenylsal/sodbiphos 0.12 mg-81.6 mg-10.8 mg-36.2 mg-40.8 mg oral tablet),Patient/12742399,"SMART II, SANDY",Encounter/98121303,"[{'valueCode': 'unknown', 'url': 'http://hl7.org/fhir/StructureDefinition/data-absent-reason'}]","[{'system': 'https://fhir.cerner.com/ec2458f2-1e24-41c8-b71b-0e701af7583d/codeSet/4009', 'code': '2338', 'display': 'Soft Stop', 'userSelected': True}, {'system': 'http://terminology.hl7.org/CodeSystem/medicationrequest-course-of-therapy', 'code': 'continuous', 'display': 'Continuous long term therapy', 'userSelected': False}]",Soft Stop,"[{'valueBoolean': False, 'url': 'http://electronichealth.se/fhir/StructureDefinition/NLLDosePackaging'}]",2024-11-09T12:23:39Z,0.0,,,,,,,,
MedicationRequest,445208353,"[{'valueCodeableConcept': {'text': 'Does not need pharmacy verification'}, 'url': 'https://fhir-ehr.cerner.com/r4/StructureDefinition/pharmacy-verification-status'}, {'valueCoding': {'system': 'http://electronichealth.se/fhir/ValueSet/prescription-format', 'code': 'ELECTRONIC', 'display': 'Electronic'}, 'url': 'http://electronichealth.se/fhir/StructureDefinition/NLLPrescriptionFormat'}, {'valueCoding': {'system': 'http://ehalsomyndigheten.se/fhir/ValueSet/registration-basis-codes', 'code': 'ELECTRONIC', 'display': 'Electronic'}, 'url': 'http://electronichealth.se/fhir/StructureDefinition/NLLRegistrationBasis'}]",active,plan,"[{'coding': [{'system': 'http://terminology.hl7.org/CodeSystem/medicationrequest-category', 'code': 'community', 'display': 'Community', 'userSelected': False}]}, {'coding': [{'system': 'http://terminology.hl7.org/CodeSystem/medication-statement-category', 'code': 'patientspecified', 'display': 'Patient Specified', 'userSelected': False}]}]",True,2024-12-19T13:28:09Z,"[{'extension': [{'valueString': '23.0, BID, PRN, 5 mL, Oral, Daily.\nTake with food., # 10, 5 Refill(s), DAW', 'url': 'https://fhir-ehr.cerner.com/r4/StructureDefinition/clinical-instruction'}], 'text': '23.0, BID, for 1 doses, 5 mL, Oral, Daily. Take with food., PRN, 10, 5 Refill(s)', 'additionalInstruction': [{'text': '5 mL, Oral, Daily.\nTake with food.'}], 'patientInstruction': '23.0 2 times a day as needed for 1 Doses. 5 mL, Oral, Daily.\nTake with food..', 'timing': {'repeat': {'boundsPeriod': {'start': '2024-12-11T23:19:10Z', 'end': '2024-12-25T23:19:10Z'}, 'count': 1}, 'code': {'coding': [{'system': 'https://fhir.cerner.com/ec2458f2-1e24-41c8-b71b-0e701af7583d/codeSet/4003', 'code': '696528', 'display': 'BID', 'userSelected': True}, {'system': 'http://terminology.hl7.org/CodeSystem/v3-GTSAbbreviation', 'code': 'BID', 'display': 'BID', 'userSelected': False}, {'system': 'http://snomed.info/sct', 'code': '229799001', 'display': 'Twice a day (qualifier value)', 'userSelected': False}], 'text': 'BID'}}, 'asNeededBoolean': True}]",0,2024-12-19T13:28:10Z,generated,"<div xmlns=""http://www.w3.org/1999/xhtml""><p><b>Medication Request</b></p><p><b>Status</b>: Active</p><p><b>Intent</b>: Plan</p><p><b>Medication</b>: levothyroxine (Synthroid 125 mcg (0.125 mg) oral tablet)</p><p><b>Dosage Instructions</b>: 23.0, BID, for 1 doses, 5 mL, Oral, Daily. Take with food., PRN, 10, 5 Refill(s)</p><p><b>Patient</b>: SMART II, SANDY</p><p><b>Authored On</b>: Dec 19, 2024  1:28 P.M. UTC</p></div>","[{'system': 'http://www.nlm.nih.gov/research/umls/rxnorm', 'code': '966191', 'display': 'Levothyroxine Sodium 0.125 MG Oral Tablet [Synthroid]', 'userSelected': False}, {'system': 'https://fhir.cerner.com/ec2458f2-1e24-41c8-b71b-0e701af7583d/synonym', 'code': '2762055', 'display': 'Synthroid 125 mcg (0.125 mg) oral tablet', 'userSelected': True}]",levothyroxine (Synthroid 125 mcg (0.125 mg) oral tablet),Patient/12742399,"SMART II, SANDY",Encounter/98121303,"[{'valueCode': 'unknown', 'url': 'http://hl7.org/fhir/StructureDefinition/data-absent-reason'}]","[{'system': 'https://fhir.cerner.com/ec2458f2-1e24-41c8-b71b-0e701af7583d/codeSet/4009', 'code': '2338', 'display': 'Soft Stop', 'userSelected': True}, {'system': 'http://terminology.hl7.org/CodeSystem/medicationrequest-course-of-therapy', 'code': 'continuous', 'display': 'Continuous long term therapy', 'userSelected': False}]",Soft Stop,"[{'valueBoolean': False, 'url': 'http://electronichealth.se/fhir/StructureDefinition/NLLDosePackaging'}]",2024-12-19T13:28:09Z,5.0,,,,,,,,False
MedicationRequest,412402517,"[{'valueCodeableConcept': {'text': 'Does not need pharmacy verification'}, 'url': 'https://fhir-ehr.cerner.com/r4/StructureDefinition/pharmacy-verification-status'}, {'valueCoding': {'system': 'http://electronichealth.se/fhir/ValueSet/prescription-format', 'code': 'ELECTRONIC', 'display': 'Electronic'}, 'url': 'http://electronichealth.se/fhir/StructureDefinition/NLLPrescriptionFormat'}, {'valueCoding': {'system': 'http://ehalsomyndigheten.se/fhir/ValueSet/registration-basis-codes', 'code': 'ELECTRONIC', 'display': 'Electronic'}, 'url': 'http://electronichealth.se/fhir/StructureDefinition/NLLRegistrationBasis'}]",stopped,plan,"[{'coding': [{'system': 'http://terminology.hl7.org/CodeSystem/medicationrequest-category', 'code': 'community', 'display': 'Community', 'userSelected': False}]}, {'coding': [{'system': 'http://terminology.hl7.org/CodeSystem/medication-statement-category', 'code': 'patientspecified', 'display': 'Patient Specified', 'userSelected': False}]}]",True,2024-02-12T07:41:29Z,"[{'extension': [{'valueString': '1.0, Daily, Guanidine 125 mg, PO, QD., 0 Refill(s)', 'url': 'https://fhir-ehr.cerner.com/r4/StructureDefinition/clinical-instruction'}], 'text': '1.0, Daily, Guanidine 125 mg, PO, QD., 0 Refill(s)', 'additionalInstruction': [{'text': 'Guanidine 125 mg, PO, QD.'}], 'patientInstruction': '1.0 every day. Guanidine 125 mg, PO, QD..', 'timing': {'repeat': {'boundsPeriod': {'start': '2024-01-17T18:30:00Z', 'end': '2024-10-01T12:49:00Z'}}, 'code': {'coding': [{'system': 'https://fhir.cerner.com/ec2458f2-1e24-41c8-b71b-0e701af7583d/codeSet/4003', 'code': '696530', 'display': 'Daily', 'userSelected': True}, {'system': 'http://snomed.info/sct', 'code': '229797004', 'display': 'Once daily (qualifier value)', 'userSelected': False}, {'system': 'http://terminology.hl7.org/CodeSystem/v3-GTSAbbreviation', 'code': 'QD', 'display': 'QD', 'userSelected': False}], 'text': 'Daily'}}, 'asNeededBoolean': False}]",1,2024-10-01T12:49:28Z,generated,"<div xmlns=""http://www.w3.org/1999/xhtml""><p><b>Medication Request</b></p><p><b>Status</b>: Stopped</p><p><b>Intent</b>: Plan</p><p><b>Medication</b>: guanidine (guanidine 125 mg oral tablet)</p><p><b>Dosage Instructions</b>: 1.0, Daily, Guanidine 125 mg, PO, QD., 0 Refill(s)</p><p><b>Patient</b>: SMART II, SANDY</p><p><b>Authored On</b>: Feb 12, 2024  7:41 A.M. UTC</p></div>","[{'system': 'http://www.nlm.nih.gov/research/umls/rxnorm', 'code': '1298099', 'display': 'Guanidine Hydrochloride 125 MG Oral Tablet', 'userSelected': False}, {'system': 'https://fhir.cerner.com/ec2458f2-1e24-41c8-b71b-0e701af7583d/synonym', 'code': '2759663', 'display': 'guanidine 125 mg oral tablet', 'userSelected': True}]",guanidine (guanidine 125 mg oral tablet),Patient/12742399,"SMART II, SANDY",Encounter/97953523,"[{'valueCode': 'unknown', 'url': 'http://hl7.org/fhir/StructureDefinition/data-absent-reason'}]","[{'system': 'https://fhir.cerner.com/ec2458f2-1e24-41c8-b71b-0e701af7583d/codeSet/4009', 'code': '2338', 'display': 'Soft Stop', 'userSelected': True}, {'system': 'http://terminology.hl7.org/CodeSystem/medicationrequest-course-of-therapy', 'code': 'continuous', 'display': 'Continuous long term therapy', 'userSelected': False}]",Soft Stop,"[{'valueBoolean': False, 'url': 'http://electronichealth.se/fhir/StructureDefinition/NLLDosePackaging'}]",2024-02-12T07:41:29Z,0.0,"[{'text': 'EveryDose - Feb 12, 2024  7:41 A.M. UTC - Entry made by EveryDose Application.'}]",,,,,,,
MedicationRequest,412402547,"[{'valueCodeableConcept': {'text': 'Does not need pharmacy verification'}, 'url': 'https://fhir-ehr.cerner.com/r4/StructureDefinition/pharmacy-verification-status'}, {'valueCoding': {'system': 'http://electronichealth.se/fhir/ValueSet/prescription-format', 'code': 'ELECTRONIC', 'display': 'Electronic'}, 'url': 'http://electronichealth.se/fhir/StructureDefinition/NLLPrescriptionFormat'}, {'valueCoding': {'system': 'http://ehalsomyndigheten.se/fhir/ValueSet/registration-basis-codes', 'code': 'ELECTRONIC', 'display': 'Electronic'}, 'url': 'http://electronichealth.se/fhir/StructureDefinition/NLLRegistrationBasis'}]",stopped,plan,"[{'coding': [{'system': 'http://terminology.hl7.org/CodeSystem/medicationrequest-category', 'code': 'community', 'display': 'Community', 'userSelected': False}]}, {'coding': [{'system': 'http://terminology.hl7.org/CodeSystem/medication-statement-category', 'code': 'patientspecified', 'display': 'Patient Specified', 'userSelected': False}]}]",True,2024-02-12T07:41:34Z,"[{'extension': [{'valueString': '1.0, Daily, Lipitor 10 mg, PO, QD., 0 Refill(s)', 'url': 'https://fhir-ehr.cerner.com/r4/StructureDefinition/clinical-instruction'}], 'text': '1.0, Daily, Lipitor 10 mg, PO, QD., 0 Refill(s)', 'additionalInstruction': [{'text': 'Lipitor 10 mg, PO, QD.'}], 'patientInstruction': '1.0 every day. Lipitor 10 mg, PO, QD..', 'timing': {'repeat': {'boundsPeriod': {'start': '2024-01-17T18:30:00Z', 'end': '2024-10-01T12:42:00Z'}}, 'code': {'coding': [{'system': 'https://fhir.cerner.com/ec2458f2-1e24-41c8-b71b-0e701af7583d/codeSet/4003', 'code': '696530', 'display': 'Daily', 'userSelected': True}, {'system': 'http://snomed.info/sct', 'code': '229797004', 'display': 'Once daily (qualifier value)', 'userSelected': False}, {'system': 'http://terminology.hl7.org/CodeSystem/v3-GTSAbbreviation', 'code': 'QD', 'display': 'QD', 'userSelected': False}], 'text': 'Daily'}}, 'asNeededBoolean': False}]",1,2024-10-01T12:42:05Z,generated,"<div xmlns=""http://www.w3.org/1999/xhtml""><p><b>Medication Request</b></p><p><b>Status</b>: Stopped</p><p><b>Intent</b>: Plan</p><p><b>Medication</b>: atorvastatin (atorvastatin 10 mg oral tablet)</p><p><b>Dosage Instructions</b>: 1.0, Daily, Lipitor 10 mg, PO, QD., 0 Refill(s)</p><p><b>Patient</b>: SMART II, SANDY</p><p><b>Authored On</b>: Feb 12, 2024  7:41 A.M. UTC</p></div>","[{'system': 'http://www.nlm.nih.gov/research/umls/rxnorm', 'code': '617312', 'display': 'atorvastatin 10 MG Oral Tablet', 'userSelected': False}, {'system': 'https://fhir.cerner.com/ec2458f2-1e24-41c8-b71b-0e701af7583d/synonym', 'code': '2750275', 'display': 'atorvastatin 10 mg oral tablet', 'userSelected': True}]",atorvastatin (atorvastatin 10 mg oral tablet),Patient/12742399,"SMART II, SANDY",Encounter/97953523,"[{'valueCode': 'unknown', 'url': 'http://hl7.org/fhir/StructureDefinition/data-absent-reason'}]","[{'system': 'https://fhir.cerner.com/ec2458f2-1e24-41c8-b71b-0e701af7583d/codeSet/4009', 'code': '2338', 'display': 'Soft Stop', 'userSelected': True}, {'system': 'http://terminology.hl7.org/CodeSystem/medicationrequest-course-of-therapy', 'code': 'continuous', 'display': 'Continuous long term therapy', 'userSelected': False}]",Soft Stop,"[{'valueBoolean': False, 'url': 'http://electronichealth.se/fhir/StructureDefinition/NLLDosePackaging'}]",2024-02-12T07:41:34Z,0.0,"[{'text': 'EveryDose - Feb 12, 2024  7:41 A.M. UTC - Entry made by EveryDose Application.'}]",,,,,,,
MedicationRequest,410277617,"[{'valueCodeableConcept': {'text': 'Does not need pharmacy verification'}, 'url': 'https://fhir-ehr.cerner.com/r4/StructureDefinition/pharmacy-verification-status'}, {'valueCoding': {'system': 'http://electronichealth.se/fhir/ValueSet/prescription-format', 'code': 'ELECTRONIC', 'display': 'Electronic'}, 'url': 'http://electronichealth.se/fhir/StructureDefinition/NLLPrescriptionFormat'}, {'valueCoding': {'system': 'http://ehalsomyndigheten.se/fhir/ValueSet/registration-basis-codes', 'code': 'ELECTRONIC', 'display': 'Electronic'}, 'url': 'http://electronichealth.se/fhir/StructureDefinition/NLLRegistrationBasis'}]",stopped,plan,"[{'coding': [{'system': 'http://terminology.hl7.org/CodeSystem/medicationrequest-category', 'code': 'community', 'display': 'Community', 'userSelected': False}]}, {'coding': [{'system': 'http://terminology.hl7.org/CodeSystem/medication-statement-category', 'code': 'patientspecified', 'display': 'Patient Specified', 'userSelected': False}]}]",True,2024-01-19T08:00:26Z,"[{'extension': [{'valueString': 'Guanidine, 0 Refill(s)', 'url': 'https://fhir-ehr.cerner.com/r4/StructureDefinition/clinical-instruction'}], 'text': '0 Refill(s)', 'timing': {'repeat': {'boundsPeriod': {'start': '2024-01-19T08:00:00Z', 'end': '2024-10-01T12:40:00Z'}}}, 'asNeededBoolean': False}]",1,2024-10-01T12:40:56Z,generated,"<div xmlns=""http://www.w3.org/1999/xhtml""><p><b>Medication Request</b></p><p><b>Status</b>: Stopped</p><p><b>Intent</b>: Plan</p><p><b>Medication</b>: template non-formulary (medication) (Guanidine)</p><p><b>Dosage Instructions</b>: 0 Refill(s)</p><p><b>Patient</b>: SMART II, SANDY</p><p><b>Authored On</b>: Jan 19, 2024  8:00 A.M. UTC</p></div>","[{'system': 'https://fhir.cerner.com/ec2458f2-1e24-41c8-b71b-0e701af7583d/synonym', 'code': '274145179', 'display': 'Guanidine', 'userSelected': True}]",template non-formulary (medication) (Guanidine),Patient/12742399,"SMART II, SANDY",Encounter/97953523,"[{'valueCode': 'unknown', 'url': 'http://hl7.org/fhir/StructureDefinition/data-absent-reason'}]","[{'system': 'https://fhir.cerner.com/ec2458f2-1e24-41c8-b71b-0e701af7583d/codeSet/4009', 'code': '2338', 'display': 'Soft Stop', 'userSelected': True}, {'system': 'http://terminology.hl7.org/CodeSystem/medicationrequest-course-of-therapy', 'code': 'continuous', 'display': 'Continuous long term therapy', 'userSelected': False}]",Soft Stop,"[{'valueBoolean': False, 'url': 'http://electronichealth.se/fhir/StructureDefinition/NLLDosePackaging'}]",2024-01-19T08:00:26Z,0.0,,,,,,,,
MedicationRequest,412402537,"[{'valueCodeableConcept': {'text': 'Does not need pharmacy verification'}, 'url': 'https://fhir-ehr.cerner.com/r4/StructureDefinition/pharmacy-verification-status'}, {'valueCoding': {'system': 'http://electronichealth.se/fhir/ValueSet/prescription-format', 'code': 'ELECTRONIC', 'display': 'Electronic'}, 'url': 'http://electronichealth.se/fhir/StructureDefinition/NLLPrescriptionFormat'}, {'valueCoding': {'system': 'http://ehalsomyndigheten.se/fhir/ValueSet/registration-basis-codes', 'code': 'ELECTRONIC', 'display': 'Electronic'}, 'url': 'http://electronichealth.se/fhir/StructureDefinition/NLLRegistrationBasis'}]",stopped,plan,"[{'coding': [{'system': 'http://terminology.hl7.org/CodeSystem/medicationrequest-category', 'code': 'community', 'display': 'Community', 'userSelected': False}]}, {'coding': [{'system': 'http://terminology.hl7.org/CodeSystem/medication-statement-category', 'code': 'patientspecified', 'display': 'Patient Specified', 'userSelected': False}]}]",True,2024-02-12T07:41:32Z,"[{'extension': [{'valueString': '2.0, Daily, Krintafel 150 mg, PO, QD., 0 Refill(s)', 'url': 'https://fhir-ehr.cerner.com/r4/StructureDefinition/clinical-instruction'}], 'text': '2.0, Daily, Krintafel 150 mg, PO, QD., 0 Refill(s)', 'additionalInstruction': [{'text': 'Krintafel 150 mg, PO, QD.'}], 'patientInstruction': '2.0 every day. Krintafel 150 mg, PO, QD..', 'timing': {'repeat': {'boundsPeriod': {'start': '2024-01-17T18:30:00Z', 'end': '2024-10-01T12:25:00Z'}}, 'code': {'coding': [{'system': 'https://fhir.cerner.com/ec2458f2-1e24-41c8-b71b-0e701af7583d/codeSet/4003', 'code': '696530', 'display': 'Daily', 'userSelected': True}, {'system': 'http://snomed.info/sct', 'code': '229797004', 'display': 'Once daily (qualifier value)', 'userSelected': False}, {'system': 'http://terminology.hl7.org/CodeSystem/v3-GTSAbbreviation', 'code': 'QD', 'display': 'QD', 'userSelected': False}], 'text': 'Daily'}}, 'asNeededBoolean': False}]",1,2024-10-01T12:25:56Z,generated,"<div xmlns=""http://www.w3.org/1999/xhtml""><p><b>Medication Request</b></p><p><b>Status</b>: Stopped</p><p><b>Intent</b>: Plan</p><p><b>Medication</b>: tafenoquine (tafenoquine 150 mg oral tablet)</p><p><b>Dosage Instructions</b>: 2.0, Daily, Krintafel 150 mg, PO, QD., 0 Refill(s)</p><p><b>Patient</b>: SMART II, SANDY</p><p><b>Authored On</b>: Feb 12, 2024  7:41 A.M. UTC</p></div>","[{'system': 'http://www.nlm.nih.gov/research/umls/rxnorm', 'code': '2109233', 'display': 'tafenoquine 150 MG Oral Tablet', 'userSelected': False}, {'system': 'https://fhir.cerner.com/ec2458f2-1e24-41c8-b71b-0e701af7583d/synonym', 'code': '2572921161', 'display': 'tafenoquine 150 mg oral tablet', 'userSelected': True}]",tafenoquine (tafenoquine 150 mg oral tablet),Patient/12742399,"SMART II, SANDY",Encounter/97953523,"[{'valueCode': 'unknown', 'url': 'http://hl7.org/fhir/StructureDefinition/data-absent-reason'}]","[{'system': 'https://fhir.cerner.com/ec2458f2-1e24-41c8-b71b-0e701af7583d/codeSet/4009', 'code': '2338', 'display': 'Soft Stop', 'userSelected': True}, {'system': 'http://terminology.hl7.org/CodeSystem/medicationrequest-course-of-therapy', 'code': 'continuous', 'display': 'Continuous long term therapy', 'userSelected': False}]",Soft Stop,"[{'valueBoolean': False, 'url': 'http://electronichealth.se/fhir/StructureDefinition/NLLDosePackaging'}]",2024-02-12T07:41:32Z,0.0,"[{'text': 'EveryDose - Feb 12, 2024  7:41 A.M. UTC - Entry made by EveryDose Application.'}]",,,,,,,
MedicationRequest,410212785,"[{'valueCodeableConcept': {'text': 'Does not need pharmacy verification'}, 'url': 'https://fhir-ehr.cerner.com/r4/StructureDefinition/pharmacy-verification-status'}, {'valueCoding': {'system': 'http://electronichealth.se/fhir/ValueSet/prescription-format', 'code': 'ELECTRONIC', 'display': 'Electronic'}, 'url': 'http://electronichealth.se/fhir/StructureDefinition/NLLPrescriptionFormat'}, {'valueCoding': {'system': 'http://ehalsomyndigheten.se/fhir/ValueSet/registration-basis-codes', 'code': 'ELECTRONIC', 'display': 'Electronic'}, 'url': 'http://electronichealth.se/fhir/StructureDefinition/NLLRegistrationBasis'}]",stopped,order,"[{'coding': [{'system': 'http://terminology.hl7.org/CodeSystem/medicationrequest-category', 'code': 'community', 'display': 'Community', 'userSelected': False}]}, {'coding': [{'system': 'http://terminology.hl7.org/CodeSystem/medicationrequest-category', 'code': 'discharge', 'display': 'Discharge', 'userSelected': False}]}]",False,2024-01-18T12:11:21Z,"[{'extension': [{'valueString': '162.5 mg = 1 cap, Oral, Daily, # 30 cap, 0 Refill(s), called to pharmacy (Rx)', 'url': 'https://fhir-ehr.cerner.com/r4/StructureDefinition/clinical-instruction'}], 'text': '162.5 mg = 1 cap, Oral, Daily, 30 cap, 0 Refill(s)', 'patientInstruction': '1 Capsules Oral (given by mouth) every day. Refills: 0.', 'timing': {'repeat': {'boundsPeriod': {'start': '2024-01-18T12:11:00Z', 'end': '2024-10-01T12:23:10Z'}}, 'code': {'coding': [{'system': 'https://fhir.cerner.com/ec2458f2-1e24-41c8-b71b-0e701af7583d/codeSet/4003', 'code': '696530', 'display': 'Daily', 'userSelected': True}, {'system': 'http://snomed.info/sct', 'code': '229797004', 'display': 'Once daily (qualifier value)', 'userSelected': False}, {'system': 'http://terminology.hl7.org/CodeSystem/v3-GTSAbbreviation', 'code': 'QD', 'display': 'QD', 'userSelected': False}], 'text': 'Daily'}}, 'asNeededBoolean': False, 'route': {'coding': [{'system': 'https://fhir.cerner.com/ec2458f2-1e24-41c8-b71b-0e701af7583d/codeSet/4001', 'code': '318185', 'display': 'Oral', 'userSelected': True}, {'system': 'http://snomed.info/sct', 'code': '26643006', 'display': 'Oral route (qualifier value)', 'userSelected': False}], 'text': 'Oral'}, 'doseAndRate': [{'doseQuantity': {'value': 1.0, 'unit': 'cap', 'system': 'http://unitsofmeasure.org', 'code': '{Capsule}'}}]}]",1,2024-10-01T12:31:52Z,generated,"<div xmlns=""http://www.w3.org/1999/xhtml""><p><b>Medication Request</b></p><p><b>Status</b>: Stopped</p><p><b>Intent</b>: Order</p><p><b>Medication</b>: aspirin (aspirin 162.5 mg oral capsule, extended release)</p><p><b>Dosage Instructions</b>: 162.5 mg = 1 cap, Oral, Daily, 30 cap, 0 Refill(s)</p><p><b>Patient</b>: SMART II, SANDY</p><p><b>Authored On</b>: Jan 18, 2024 12:11 P.M. UTC</p></div>","[{'system': 'http://www.nlm.nih.gov/research/umls/rxnorm', 'code': '1665356', 'display': '24 HR Aspirin 162.5 MG Extended Release Oral Capsule', 'userSelected': False}, {'system': 'https://fhir.cerner.com/ec2458f2-1e24-41c8-b71b-0e701af7583d/synonym', 'code': '275110369', 'display': 'aspirin 162.5 mg oral capsule, extended release', 'userSelected': True}]","aspirin (aspirin 162.5 mg oral capsule, extended release)",Patient/12742399,"SMART II, SANDY",Encounter/97998276,,"[{'system': 'https://fhir.cerner.com/ec2458f2-1e24-41c8-b71b-0e701af7583d/codeSet/4009', 'code': '2338', 'display': 'Soft Stop', 'userSelected': True}, {'system': 'http://terminology.hl7.org/CodeSystem/medicationrequest-course-of-therapy', 'code': 'continuous', 'display': 'Continuous long term therapy', 'userSelected': False}]",Maintenance,"[{'valueBoolean': False, 'url': 'http://electronichealth.se/fhir/StructureDefinition/NLLDosePackaging'}]",2024-01-18T12:11:21Z,0.0,,Practitioner/12742905,"PWEveryDose, MDHosp",30.0,cap,http://unitsofmeasure.org,{Capsule},True
MedicationRequest,410207623,"[{'valueCodeableConcept': {'text': 'Does not need pharmacy verification'}, 'url': 'https://fhir-ehr.cerner.com/r4/StructureDefinition/pharmacy-verification-status'}, {'valueCoding': {'system': 'http://electronichealth.se/fhir/ValueSet/prescription-format', 'code': 'ELECTRONIC', 'display': 'Electronic'}, 'url': 'http://electronichealth.se/fhir/StructureDefinition/NLLPrescriptionFormat'}, {'valueCoding': {'system': 'http://ehalsomyndigheten.se/fhir/ValueSet/registration-basis-codes', 'code': 'ELECTRONIC', 'display': 'Electronic'}, 'url': 'http://electronichealth.se/fhir/StructureDefinition/NLLRegistrationBasis'}]",stopped,plan,"[{'coding': [{'system': 'http://terminology.hl7.org/CodeSystem/medicationrequest-category', 'code': 'community', 'display': 'Community', 'userSelected': False}]}, {'coding': [{'system': 'http://terminology.hl7.org/CodeSystem/medication-statement-category', 'code': 'patientspecified', 'display': 'Patient Specified', 'userSelected': False}]}]",True,2024-01-18T11:33:34Z,"[{'extension': [{'valueString': '1 tab, Oral, every morning, not to exceed 5 doses/day, # 90 EA, 0 Refill(s)', 'url': 'https://fhir-ehr.cerner.com/r4/StructureDefinition/clinical-instruction'}], 'text': '1 tab, Oral, every morning, not to exceed 5 doses/day, 90 EA, 0 Refill(s)', 'additionalInstruction': [{'text': 'not to exceed 5 doses/day'}], 'patientInstruction': '1 tab Oral (given by mouth) every morning. not to exceed 5 doses/day.', 'timing': {'repeat': {'boundsPeriod': {'start': '2024-01-18T11:33:00Z', 'end': '2024-05-20T10:59:00Z'}}, 'code': {'coding': [{'system': 'https://fhir.cerner.com/ec2458f2-1e24-41c8-b71b-0e701af7583d/codeSet/4003', 'code': '696557', 'display': 'every morning', 'userSelected': True}, {'system': 'http://snomed.info/sct', 'code': '307472001', 'display': 'Every morning (qualifier value)', 'userSelected': False}, {'system': 'http://terminology.hl7.org/CodeSystem/v3-GTSAbbreviation', 'code': 'AM', 'display': 'AM', 'userSelected': False}], 'text': 'every morning'}}, 'asNeededBoolean': False, 'route': {'coding': [{'system': 'https://fhir.cerner.com/ec2458f2-1e24-41c8-b71b-0e701af7583d/codeSet/4001', 'code': '318185', 'display': 'Oral', 'userSelected': True}, {'system': 'http://snomed.info/sct', 'code': '26643006', 'display': 'Oral route (qualifier value)', 'userSelected': False}], 'text': 'Oral'}, 'doseAndRate': [{'doseQuantity': {'value': 1.0, 'unit': 'tab', 'system': 'http://unitsofmeasure.org', 'code': '{tbl}'}}]}]",1,2024-05-20T10:59:11Z,generated,"<div xmlns=""http://www.w3.org/1999/xhtml""><p><b>Medication Request</b></p><p><b>Status</b>: Stopped</p><p><b>Intent</b>: Plan</p><p><b>Medication</b>: acetaminophen-dexbrompheniramine (acetaminophen-dexbrompheniramine 325 mg-1 mg oral tablet)</p><p><b>Dosage Instructions</b>: 1 tab, Oral, every morning, not to exceed 5 doses/day, 90 EA, 0 Refill(s)</p><p><b>Patient</b>: SMART II, SANDY</p><p><b>Authored On</b>: Jan 18, 2024 11:33 A.M. UTC</p></div>","[{'system': 'http://www.nlm.nih.gov/research/umls/rxnorm', 'code': '1546700', 'display': 'Acetaminophen 325 MG / Dexbrompheniramine maleate 1 MG Oral Tablet', 'userSelected': False}, {'system': 'https://fhir.cerner.com/ec2458f2-1e24-41c8-b71b-0e701af7583d/synonym', 'code': '59470791', 'display': 'acetaminophen-dexbrompheniramine 325 mg-1 mg oral tablet', 'userSelected': True}]",acetaminophen-dexbrompheniramine (acetaminophen-dexbrompheniramine 325 mg-1 mg oral tablet),Patient/12742399,"SMART II, SANDY",Encounter/97998276,"[{'valueCode': 'unknown', 'url': 'http://hl7.org/fhir/StructureDefinition/data-absent-reason'}]","[{'system': 'https://fhir.cerner.com/ec2458f2-1e24-41c8-b71b-0e701af7583d/codeSet/4009', 'code': '2338', 'display': 'Soft Stop', 'userSelected': True}, {'system': 'http://terminology.hl7.org/CodeSystem/medicationrequest-course-of-therapy', 'code': 'continuous', 'display': 'Continuous long term therapy', 'userSelected': False}]",Maintenance,"[{'valueBoolean': False, 'url': 'http://electronichealth.se/fhir/StructureDefinition/NLLDosePackaging'}]",2024-01-18T11:33:34Z,0.0,,,,90.0,EA,http://unitsofmeasure.org,{Each},True
