resourceType,id,identifier,status,category,effectiveDateTime,issued,performer,component,meta.versionId,meta.lastUpdated,text.status,text.div,code.coding,code.text,subject.reference,encounter.reference,valueQuantity.extension,valueQuantity.value,valueQuantity.unit,valueQuantity.system,valueQuantity.code,hasMember,valueCodeableConcept.coding,valueCodeableConcept.text,valueString,note,effectivePeriod.start
Observation,BP-209135312-209135314,"[{'system': 'https://fhir.cerner.com/ceuuid', 'value': 'CE87caf4b7-9397-4667-9897-702218017c9e-209135312-2026092907171600'}, {'system': 'https://fhir.cerner.com/ceuuid', 'value': 'CE87caf4b7-9397-4667-9897-702218017c9e-209135314-2026092907171600'}]",final,"[{'coding': [{'system': 'http://terminology.hl7.org/CodeSystem/observation-category', 'code': 'vital-signs', 'display': 'Vital Signs'}], 'text': 'Vital Signs'}]",2026-09-29T07:10:34.000Z,2026-09-29T07:10:34.000Z,"[{'extension': [{'valueCodeableConcept': {'coding': [{'system': 'http://terminology.hl7.org/CodeSystem/v3-ParticipationType', 'code': 'LA', 'display': 'legal authenticator'}], 'text': 'legal authenticator'}, 'url': 'http://hl7.org/fhir/StructureDefinition/event-performerFunction'}], 'reference': 'Practitioner/12742069'}]","[{'code': {'coding': [{'system': 'https://fhir.cerner.com/ec2458f2-1e24-41c8-b71b-0e701af7583d/codeSet/72', 'code': '703501', 'display': 'Systolic Blood Pressure', 'userSelected': True}, {'system': 'http://loinc.org', 'code': '8480-6', 'display': 'Systolic blood pressure'}, {'system': 'http://loinc.org', 'code': '85354-9', 'display': 'Blood pressure panel with all children optional'}], 'text': 'Systolic Blood Pressure'}, 'valueQuantity': {'value': 126, 'unit': 'mmHg', 'system': 'http://unitsofmeasure.org', 'code': 'mm[Hg]'}}, {'code': {'coding': [{'system': 'https://fhir.cerner.com/ec2458f2-1e24-41c8-b71b-0e701af7583d/codeSet/72', 'code': '703516', 'display': 'Diastolic Blood Pressure', 'userSelected': True}, {'system': 'http://loinc.org', 'code': '8462-4', 'display': 'Diastolic blood pressure'}, {'system': 'http://loinc.org', 'code': '85354-9', 'display': 'Blood pressure panel with all children optional'}], 'text': 'Diastolic Blood Pressure'}, 'valueQuantity': {'value': 73, 'unit': 'mmHg', 'system': 'http://unitsofmeasure.org', 'code': 'mm[Hg]'}}]",1-1,2026-09-29T07:17:16.000Z,generated,"<div xmlns=""http://www.w3.org/1999/xhtml""><p><b>Observation</b></p><p><b>Patient Id</b>: 12742399</p><p><b>Status</b>: Final</p><p><b>Categories</b>: Vital Signs</p><p><b>Code</b>: Blood pressure</p><p><b>Components</b>:</p><dl><dt>Systolic Blood Pressure</dt><dd><b>Result</b>: 126 mmHg</dd><dt>Diastolic Blood Pressure</dt><dd><b>Result</b>: 73 mmHg</dd></dl><p><b>Effective Date</b>: Sep 29, 2026  7:10 A.M. UTC</p></div>","[{'system': 'http://loinc.org', 'code': '85354-9', 'display': 'Blood pressure panel with all children optional'}]",Blood pressure,Patient/12742399,Encounter/100557329,,,,,,,,,,,
Observation,VS-209135310,"[{'system': 'https://fhir.cerner.com/ceuuid', 'value': 'CE87caf4b7-9397-4667-9897-702218017c9e-209135310-2026092907171000'}]",final,"[{'coding': [{'system': 'http://terminology.hl7.org/CodeSystem/observation-category', 'code': 'vital-signs', 'display': 'Vital Signs'}], 'text': 'Vital Signs'}]",2026-09-29T07:10:34.000Z,2026-09-29T07:10:34.000Z,"[{'extension': [{'valueCodeableConcept': {'coding': [{'system': 'http://terminology.hl7.org/CodeSystem/v3-ParticipationType', 'code': 'LA', 'display': 'legal authenticator'}], 'text': 'legal authenticator'}, 'url': 'http://hl7.org/fhir/StructureDefinition/event-performerFunction'}], 'reference': 'Practitioner/12742069'}]",,1,2026-09-29T07:17:10.000Z,generated,"<div xmlns=""http://www.w3.org/1999/xhtml""><p><b>Observation</b></p><p><b>Patient Id</b>: 12742399</p><p><b>Status</b>: Final</p><p><b>Categories</b>: Vital Signs</p><p><b>Code</b>: Temperature Oral</p><p><b>Result</b>: 37.6 degC</p><p><b>Effective Date</b>: Sep 29, 2026  7:10 A.M. UTC</p></div>","[{'system': 'https://fhir.cerner.com/ec2458f2-1e24-41c8-b71b-0e701af7583d/codeSet/72', 'code': '703558', 'display': 'Temperature Oral', 'userSelected': True}, {'system': 'http://loinc.org', 'code': '8310-5', 'display': 'Body temperature'}, {'system': 'http://loinc.org', 'code': '8331-1', 'display': 'Oral temperature'}]",Temperature Oral,Patient/12742399,Encounter/100557329,"[{'valueQuantity': {'value': 99.7, 'unit': 'degF', 'system': 'http://unitsofmeasure.org', 'code': '[degF]'}, 'url': 'http://hl7.org/fhir/StructureDefinition/iso21090-PQ-translation'}]",37.6,degC,http://unitsofmeasure.org,Cel,,,,,,
Observation,VS-209135308,"[{'system': 'https://fhir.cerner.com/ceuuid', 'value': 'CE87caf4b7-9397-4667-9897-702218017c9e-209135308-2026092907170400'}]",final,"[{'coding': [{'system': 'http://terminology.hl7.org/CodeSystem/observation-category', 'code': 'therapy', 'display': 'Therapy'}], 'text': 'Therapy'}, {'coding': [{'system': 'http://terminology.hl7.org/CodeSystem/observation-category', 'code': 'vital-signs', 'display': 'Vital Signs'}], 'text': 'Vital Signs'}]",2026-09-29T07:10:34.000Z,2026-09-29T07:10:34.000Z,"[{'extension': [{'valueCodeableConcept': {'coding': [{'system': 'http://terminology.hl7.org/CodeSystem/v3-ParticipationType', 'code': 'LA', 'display': 'legal authenticator'}], 'text': 'legal authenticator'}, 'url': 'http://hl7.org/fhir/StructureDefinition/event-performerFunction'}], 'reference': 'Practitioner/12742069'}]",,1,2026-09-29T07:17:04.000Z,generated,"<div xmlns=""http://www.w3.org/1999/xhtml""><p><b>Observation</b></p><p><b>Patient Id</b>: 12742399</p><p><b>Status</b>: Final</p><p><b>Categories</b>: Therapy, Vital Signs</p><p><b>Code</b>: Respiratory Rate</p><p><b>Result</b>: 15 br/min</p><p><b>Effective Date</b>: Sep 29, 2026  7:10 A.M. UTC</p></div>","[{'system': 'https://fhir.cerner.com/ec2458f2-1e24-41c8-b71b-0e701af7583d/codeSet/72', 'code': '703540', 'display': 'Respiratory Rate', 'userSelected': True}, {'system': 'http://loinc.org', 'code': '9279-1', 'display': 'Respiratory rate'}]",Respiratory Rate,Patient/12742399,Encounter/100557329,,15.0,br/min,http://unitsofmeasure.org,/min,,,,,,
Observation,VS-209135306,"[{'system': 'https://fhir.cerner.com/ceuuid', 'value': 'CE87caf4b7-9397-4667-9897-702218017c9e-209135306-2026092907165900'}]",final,"[{'coding': [{'system': 'http://terminology.hl7.org/CodeSystem/observation-category', 'code': 'therapy', 'display': 'Therapy'}], 'text': 'Therapy'}, {'coding': [{'system': 'http://terminology.hl7.org/CodeSystem/observation-category', 'code': 'vital-signs', 'display': 'Vital Signs'}], 'text': 'Vital Signs'}]",2026-09-29T07:10:34.000Z,2026-09-29T07:10:34.000Z,"[{'extension': [{'valueCodeableConcept': {'coding': [{'system': 'http://terminology.hl7.org/CodeSystem/v3-ParticipationType', 'code': 'LA', 'display': 'legal authenticator'}], 'text': 'legal authenticator'}, 'url': 'http://hl7.org/fhir/StructureDefinition/event-performerFunction'}], 'reference': 'Practitioner/12742069'}]",,1,2026-09-29T07:16:59.000Z,generated,"<div xmlns=""http://www.w3.org/1999/xhtml""><p><b>Observation</b></p><p><b>Patient Id</b>: 12742399</p><p><b>Status</b>: Final</p><p><b>Categories</b>: Therapy, Vital Signs</p><p><b>Code</b>: Post-Ductal SpO2</p><p><b>Result</b>: 96 %</p><p><b>Effective Date</b>: Sep 29, 2026  7:10 A.M. UTC</p></div>","[{'system': 'https://fhir.cerner.com/ec2458f2-1e24-41c8-b71b-0e701af7583d/codeSet/72', 'code': '2566991073', 'display': 'Post-Ductal SpO2', 'userSelected': True}, {'system': 'http://loinc.org', 'code': '2708-6', 'display': 'Oxygen saturation in Arterial blood'}, {'system': 'http://loinc.org', 'code': '59418-4', 'display': 'Oxygen saturation in Blood Postductal by Pulse oximetry'}]",Post-Ductal SpO2,Patient/12742399,Encounter/100557329,,96.0,%,http://unitsofmeasure.org,%,,,,,,
Observation,VS-209135304,"[{'system': 'https://fhir.cerner.com/ceuuid', 'value': 'CE87caf4b7-9397-4667-9897-702218017c9e-209135304-2026092907165300'}]",final,"[{'coding': [{'system': 'http://terminology.hl7.org/CodeSystem/observation-category', 'code': 'vital-signs', 'display': 'Vital Signs'}], 'text': 'Vital Signs'}]",2026-09-29T07:10:34.000Z,2026-09-29T07:10:34.000Z,"[{'extension': [{'valueCodeableConcept': {'coding': [{'system': 'http://terminology.hl7.org/CodeSystem/v3-ParticipationType', 'code': 'LA', 'display': 'legal authenticator'}], 'text': 'legal authenticator'}, 'url': 'http://hl7.org/fhir/StructureDefinition/event-performerFunction'}], 'reference': 'Practitioner/12742069'}]",,1,2026-09-29T07:16:53.000Z,generated,"<div xmlns=""http://www.w3.org/1999/xhtml""><p><b>Observation</b></p><p><b>Patient Id</b>: 12742399</p><p><b>Status</b>: Final</p><p><b>Categories</b>: Vital Signs</p><p><b>Code</b>: Pulse Sitting</p><p><b>Result</b>: 78 bpm</p><p><b>Effective Date</b>: Sep 29, 2026  7:10 A.M. UTC</p></div>","[{'system': 'https://fhir.cerner.com/ec2458f2-1e24-41c8-b71b-0e701af7583d/codeSet/72', 'code': '1164554', 'display': 'Pulse Sitting', 'userSelected': True}, {'system': 'http://loinc.org', 'code': '69000-8', 'display': 'Heart rate --sitting'}, {'system': 'http://loinc.org', 'code': '8867-4', 'display': 'Heart rate'}]",Pulse Sitting,Patient/12742399,Encounter/100557329,,78.0,bpm,http://unitsofmeasure.org,/min,,,,,,
Observation,BP-209134520-209134522,"[{'system': 'https://fhir.cerner.com/ceuuid', 'value': 'CE87caf4b7-9397-4667-9897-702218017c9e-209134520-2026092809431200'}, {'system': 'https://fhir.cerner.com/ceuuid', 'value': 'CE87caf4b7-9397-4667-9897-702218017c9e-209134522-2026092809431200'}]",final,"[{'coding': [{'system': 'http://terminology.hl7.org/CodeSystem/observation-category', 'code': 'vital-signs', 'display': 'Vital Signs'}], 'text': 'Vital Signs'}]",2026-09-28T09:37:30.000Z,2026-09-28T09:37:30.000Z,"[{'extension': [{'valueCodeableConcept': {'coding': [{'system': 'http://terminology.hl7.org/CodeSystem/v3-ParticipationType', 'code': 'LA', 'display': 'legal authenticator'}], 'text': 'legal authenticator'}, 'url': 'http://hl7.org/fhir/StructureDefinition/event-performerFunction'}], 'reference': 'Practitioner/12742069'}]","[{'code': {'coding': [{'system': 'https://fhir.cerner.com/ec2458f2-1e24-41c8-b71b-0e701af7583d/codeSet/72', 'code': '703501', 'display': 'Systolic Blood Pressure', 'userSelected': True}, {'system': 'http://loinc.org', 'code': '8480-6', 'display': 'Systolic blood pressure'}, {'system': 'http://loinc.org', 'code': '85354-9', 'display': 'Blood pressure panel with all children optional'}], 'text': 'Systolic Blood Pressure'}, 'valueQuantity': {'value': 126, 'unit': 'mmHg', 'system': 'http://unitsofmeasure.org', 'code': 'mm[Hg]'}}, {'code': {'coding': [{'system': 'https://fhir.cerner.com/ec2458f2-1e24-41c8-b71b-0e701af7583d/codeSet/72', 'code': '703516', 'display': 'Diastolic Blood Pressure', 'userSelected': True}, {'system': 'http://loinc.org', 'code': '8462-4', 'display': 'Diastolic blood pressure'}, {'system': 'http://loinc.org', 'code': '85354-9', 'display': 'Blood pressure panel with all children optional'}], 'text': 'Diastolic Blood Pressure'}, 'valueQuantity': {'value': 73, 'unit': 'mmHg', 'system': 'http://unitsofmeasure.org', 'code': 'mm[Hg]'}}]",1-1,2026-09-28T09:43:12.000Z,generated,"<div xmlns=""http://www.w3.org/1999/xhtml""><p><b>Observation</b></p><p><b>Patient Id</b>: 12742399</p><p><b>Status</b>: Final</p><p><b>Categories</b>: Vital Signs</p><p><b>Code</b>: Blood pressure</p><p><b>Components</b>:</p><dl><dt>Systolic Blood Pressure</dt><dd><b>Result</b>: 126 mmHg</dd><dt>Diastolic Blood Pressure</dt><dd><b>Result</b>: 73 mmHg</dd></dl><p><b>Effective Date</b>: Sep 28, 2026  9:37 A.M. UTC</p></div>","[{'system': 'http://loinc.org', 'code': '85354-9', 'display': 'Blood pressure panel with all children optional'}]",Blood pressure,Patient/12742399,Encounter/100557329,,,,,,,,,,,
Observation,VS-209134518,"[{'system': 'https://fhir.cerner.com/ceuuid', 'value': 'CE87caf4b7-9397-4667-9897-702218017c9e-209134518-2026092809430600'}]",final,"[{'coding': [{'system': 'http://terminology.hl7.org/CodeSystem/observation-category', 'code': 'vital-signs', 'display': 'Vital Signs'}], 'text': 'Vital Signs'}]",2026-09-28T09:37:30.000Z,2026-09-28T09:37:30.000Z,"[{'extension': [{'valueCodeableConcept': {'coding': [{'system': 'http://terminology.hl7.org/CodeSystem/v3-ParticipationType', 'code': 'LA', 'display': 'legal authenticator'}], 'text': 'legal authenticator'}, 'url': 'http://hl7.org/fhir/StructureDefinition/event-performerFunction'}], 'reference': 'Practitioner/12742069'}]",,1,2026-09-28T09:43:06.000Z,generated,"<div xmlns=""http://www.w3.org/1999/xhtml""><p><b>Observation</b></p><p><b>Patient Id</b>: 12742399</p><p><b>Status</b>: Final</p><p><b>Categories</b>: Vital Signs</p><p><b>Code</b>: Temperature Oral</p><p><b>Result</b>: 37.5 degC</p><p><b>Effective Date</b>: Sep 28, 2026  9:37 A.M. UTC</p></div>","[{'system': 'https://fhir.cerner.com/ec2458f2-1e24-41c8-b71b-0e701af7583d/codeSet/72', 'code': '703558', 'display': 'Temperature Oral', 'userSelected': True}, {'system': 'http://loinc.org', 'code': '8310-5', 'display': 'Body temperature'}, {'system': 'http://loinc.org', 'code': '8331-1', 'display': 'Oral temperature'}]",Temperature Oral,Patient/12742399,Encounter/100557329,"[{'valueQuantity': {'value': 99.5, 'unit': 'degF', 'system': 'http://unitsofmeasure.org', 'code': '[degF]'}, 'url': 'http://hl7.org/fhir/StructureDefinition/iso21090-PQ-translation'}]",37.5,degC,http://unitsofmeasure.org,Cel,,,,,,
Observation,VS-209134516,"[{'system': 'https://fhir.cerner.com/ceuuid', 'value': 'CE87caf4b7-9397-4667-9897-702218017c9e-209134516-2026092809425900'}]",final,"[{'coding': [{'system': 'http://terminology.hl7.org/CodeSystem/observation-category', 'code': 'therapy', 'display': 'Therapy'}], 'text': 'Therapy'}, {'coding': [{'system': 'http://terminology.hl7.org/CodeSystem/observation-category', 'code': 'vital-signs', 'display': 'Vital Signs'}], 'text': 'Vital Signs'}]",2026-09-28T09:37:30.000Z,2026-09-28T09:37:30.000Z,"[{'extension': [{'valueCodeableConcept': {'coding': [{'system': 'http://terminology.hl7.org/CodeSystem/v3-ParticipationType', 'code': 'LA', 'display': 'legal authenticator'}], 'text': 'legal authenticator'}, 'url': 'http://hl7.org/fhir/StructureDefinition/event-performerFunction'}], 'reference': 'Practitioner/12742069'}]",,1,2026-09-28T09:42:59.000Z,generated,"<div xmlns=""http://www.w3.org/1999/xhtml""><p><b>Observation</b></p><p><b>Patient Id</b>: 12742399</p><p><b>Status</b>: Final</p><p><b>Categories</b>: Therapy, Vital Signs</p><p><b>Code</b>: Respiratory Rate</p><p><b>Result</b>: 15 br/min</p><p><b>Effective Date</b>: Sep 28, 2026  9:37 A.M. UTC</p></div>","[{'system': 'https://fhir.cerner.com/ec2458f2-1e24-41c8-b71b-0e701af7583d/codeSet/72', 'code': '703540', 'display': 'Respiratory Rate', 'userSelected': True}, {'system': 'http://loinc.org', 'code': '9279-1', 'display': 'Respiratory rate'}]",Respiratory Rate,Patient/12742399,Encounter/100557329,,15.0,br/min,http://unitsofmeasure.org,/min,,,,,,
Observation,VS-209134514,"[{'system': 'https://fhir.cerner.com/ceuuid', 'value': 'CE87caf4b7-9397-4667-9897-702218017c9e-209134514-2026092809425300'}]",final,"[{'coding': [{'system': 'http://terminology.hl7.org/CodeSystem/observation-category', 'code': 'therapy', 'display': 'Therapy'}], 'text': 'Therapy'}, {'coding': [{'system': 'http://terminology.hl7.org/CodeSystem/observation-category', 'code': 'vital-signs', 'display': 'Vital Signs'}], 'text': 'Vital Signs'}]",2026-09-28T09:37:30.000Z,2026-09-28T09:37:30.000Z,"[{'extension': [{'valueCodeableConcept': {'coding': [{'system': 'http://terminology.hl7.org/CodeSystem/v3-ParticipationType', 'code': 'LA', 'display': 'legal authenticator'}], 'text': 'legal authenticator'}, 'url': 'http://hl7.org/fhir/StructureDefinition/event-performerFunction'}], 'reference': 'Practitioner/12742069'}]",,1,2026-09-28T09:42:53.000Z,generated,"<div xmlns=""http://www.w3.org/1999/xhtml""><p><b>Observation</b></p><p><b>Patient Id</b>: 12742399</p><p><b>Status</b>: Final</p><p><b>Categories</b>: Therapy, Vital Signs</p><p><b>Code</b>: Post-Ductal SpO2</p><p><b>Result</b>: 96 %</p><p><b>Effective Date</b>: Sep 28, 2026  9:37 A.M. UTC</p></div>","[{'system': 'https://fhir.cerner.com/ec2458f2-1e24-41c8-b71b-0e701af7583d/codeSet/72', 'code': '2566991073', 'display': 'Post-Ductal SpO2', 'userSelected': True}, {'system': 'http://loinc.org', 'code': '2708-6', 'display': 'Oxygen saturation in Arterial blood'}, {'system': 'http://loinc.org', 'code': '59418-4', 'display': 'Oxygen saturation in Blood Postductal by Pulse oximetry'}]",Post-Ductal SpO2,Patient/12742399,Encounter/100557329,,96.0,%,http://unitsofmeasure.org,%,,,,,,
Observation,VS-209134512,"[{'system': 'https://fhir.cerner.com/ceuuid', 'value': 'CE87caf4b7-9397-4667-9897-702218017c9e-209134512-2026092809424700'}]",final,"[{'coding': [{'system': 'http://terminology.hl7.org/CodeSystem/observation-category', 'code': 'vital-signs', 'display': 'Vital Signs'}], 'text': 'Vital Signs'}]",2026-09-28T09:37:30.000Z,2026-09-28T09:37:30.000Z,"[{'extension': [{'valueCodeableConcept': {'coding': [{'system': 'http://terminology.hl7.org/CodeSystem/v3-ParticipationType', 'code': 'LA', 'display': 'legal authenticator'}], 'text': 'legal authenticator'}, 'url': 'http://hl7.org/fhir/StructureDefinition/event-performerFunction'}], 'reference': 'Practitioner/12742069'}]",,1,2026-09-28T09:42:47.000Z,generated,"<div xmlns=""http://www.w3.org/1999/xhtml""><p><b>Observation</b></p><p><b>Patient Id</b>: 12742399</p><p><b>Status</b>: Final</p><p><b>Categories</b>: Vital Signs</p><p><b>Code</b>: Pulse Sitting</p><p><b>Result</b>: 78 bpm</p><p><b>Effective Date</b>: Sep 28, 2026  9:37 A.M. UTC</p></div>","[{'system': 'https://fhir.cerner.com/ec2458f2-1e24-41c8-b71b-0e701af7583d/codeSet/72', 'code': '1164554', 'display': 'Pulse Sitting', 'userSelected': True}, {'system': 'http://loinc.org', 'code': '69000-8', 'display': 'Heart rate --sitting'}, {'system': 'http://loinc.org', 'code': '8867-4', 'display': 'Heart rate'}]",Pulse Sitting,Patient/12742399,Encounter/100557329,,78.0,bpm,http://unitsofmeasure.org,/min,,,,,,
Observation,BP-209134398-209134400,"[{'system': 'https://fhir.cerner.com/ceuuid', 'value': 'CE87caf4b7-9397-4667-9897-702218017c9e-209134398-2026092809381500'}, {'system': 'https://fhir.cerner.com/ceuuid', 'value': 'CE87caf4b7-9397-4667-9897-702218017c9e-209134400-2026092809381500'}]",final,"[{'coding': [{'system': 'http://terminology.hl7.org/CodeSystem/observation-category', 'code': 'vital-signs', 'display': 'Vital Signs'}], 'text': 'Vital Signs'}]",2026-09-28T09:34:29.000Z,2026-09-28T09:34:29.000Z,"[{'extension': [{'valueCodeableConcept': {'coding': [{'system': 'http://terminology.hl7.org/CodeSystem/v3-ParticipationType', 'code': 'LA', 'display': 'legal authenticator'}], 'text': 'legal authenticator'}, 'url': 'http://hl7.org/fhir/StructureDefinition/event-performerFunction'}], 'reference': 'Practitioner/12742069'}]","[{'code': {'coding': [{'system': 'https://fhir.cerner.com/ec2458f2-1e24-41c8-b71b-0e701af7583d/codeSet/72', 'code': '703501', 'display': 'Systolic Blood Pressure', 'userSelected': True}, {'system': 'http://loinc.org', 'code': '8480-6', 'display': 'Systolic blood pressure'}, {'system': 'http://loinc.org', 'code': '85354-9', 'display': 'Blood pressure panel with all children optional'}], 'text': 'Systolic Blood Pressure'}, 'valueQuantity': {'value': 126, 'unit': 'mmHg', 'system': 'http://unitsofmeasure.org', 'code': 'mm[Hg]'}}, {'code': {'coding': [{'system': 'https://fhir.cerner.com/ec2458f2-1e24-41c8-b71b-0e701af7583d/codeSet/72', 'code': '703516', 'display': 'Diastolic Blood Pressure', 'userSelected': True}, {'system': 'http://loinc.org', 'code': '8462-4', 'display': 'Diastolic blood pressure'}, {'system': 'http://loinc.org', 'code': '85354-9', 'display': 'Blood pressure panel with all children optional'}], 'text': 'Diastolic Blood Pressure'}, 'valueQuantity': {'value': 71, 'unit': 'mmHg', 'system': 'http://unitsofmeasure.org', 'code': 'mm[Hg]'}}]",1-1,2026-09-28T09:38:14.000Z,generated,"<div xmlns=""http://www.w3.org/1999/xhtml""><p><b>Observation</b></p><p><b>Patient Id</b>: 12742399</p><p><b>Status</b>: Final</p><p><b>Categories</b>: Vital Signs</p><p><b>Code</b>: Blood pressure</p><p><b>Components</b>:</p><dl><dt>Systolic Blood Pressure</dt><dd><b>Result</b>: 126 mmHg</dd><dt>Diastolic Blood Pressure</dt><dd><b>Result</b>: 71 mmHg</dd></dl><p><b>Effective Date</b>: Sep 28, 2026  9:34 A.M. UTC</p></div>","[{'system': 'http://loinc.org', 'code': '85354-9', 'display': 'Blood pressure panel with all children optional'}]",Blood pressure,Patient/12742399,Encounter/100557329,,,,,,,,,,,
Observation,VS-209134396,"[{'system': 'https://fhir.cerner.com/ceuuid', 'value': 'CE87caf4b7-9397-4667-9897-702218017c9e-209134396-2026092809380800'}]",final,"[{'coding': [{'system': 'http://terminology.hl7.org/CodeSystem/observation-category', 'code': 'vital-signs', 'display': 'Vital Signs'}], 'text': 'Vital Signs'}]",2026-09-28T09:34:29.000Z,2026-09-28T09:34:29.000Z,"[{'extension': [{'valueCodeableConcept': {'coding': [{'system': 'http://terminology.hl7.org/CodeSystem/v3-ParticipationType', 'code': 'LA', 'display': 'legal authenticator'}], 'text': 'legal authenticator'}, 'url': 'http://hl7.org/fhir/StructureDefinition/event-performerFunction'}], 'reference': 'Practitioner/12742069'}]",,1,2026-09-28T09:38:08.000Z,generated,"<div xmlns=""http://www.w3.org/1999/xhtml""><p><b>Observation</b></p><p><b>Patient Id</b>: 12742399</p><p><b>Status</b>: Final</p><p><b>Categories</b>: Vital Signs</p><p><b>Code</b>: Temperature Oral</p><p><b>Result</b>: 37.5 degC</p><p><b>Effective Date</b>: Sep 28, 2026  9:34 A.M. UTC</p></div>","[{'system': 'https://fhir.cerner.com/ec2458f2-1e24-41c8-b71b-0e701af7583d/codeSet/72', 'code': '703558', 'display': 'Temperature Oral', 'userSelected': True}, {'system': 'http://loinc.org', 'code': '8310-5', 'display': 'Body temperature'}, {'system': 'http://loinc.org', 'code': '8331-1', 'display': 'Oral temperature'}]",Temperature Oral,Patient/12742399,Encounter/100557329,"[{'valueQuantity': {'value': 99.5, 'unit': 'degF', 'system': 'http://unitsofmeasure.org', 'code': '[degF]'}, 'url': 'http://hl7.org/fhir/StructureDefinition/iso21090-PQ-translation'}]",37.5,degC,http://unitsofmeasure.org,Cel,,,,,,
Observation,VS-209134394,"[{'system': 'https://fhir.cerner.com/ceuuid', 'value': 'CE87caf4b7-9397-4667-9897-702218017c9e-209134394-2026092809380200'}]",final,"[{'coding': [{'system': 'http://terminology.hl7.org/CodeSystem/observation-category', 'code': 'therapy', 'display': 'Therapy'}], 'text': 'Therapy'}, {'coding': [{'system': 'http://terminology.hl7.org/CodeSystem/observation-category', 'code': 'vital-signs', 'display': 'Vital Signs'}], 'text': 'Vital Signs'}]",2026-09-28T09:34:29.000Z,2026-09-28T09:34:29.000Z,"[{'extension': [{'valueCodeableConcept': {'coding': [{'system': 'http://terminology.hl7.org/CodeSystem/v3-ParticipationType', 'code': 'LA', 'display': 'legal authenticator'}], 'text': 'legal authenticator'}, 'url': 'http://hl7.org/fhir/StructureDefinition/event-performerFunction'}], 'reference': 'Practitioner/12742069'}]",,1,2026-09-28T09:38:02.000Z,generated,"<div xmlns=""http://www.w3.org/1999/xhtml""><p><b>Observation</b></p><p><b>Patient Id</b>: 12742399</p><p><b>Status</b>: Final</p><p><b>Categories</b>: Therapy, Vital Signs</p><p><b>Code</b>: Respiratory Rate</p><p><b>Result</b>: 15 br/min</p><p><b>Effective Date</b>: Sep 28, 2026  9:34 A.M. UTC</p></div>","[{'system': 'https://fhir.cerner.com/ec2458f2-1e24-41c8-b71b-0e701af7583d/codeSet/72', 'code': '703540', 'display': 'Respiratory Rate', 'userSelected': True}, {'system': 'http://loinc.org', 'code': '9279-1', 'display': 'Respiratory rate'}]",Respiratory Rate,Patient/12742399,Encounter/100557329,,15.0,br/min,http://unitsofmeasure.org,/min,,,,,,
Observation,VS-209134392,"[{'system': 'https://fhir.cerner.com/ceuuid', 'value': 'CE87caf4b7-9397-4667-9897-702218017c9e-209134392-2026092809375700'}]",final,"[{'coding': [{'system': 'http://terminology.hl7.org/CodeSystem/observation-category', 'code': 'therapy', 'display': 'Therapy'}], 'text': 'Therapy'}, {'coding': [{'system': 'http://terminology.hl7.org/CodeSystem/observation-category', 'code': 'vital-signs', 'display': 'Vital Signs'}], 'text': 'Vital Signs'}]",2026-09-28T09:34:29.000Z,2026-09-28T09:34:29.000Z,"[{'extension': [{'valueCodeableConcept': {'coding': [{'system': 'http://terminology.hl7.org/CodeSystem/v3-ParticipationType', 'code': 'LA', 'display': 'legal authenticator'}], 'text': 'legal authenticator'}, 'url': 'http://hl7.org/fhir/StructureDefinition/event-performerFunction'}], 'reference': 'Practitioner/12742069'}]",,1,2026-09-28T09:37:57.000Z,generated,"<div xmlns=""http://www.w3.org/1999/xhtml""><p><b>Observation</b></p><p><b>Patient Id</b>: 12742399</p><p><b>Status</b>: Final</p><p><b>Categories</b>: Therapy, Vital Signs</p><p><b>Code</b>: Post-Ductal SpO2</p><p><b>Result</b>: 96 %</p><p><b>Effective Date</b>: Sep 28, 2026  9:34 A.M. UTC</p></div>","[{'system': 'https://fhir.cerner.com/ec2458f2-1e24-41c8-b71b-0e701af7583d/codeSet/72', 'code': '2566991073', 'display': 'Post-Ductal SpO2', 'userSelected': True}, {'system': 'http://loinc.org', 'code': '2708-6', 'display': 'Oxygen saturation in Arterial blood'}, {'system': 'http://loinc.org', 'code': '59418-4', 'display': 'Oxygen saturation in Blood Postductal by Pulse oximetry'}]",Post-Ductal SpO2,Patient/12742399,Encounter/100557329,,96.0,%,http://unitsofmeasure.org,%,,,,,,
Observation,VS-209134390,"[{'system': 'https://fhir.cerner.com/ceuuid', 'value': 'CE87caf4b7-9397-4667-9897-702218017c9e-209134390-2026092809375100'}]",final,"[{'coding': [{'system': 'http://terminology.hl7.org/CodeSystem/observation-category', 'code': 'vital-signs', 'display': 'Vital Signs'}], 'text': 'Vital Signs'}]",2026-09-28T09:34:29.000Z,2026-09-28T09:34:29.000Z,"[{'extension': [{'valueCodeableConcept': {'coding': [{'system': 'http://terminology.hl7.org/CodeSystem/v3-ParticipationType', 'code': 'LA', 'display': 'legal authenticator'}], 'text': 'legal authenticator'}, 'url': 'http://hl7.org/fhir/StructureDefinition/event-performerFunction'}], 'reference': 'Practitioner/12742069'}]",,1,2026-09-28T09:37:51.000Z,generated,"<div xmlns=""http://www.w3.org/1999/xhtml""><p><b>Observation</b></p><p><b>Patient Id</b>: 12742399</p><p><b>Status</b>: Final</p><p><b>Categories</b>: Vital Signs</p><p><b>Code</b>: Pulse Sitting</p><p><b>Result</b>: 79 bpm</p><p><b>Effective Date</b>: Sep 28, 2026  9:34 A.M. UTC</p></div>","[{'system': 'https://fhir.cerner.com/ec2458f2-1e24-41c8-b71b-0e701af7583d/codeSet/72', 'code': '1164554', 'display': 'Pulse Sitting', 'userSelected': True}, {'system': 'http://loinc.org', 'code': '69000-8', 'display': 'Heart rate --sitting'}, {'system': 'http://loinc.org', 'code': '8867-4', 'display': 'Heart rate'}]",Pulse Sitting,Patient/12742399,Encounter/100557329,,79.0,bpm,http://unitsofmeasure.org,/min,,,,,,
Observation,VS-209134182,"[{'system': 'https://fhir.cerner.com/ceuuid', 'value': 'CE87caf4b7-9397-4667-9897-702218017c9e-209134182-2026092715555000'}]",final,"[{'coding': [{'system': 'http://terminology.hl7.org/CodeSystem/observation-category', 'code': 'vital-signs', 'display': 'Vital Signs'}], 'text': 'Vital Signs'}]",2026-09-27T15:55:45.000Z,2026-09-27T15:55:45.000Z,"[{'extension': [{'valueCodeableConcept': {'coding': [{'system': 'http://terminology.hl7.org/CodeSystem/v3-ParticipationType', 'code': 'LA', 'display': 'legal authenticator'}], 'text': 'legal authenticator'}, 'url': 'http://hl7.org/fhir/StructureDefinition/event-performerFunction'}], 'reference': 'Practitioner/12742069'}]",,1,2026-09-27T15:55:49.000Z,generated,"<div xmlns=""http://www.w3.org/1999/xhtml""><p><b>Observation</b></p><p><b>Patient Id</b>: 12742399</p><p><b>Status</b>: Final</p><p><b>Categories</b>: Vital Signs</p><p><b>Code</b>: Weight Measured</p><p><b>Result</b>: 69.5 kg</p><p><b>Effective Date</b>: Sep 27, 2026  3:55 P.M. UTC</p></div>","[{'system': 'https://fhir.cerner.com/ec2458f2-1e24-41c8-b71b-0e701af7583d/codeSet/72', 'code': '4154120', 'display': 'Weight Measured', 'userSelected': True}, {'system': 'http://loinc.org', 'code': '29463-7', 'display': 'Body weight'}, {'system': 'http://loinc.org', 'code': '3141-9', 'display': 'Body weight Measured'}]",Weight Measured,Patient/12742399,Encounter/97955594,"[{'valueQuantity': {'value': 69500000000000.0, 'unit': 'ng', 'system': 'http://unitsofmeasure.org', 'code': 'ng'}, 'url': 'http://hl7.org/fhir/StructureDefinition/iso21090-PQ-translation'}, {'valueQuantity': {'value': 69500000000.0, 'unit': 'mcg', 'system': 'http://unitsofmeasure.org', 'code': 'ug'}, 'url': 'http://hl7.org/fhir/StructureDefinition/iso21090-PQ-translation'}, {'valueQuantity': {'value': 69500000.0, 'unit': 'mg', 'system': 'http://unitsofmeasure.org', 'code': 'mg'}, 'url': 'http://hl7.org/fhir/StructureDefinition/iso21090-PQ-translation'}, {'valueQuantity': {'value': 6950000.0, 'unit': 'cg', 'system': 'http://unitsofmeasure.org', 'code': 'cg'}, 'url': 'http://hl7.org/fhir/StructureDefinition/iso21090-PQ-translation'}, {'valueQuantity': {'value': 695000.0, 'unit': 'dgm', 'system': 'http://unitsofmeasure.org', 'code': 'dg'}, 'url': 'http://hl7.org/fhir/StructureDefinition/iso21090-PQ-translation'}, {'valueQuantity': {'value': 69500.0, 'unit': 'g', 'system': 'http://unitsofmeasure.org', 'code': 'g'}, 'url': 'http://hl7.org/fhir/StructureDefinition/iso21090-PQ-translation'}, {'valueQuantity': {'value': 2451.54, 'unit': 'oz', 'system': 'http://unitsofmeasure.org', 'code': '[oz_av]'}, 'url': 'http://hl7.org/fhir/StructureDefinition/iso21090-PQ-translation'}, {'valueQuantity': {'value': 153.221, 'unit': 'lb', 'system': 'http://unitsofmeasure.org', 'code': '[lb_av]'}, 'url': 'http://hl7.org/fhir/StructureDefinition/iso21090-PQ-translation'}]",69.5,kg,http://unitsofmeasure.org,kg,,,,,,
Observation,VS-209134180,"[{'system': 'https://fhir.cerner.com/ceuuid', 'value': 'CE87caf4b7-9397-4667-9897-702218017c9e-209134180-2026092715481400'}]",final,"[{'coding': [{'system': 'http://terminology.hl7.org/CodeSystem/observation-category', 'code': 'vital-signs', 'display': 'Vital Signs'}], 'text': 'Vital Signs'}]",2026-09-27T15:48:10.000Z,2026-09-27T15:48:10.000Z,"[{'extension': [{'valueCodeableConcept': {'coding': [{'system': 'http://terminology.hl7.org/CodeSystem/v3-ParticipationType', 'code': 'LA', 'display': 'legal authenticator'}], 'text': 'legal authenticator'}, 'url': 'http://hl7.org/fhir/StructureDefinition/event-performerFunction'}], 'reference': 'Practitioner/12742069'}]",,1,2026-09-27T15:48:14.000Z,generated,"<div xmlns=""http://www.w3.org/1999/xhtml""><p><b>Observation</b></p><p><b>Patient Id</b>: 12742399</p><p><b>Status</b>: Final</p><p><b>Categories</b>: Vital Signs</p><p><b>Code</b>: Weight Measured</p><p><b>Result</b>: 68.2 kg</p><p><b>Effective Date</b>: Sep 27, 2026  3:48 P.M. UTC</p></div>","[{'system': 'https://fhir.cerner.com/ec2458f2-1e24-41c8-b71b-0e701af7583d/codeSet/72', 'code': '4154120', 'display': 'Weight Measured', 'userSelected': True}, {'system': 'http://loinc.org', 'code': '29463-7', 'display': 'Body weight'}, {'system': 'http://loinc.org', 'code': '3141-9', 'display': 'Body weight Measured'}]",Weight Measured,Patient/12742399,Encounter/97955594,"[{'valueQuantity': {'value': 68200000000000.0, 'unit': 'ng', 'system': 'http://unitsofmeasure.org', 'code': 'ng'}, 'url': 'http://hl7.org/fhir/StructureDefinition/iso21090-PQ-translation'}, {'valueQuantity': {'value': 68200000000.0, 'unit': 'mcg', 'system': 'http://unitsofmeasure.org', 'code': 'ug'}, 'url': 'http://hl7.org/fhir/StructureDefinition/iso21090-PQ-translation'}, {'valueQuantity': {'value': 68200000.0, 'unit': 'mg', 'system': 'http://unitsofmeasure.org', 'code': 'mg'}, 'url': 'http://hl7.org/fhir/StructureDefinition/iso21090-PQ-translation'}, {'valueQuantity': {'value': 6820000.0, 'unit': 'cg', 'system': 'http://unitsofmeasure.org', 'code': 'cg'}, 'url': 'http://hl7.org/fhir/StructureDefinition/iso21090-PQ-translation'}, {'valueQuantity': {'value': 682000.0, 'unit': 'dgm', 'system': 'http://unitsofmeasure.org', 'code': 'dg'}, 'url': 'http://hl7.org/fhir/StructureDefinition/iso21090-PQ-translation'}, {'valueQuantity': {'value': 68200.0, 'unit': 'g', 'system': 'http://unitsofmeasure.org', 'code': 'g'}, 'url': 'http://hl7.org/fhir/StructureDefinition/iso21090-PQ-translation'}, {'valueQuantity': {'value': 2405.684, 'unit': 'oz', 'system': 'http://unitsofmeasure.org', 'code': '[oz_av]'}, 'url': 'http://hl7.org/fhir/StructureDefinition/iso21090-PQ-translation'}, {'valueQuantity': {'value': 150.355, 'unit': 'lb', 'system': 'http://unitsofmeasure.org', 'code': '[lb_av]'}, 'url': 'http://hl7.org/fhir/StructureDefinition/iso21090-PQ-translation'}]",68.2,kg,http://unitsofmeasure.org,kg,,,,,,
Observation,VS-209134178,"[{'system': 'https://fhir.cerner.com/ceuuid', 'value': 'CE87caf4b7-9397-4667-9897-702218017c9e-209134178-2026092715371200'}]",final,"[{'coding': [{'system': 'http://terminology.hl7.org/CodeSystem/observation-category', 'code': 'vital-signs', 'display': 'Vital Signs'}], 'text': 'Vital Signs'}]",2026-09-27T15:37:09.000Z,2026-09-27T15:37:09.000Z,"[{'extension': [{'valueCodeableConcept': {'coding': [{'system': 'http://terminology.hl7.org/CodeSystem/v3-ParticipationType', 'code': 'LA', 'display': 'legal authenticator'}], 'text': 'legal authenticator'}, 'url': 'http://hl7.org/fhir/StructureDefinition/event-performerFunction'}], 'reference': 'Practitioner/12742069'}]",,1,2026-09-27T15:37:12.000Z,generated,"<div xmlns=""http://www.w3.org/1999/xhtml""><p><b>Observation</b></p><p><b>Patient Id</b>: 12742399</p><p><b>Status</b>: Final</p><p><b>Categories</b>: Vital Signs</p><p><b>Code</b>: Weight Measured</p><p><b>Result</b>: 68.2 kg</p><p><b>Effective Date</b>: Sep 27, 2026  3:37 P.M. UTC</p></div>","[{'system': 'https://fhir.cerner.com/ec2458f2-1e24-41c8-b71b-0e701af7583d/codeSet/72', 'code': '4154120', 'display': 'Weight Measured', 'userSelected': True}, {'system': 'http://loinc.org', 'code': '29463-7', 'display': 'Body weight'}, {'system': 'http://loinc.org', 'code': '3141-9', 'display': 'Body weight Measured'}]",Weight Measured,Patient/12742399,Encounter/97955594,"[{'valueQuantity': {'value': 68200000000000.0, 'unit': 'ng', 'system': 'http://unitsofmeasure.org', 'code': 'ng'}, 'url': 'http://hl7.org/fhir/StructureDefinition/iso21090-PQ-translation'}, {'valueQuantity': {'value': 68200000000.0, 'unit': 'mcg', 'system': 'http://unitsofmeasure.org', 'code': 'ug'}, 'url': 'http://hl7.org/fhir/StructureDefinition/iso21090-PQ-translation'}, {'valueQuantity': {'value': 68200000.0, 'unit': 'mg', 'system': 'http://unitsofmeasure.org', 'code': 'mg'}, 'url': 'http://hl7.org/fhir/StructureDefinition/iso21090-PQ-translation'}, {'valueQuantity': {'value': 6820000.0, 'unit': 'cg', 'system': 'http://unitsofmeasure.org', 'code': 'cg'}, 'url': 'http://hl7.org/fhir/StructureDefinition/iso21090-PQ-translation'}, {'valueQuantity': {'value': 682000.0, 'unit': 'dgm', 'system': 'http://unitsofmeasure.org', 'code': 'dg'}, 'url': 'http://hl7.org/fhir/StructureDefinition/iso21090-PQ-translation'}, {'valueQuantity': {'value': 68200.0, 'unit': 'g', 'system': 'http://unitsofmeasure.org', 'code': 'g'}, 'url': 'http://hl7.org/fhir/StructureDefinition/iso21090-PQ-translation'}, {'valueQuantity': {'value': 2405.684, 'unit': 'oz', 'system': 'http://unitsofmeasure.org', 'code': '[oz_av]'}, 'url': 'http://hl7.org/fhir/StructureDefinition/iso21090-PQ-translation'}, {'valueQuantity': {'value': 150.355, 'unit': 'lb', 'system': 'http://unitsofmeasure.org', 'code': '[lb_av]'}, 'url': 'http://hl7.org/fhir/StructureDefinition/iso21090-PQ-translation'}]",68.2,kg,http://unitsofmeasure.org,kg,,,,,,
Observation,VS-209134176,"[{'system': 'https://fhir.cerner.com/ceuuid', 'value': 'CE87caf4b7-9397-4667-9897-702218017c9e-209134176-2026092715285300'}]",final,"[{'coding': [{'system': 'http://terminology.hl7.org/CodeSystem/observation-category', 'code': 'vital-signs', 'display': 'Vital Signs'}], 'text': 'Vital Signs'}]",2026-09-27T15:28:45.000Z,2026-09-27T15:28:45.000Z,"[{'extension': [{'valueCodeableConcept': {'coding': [{'system': 'http://terminology.hl7.org/CodeSystem/v3-ParticipationType', 'code': 'LA', 'display': 'legal authenticator'}], 'text': 'legal authenticator'}, 'url': 'http://hl7.org/fhir/StructureDefinition/event-performerFunction'}], 'reference': 'Practitioner/12742069'}]",,1,2026-09-27T15:28:52.000Z,generated,"<div xmlns=""http://www.w3.org/1999/xhtml""><p><b>Observation</b></p><p><b>Patient Id</b>: 12742399</p><p><b>Status</b>: Final</p><p><b>Categories</b>: Vital Signs</p><p><b>Code</b>: Weight Measured</p><p><b>Result</b>: 68.2 kg</p><p><b>Effective Date</b>: Sep 27, 2026  3:28 P.M. UTC</p></div>","[{'system': 'https://fhir.cerner.com/ec2458f2-1e24-41c8-b71b-0e701af7583d/codeSet/72', 'code': '4154120', 'display': 'Weight Measured', 'userSelected': True}, {'system': 'http://loinc.org', 'code': '29463-7', 'display': 'Body weight'}, {'system': 'http://loinc.org', 'code': '3141-9', 'display': 'Body weight Measured'}]",Weight Measured,Patient/12742399,Encounter/97955594,"[{'valueQuantity': {'value': 68200000000000.0, 'unit': 'ng', 'system': 'http://unitsofmeasure.org', 'code': 'ng'}, 'url': 'http://hl7.org/fhir/StructureDefinition/iso21090-PQ-translation'}, {'valueQuantity': {'value': 68200000000.0, 'unit': 'mcg', 'system': 'http://unitsofmeasure.org', 'code': 'ug'}, 'url': 'http://hl7.org/fhir/StructureDefinition/iso21090-PQ-translation'}, {'valueQuantity': {'value': 68200000.0, 'unit': 'mg', 'system': 'http://unitsofmeasure.org', 'code': 'mg'}, 'url': 'http://hl7.org/fhir/StructureDefinition/iso21090-PQ-translation'}, {'valueQuantity': {'value': 6820000.0, 'unit': 'cg', 'system': 'http://unitsofmeasure.org', 'code': 'cg'}, 'url': 'http://hl7.org/fhir/StructureDefinition/iso21090-PQ-translation'}, {'valueQuantity': {'value': 682000.0, 'unit': 'dgm', 'system': 'http://unitsofmeasure.org', 'code': 'dg'}, 'url': 'http://hl7.org/fhir/StructureDefinition/iso21090-PQ-translation'}, {'valueQuantity': {'value': 68200.0, 'unit': 'g', 'system': 'http://unitsofmeasure.org', 'code': 'g'}, 'url': 'http://hl7.org/fhir/StructureDefinition/iso21090-PQ-translation'}, {'valueQuantity': {'value': 2405.684, 'unit': 'oz', 'system': 'http://unitsofmeasure.org', 'code': '[oz_av]'}, 'url': 'http://hl7.org/fhir/StructureDefinition/iso21090-PQ-translation'}, {'valueQuantity': {'value': 150.355, 'unit': 'lb', 'system': 'http://unitsofmeasure.org', 'code': '[lb_av]'}, 'url': 'http://hl7.org/fhir/StructureDefinition/iso21090-PQ-translation'}]",68.2,kg,http://unitsofmeasure.org,kg,,,,,,
Observation,BP-209131365-209131367,"[{'system': 'https://fhir.cerner.com/ceuuid', 'value': 'CE87caf4b7-9397-4667-9897-702218017c9e-209131365-2026092210294700'}, {'system': 'https://fhir.cerner.com/ceuuid', 'value': 'CE87caf4b7-9397-4667-9897-702218017c9e-209131367-2026092210294700'}]",final,"[{'coding': [{'system': 'http://terminology.hl7.org/CodeSystem/observation-category', 'code': 'vital-signs', 'display': 'Vital Signs'}], 'text': 'Vital Signs'}]",2026-09-22T10:22:26.000Z,2026-09-22T10:22:26.000Z,"[{'extension': [{'valueCodeableConcept': {'coding': [{'system': 'http://terminology.hl7.org/CodeSystem/v3-ParticipationType', 'code': 'LA', 'display': 'legal authenticator'}], 'text': 'legal authenticator'}, 'url': 'http://hl7.org/fhir/StructureDefinition/event-performerFunction'}], 'reference': 'Practitioner/12742069'}]","[{'code': {'coding': [{'system': 'https://fhir.cerner.com/ec2458f2-1e24-41c8-b71b-0e701af7583d/codeSet/72', 'code': '703501', 'display': 'Systolic Blood Pressure', 'userSelected': True}, {'system': 'http://loinc.org', 'code': '8480-6', 'display': 'Systolic blood pressure'}, {'system': 'http://loinc.org', 'code': '85354-9', 'display': 'Blood pressure panel with all children optional'}], 'text': 'Systolic Blood Pressure'}, 'valueQuantity': {'value': 126, 'unit': 'mmHg', 'system': 'http://unitsofmeasure.org', 'code': 'mm[Hg]'}}, {'code': {'coding': [{'system': 'https://fhir.cerner.com/ec2458f2-1e24-41c8-b71b-0e701af7583d/codeSet/72', 'code': '703516', 'display': 'Diastolic Blood Pressure', 'userSelected': True}, {'system': 'http://loinc.org', 'code': '8462-4', 'display': 'Diastolic blood pressure'}, {'system': 'http://loinc.org', 'code': '85354-9', 'display': 'Blood pressure panel with all children optional'}], 'text': 'Diastolic Blood Pressure'}, 'valueQuantity': {'value': 72, 'unit': 'mmHg', 'system': 'http://unitsofmeasure.org', 'code': 'mm[Hg]'}}]",1-1,2026-09-22T10:29:47.000Z,generated,"<div xmlns=""http://www.w3.org/1999/xhtml""><p><b>Observation</b></p><p><b>Patient Id</b>: 12742399</p><p><b>Status</b>: Final</p><p><b>Categories</b>: Vital Signs</p><p><b>Code</b>: Blood pressure</p><p><b>Components</b>:</p><dl><dt>Systolic Blood Pressure</dt><dd><b>Result</b>: 126 mmHg</dd><dt>Diastolic Blood Pressure</dt><dd><b>Result</b>: 72 mmHg</dd></dl><p><b>Effective Date</b>: Sep 22, 2026 10:22 A.M. UTC</p></div>","[{'system': 'http://loinc.org', 'code': '85354-9', 'display': 'Blood pressure panel with all children optional'}]",Blood pressure,Patient/12742399,Encounter/100553023,,,,,,,,,,,
Observation,VS-209131363,"[{'system': 'https://fhir.cerner.com/ceuuid', 'value': 'CE87caf4b7-9397-4667-9897-702218017c9e-209131363-2026092210294000'}]",final,"[{'coding': [{'system': 'http://terminology.hl7.org/CodeSystem/observation-category', 'code': 'vital-signs', 'display': 'Vital Signs'}], 'text': 'Vital Signs'}]",2026-09-22T10:22:26.000Z,2026-09-22T10:22:26.000Z,"[{'extension': [{'valueCodeableConcept': {'coding': [{'system': 'http://terminology.hl7.org/CodeSystem/v3-ParticipationType', 'code': 'LA', 'display': 'legal authenticator'}], 'text': 'legal authenticator'}, 'url': 'http://hl7.org/fhir/StructureDefinition/event-performerFunction'}], 'reference': 'Practitioner/12742069'}]",,1,2026-09-22T10:29:40.000Z,generated,"<div xmlns=""http://www.w3.org/1999/xhtml""><p><b>Observation</b></p><p><b>Patient Id</b>: 12742399</p><p><b>Status</b>: Final</p><p><b>Categories</b>: Vital Signs</p><p><b>Code</b>: Temperature Oral</p><p><b>Result</b>: 37.5 degC</p><p><b>Effective Date</b>: Sep 22, 2026 10:22 A.M. UTC</p></div>","[{'system': 'https://fhir.cerner.com/ec2458f2-1e24-41c8-b71b-0e701af7583d/codeSet/72', 'code': '703558', 'display': 'Temperature Oral', 'userSelected': True}, {'system': 'http://loinc.org', 'code': '8310-5', 'display': 'Body temperature'}, {'system': 'http://loinc.org', 'code': '8331-1', 'display': 'Oral temperature'}]",Temperature Oral,Patient/12742399,Encounter/100553023,"[{'valueQuantity': {'value': 99.5, 'unit': 'degF', 'system': 'http://unitsofmeasure.org', 'code': '[degF]'}, 'url': 'http://hl7.org/fhir/StructureDefinition/iso21090-PQ-translation'}]",37.5,degC,http://unitsofmeasure.org,Cel,,,,,,
Observation,VS-209131361,"[{'system': 'https://fhir.cerner.com/ceuuid', 'value': 'CE87caf4b7-9397-4667-9897-702218017c9e-209131361-2026092210293300'}]",final,"[{'coding': [{'system': 'http://terminology.hl7.org/CodeSystem/observation-category', 'code': 'therapy', 'display': 'Therapy'}], 'text': 'Therapy'}, {'coding': [{'system': 'http://terminology.hl7.org/CodeSystem/observation-category', 'code': 'vital-signs', 'display': 'Vital Signs'}], 'text': 'Vital Signs'}]",2026-09-22T10:22:26.000Z,2026-09-22T10:22:26.000Z,"[{'extension': [{'valueCodeableConcept': {'coding': [{'system': 'http://terminology.hl7.org/CodeSystem/v3-ParticipationType', 'code': 'LA', 'display': 'legal authenticator'}], 'text': 'legal authenticator'}, 'url': 'http://hl7.org/fhir/StructureDefinition/event-performerFunction'}], 'reference': 'Practitioner/12742069'}]",,1,2026-09-22T10:29:33.000Z,generated,"<div xmlns=""http://www.w3.org/1999/xhtml""><p><b>Observation</b></p><p><b>Patient Id</b>: 12742399</p><p><b>Status</b>: Final</p><p><b>Categories</b>: Therapy, Vital Signs</p><p><b>Code</b>: Respiratory Rate</p><p><b>Result</b>: 15 br/min</p><p><b>Effective Date</b>: Sep 22, 2026 10:22 A.M. UTC</p></div>","[{'system': 'https://fhir.cerner.com/ec2458f2-1e24-41c8-b71b-0e701af7583d/codeSet/72', 'code': '703540', 'display': 'Respiratory Rate', 'userSelected': True}, {'system': 'http://loinc.org', 'code': '9279-1', 'display': 'Respiratory rate'}]",Respiratory Rate,Patient/12742399,Encounter/100553023,,15.0,br/min,http://unitsofmeasure.org,/min,,,,,,
Observation,VS-209131359,"[{'system': 'https://fhir.cerner.com/ceuuid', 'value': 'CE87caf4b7-9397-4667-9897-702218017c9e-209131359-2026092210292700'}]",final,"[{'coding': [{'system': 'http://terminology.hl7.org/CodeSystem/observation-category', 'code': 'therapy', 'display': 'Therapy'}], 'text': 'Therapy'}, {'coding': [{'system': 'http://terminology.hl7.org/CodeSystem/observation-category', 'code': 'vital-signs', 'display': 'Vital Signs'}], 'text': 'Vital Signs'}]",2026-09-22T10:22:26.000Z,2026-09-22T10:22:26.000Z,"[{'extension': [{'valueCodeableConcept': {'coding': [{'system': 'http://terminology.hl7.org/CodeSystem/v3-ParticipationType', 'code': 'LA', 'display': 'legal authenticator'}], 'text': 'legal authenticator'}, 'url': 'http://hl7.org/fhir/StructureDefinition/event-performerFunction'}], 'reference': 'Practitioner/12742069'}]",,1,2026-09-22T10:29:27.000Z,generated,"<div xmlns=""http://www.w3.org/1999/xhtml""><p><b>Observation</b></p><p><b>Patient Id</b>: 12742399</p><p><b>Status</b>: Final</p><p><b>Categories</b>: Therapy, Vital Signs</p><p><b>Code</b>: Post-Ductal SpO2</p><p><b>Result</b>: 96 %</p><p><b>Effective Date</b>: Sep 22, 2026 10:22 A.M. UTC</p></div>","[{'system': 'https://fhir.cerner.com/ec2458f2-1e24-41c8-b71b-0e701af7583d/codeSet/72', 'code': '2566991073', 'display': 'Post-Ductal SpO2', 'userSelected': True}, {'system': 'http://loinc.org', 'code': '2708-6', 'display': 'Oxygen saturation in Arterial blood'}, {'system': 'http://loinc.org', 'code': '59418-4', 'display': 'Oxygen saturation in Blood Postductal by Pulse oximetry'}]",Post-Ductal SpO2,Patient/12742399,Encounter/100553023,,96.0,%,http://unitsofmeasure.org,%,,,,,,
Observation,VS-209131357,"[{'system': 'https://fhir.cerner.com/ceuuid', 'value': 'CE87caf4b7-9397-4667-9897-702218017c9e-209131357-2026092210292000'}]",final,"[{'coding': [{'system': 'http://terminology.hl7.org/CodeSystem/observation-category', 'code': 'vital-signs', 'display': 'Vital Signs'}], 'text': 'Vital Signs'}]",2026-09-22T10:22:26.000Z,2026-09-22T10:22:26.000Z,"[{'extension': [{'valueCodeableConcept': {'coding': [{'system': 'http://terminology.hl7.org/CodeSystem/v3-ParticipationType', 'code': 'LA', 'display': 'legal authenticator'}], 'text': 'legal authenticator'}, 'url': 'http://hl7.org/fhir/StructureDefinition/event-performerFunction'}], 'reference': 'Practitioner/12742069'}]",,1,2026-09-22T10:29:20.000Z,generated,"<div xmlns=""http://www.w3.org/1999/xhtml""><p><b>Observation</b></p><p><b>Patient Id</b>: 12742399</p><p><b>Status</b>: Final</p><p><b>Categories</b>: Vital Signs</p><p><b>Code</b>: Pulse Sitting</p><p><b>Result</b>: 78 bpm</p><p><b>Effective Date</b>: Sep 22, 2026 10:22 A.M. UTC</p></div>","[{'system': 'https://fhir.cerner.com/ec2458f2-1e24-41c8-b71b-0e701af7583d/codeSet/72', 'code': '1164554', 'display': 'Pulse Sitting', 'userSelected': True}, {'system': 'http://loinc.org', 'code': '69000-8', 'display': 'Heart rate --sitting'}, {'system': 'http://loinc.org', 'code': '8867-4', 'display': 'Heart rate'}]",Pulse Sitting,Patient/12742399,Encounter/100553023,,78.0,bpm,http://unitsofmeasure.org,/min,,,,,,
Observation,VS-209130753,"[{'system': 'https://fhir.cerner.com/ceuuid', 'value': 'CE87caf4b7-9397-4667-9897-702218017c9e-209130753-2026092108535000'}]",final,"[{'coding': [{'system': 'http://terminology.hl7.org/CodeSystem/observation-category', 'code': 'therapy', 'display': 'Therapy'}], 'text': 'Therapy'}, {'coding': [{'system': 'http://terminology.hl7.org/CodeSystem/observation-category', 'code': 'vital-signs', 'display': 'Vital Signs'}], 'text': 'Vital Signs'}]",2026-09-21T08:47:08.000Z,2026-09-21T08:47:08.000Z,"[{'extension': [{'valueCodeableConcept': {'coding': [{'system': 'http://terminology.hl7.org/CodeSystem/v3-ParticipationType', 'code': 'LA', 'display': 'legal authenticator'}], 'text': 'legal authenticator'}, 'url': 'http://hl7.org/fhir/StructureDefinition/event-performerFunction'}], 'reference': 'Practitioner/12742069'}]",,1,2026-09-21T08:53:50.000Z,generated,"<div xmlns=""http://www.w3.org/1999/xhtml""><p><b>Observation</b></p><p><b>Patient Id</b>: 12742399</p><p><b>Status</b>: Final</p><p><b>Categories</b>: Therapy, Vital Signs</p><p><b>Code</b>: Post-Ductal SpO2</p><p><b>Result</b>: 100 %</p><p><b>Effective Date</b>: Sep 21, 2026  8:47 A.M. UTC</p></div>","[{'system': 'https://fhir.cerner.com/ec2458f2-1e24-41c8-b71b-0e701af7583d/codeSet/72', 'code': '2566991073', 'display': 'Post-Ductal SpO2', 'userSelected': True}, {'system': 'http://loinc.org', 'code': '2708-6', 'display': 'Oxygen saturation in Arterial blood'}, {'system': 'http://loinc.org', 'code': '59418-4', 'display': 'Oxygen saturation in Blood Postductal by Pulse oximetry'}]",Post-Ductal SpO2,Patient/12742399,Encounter/100546012,,100.0,%,http://unitsofmeasure.org,%,,,,,,
Observation,VS-209130751,"[{'system': 'https://fhir.cerner.com/ceuuid', 'value': 'CE87caf4b7-9397-4667-9897-702218017c9e-209130751-2026092108534300'}]",final,"[{'coding': [{'system': 'http://terminology.hl7.org/CodeSystem/observation-category', 'code': 'vital-signs', 'display': 'Vital Signs'}], 'text': 'Vital Signs'}]",2026-09-21T08:47:08.000Z,2026-09-21T08:47:08.000Z,"[{'extension': [{'valueCodeableConcept': {'coding': [{'system': 'http://terminology.hl7.org/CodeSystem/v3-ParticipationType', 'code': 'LA', 'display': 'legal authenticator'}], 'text': 'legal authenticator'}, 'url': 'http://hl7.org/fhir/StructureDefinition/event-performerFunction'}], 'reference': 'Practitioner/12742069'}]",,1,2026-09-21T08:53:43.000Z,generated,"<div xmlns=""http://www.w3.org/1999/xhtml""><p><b>Observation</b></p><p><b>Patient Id</b>: 12742399</p><p><b>Status</b>: Final</p><p><b>Categories</b>: Vital Signs</p><p><b>Code</b>: Pulse Sitting</p><p><b>Result</b>: 74 bpm</p><p><b>Effective Date</b>: Sep 21, 2026  8:47 A.M. UTC</p></div>","[{'system': 'https://fhir.cerner.com/ec2458f2-1e24-41c8-b71b-0e701af7583d/codeSet/72', 'code': '1164554', 'display': 'Pulse Sitting', 'userSelected': True}, {'system': 'http://loinc.org', 'code': '69000-8', 'display': 'Heart rate --sitting'}, {'system': 'http://loinc.org', 'code': '8867-4', 'display': 'Heart rate'}]",Pulse Sitting,Patient/12742399,Encounter/100546012,,74.0,bpm,http://unitsofmeasure.org,/min,,,,,,
Observation,BP-209130638-209130640,"[{'system': 'https://fhir.cerner.com/ceuuid', 'value': 'CE87caf4b7-9397-4667-9897-702218017c9e-209130638-2026092108491100'}, {'system': 'https://fhir.cerner.com/ceuuid', 'value': 'CE87caf4b7-9397-4667-9897-702218017c9e-209130640-2026092108491100'}]",final,"[{'coding': [{'system': 'http://terminology.hl7.org/CodeSystem/observation-category', 'code': 'vital-signs', 'display': 'Vital Signs'}], 'text': 'Vital Signs'}]",2026-09-21T08:44:07.000Z,2026-09-21T08:44:07.000Z,"[{'extension': [{'valueCodeableConcept': {'coding': [{'system': 'http://terminology.hl7.org/CodeSystem/v3-ParticipationType', 'code': 'LA', 'display': 'legal authenticator'}], 'text': 'legal authenticator'}, 'url': 'http://hl7.org/fhir/StructureDefinition/event-performerFunction'}], 'reference': 'Practitioner/12742069'}]","[{'code': {'coding': [{'system': 'https://fhir.cerner.com/ec2458f2-1e24-41c8-b71b-0e701af7583d/codeSet/72', 'code': '703501', 'display': 'Systolic Blood Pressure', 'userSelected': True}, {'system': 'http://loinc.org', 'code': '8480-6', 'display': 'Systolic blood pressure'}, {'system': 'http://loinc.org', 'code': '85354-9', 'display': 'Blood pressure panel with all children optional'}], 'text': 'Systolic Blood Pressure'}, 'valueQuantity': {'value': 123, 'unit': 'mmHg', 'system': 'http://unitsofmeasure.org', 'code': 'mm[Hg]'}}, {'code': {'coding': [{'system': 'https://fhir.cerner.com/ec2458f2-1e24-41c8-b71b-0e701af7583d/codeSet/72', 'code': '703516', 'display': 'Diastolic Blood Pressure', 'userSelected': True}, {'system': 'http://loinc.org', 'code': '8462-4', 'display': 'Diastolic blood pressure'}, {'system': 'http://loinc.org', 'code': '85354-9', 'display': 'Blood pressure panel with all children optional'}], 'text': 'Diastolic Blood Pressure'}, 'valueQuantity': {'value': 72, 'unit': 'mmHg', 'system': 'http://unitsofmeasure.org', 'code': 'mm[Hg]'}}]",1-1,2026-09-21T08:49:11.000Z,generated,"<div xmlns=""http://www.w3.org/1999/xhtml""><p><b>Observation</b></p><p><b>Patient Id</b>: 12742399</p><p><b>Status</b>: Final</p><p><b>Categories</b>: Vital Signs</p><p><b>Code</b>: Blood pressure</p><p><b>Components</b>:</p><dl><dt>Systolic Blood Pressure</dt><dd><b>Result</b>: 123 mmHg</dd><dt>Diastolic Blood Pressure</dt><dd><b>Result</b>: 72 mmHg</dd></dl><p><b>Effective Date</b>: Sep 21, 2026  8:44 A.M. UTC</p></div>","[{'system': 'http://loinc.org', 'code': '85354-9', 'display': 'Blood pressure panel with all children optional'}]",Blood pressure,Patient/12742399,Encounter/100546012,,,,,,,,,,,
Observation,VS-209130636,"[{'system': 'https://fhir.cerner.com/ceuuid', 'value': 'CE87caf4b7-9397-4667-9897-702218017c9e-209130636-2026092108490600'}]",final,"[{'coding': [{'system': 'http://terminology.hl7.org/CodeSystem/observation-category', 'code': 'vital-signs', 'display': 'Vital Signs'}], 'text': 'Vital Signs'}]",2026-09-21T08:44:07.000Z,2026-09-21T08:44:07.000Z,"[{'extension': [{'valueCodeableConcept': {'coding': [{'system': 'http://terminology.hl7.org/CodeSystem/v3-ParticipationType', 'code': 'LA', 'display': 'legal authenticator'}], 'text': 'legal authenticator'}, 'url': 'http://hl7.org/fhir/StructureDefinition/event-performerFunction'}], 'reference': 'Practitioner/12742069'}]",,1,2026-09-21T08:49:06.000Z,generated,"<div xmlns=""http://www.w3.org/1999/xhtml""><p><b>Observation</b></p><p><b>Patient Id</b>: 12742399</p><p><b>Status</b>: Final</p><p><b>Categories</b>: Vital Signs</p><p><b>Code</b>: Temperature Oral</p><p><b>Result</b>: 36.2 degC</p><p><b>Effective Date</b>: Sep 21, 2026  8:44 A.M. UTC</p></div>","[{'system': 'https://fhir.cerner.com/ec2458f2-1e24-41c8-b71b-0e701af7583d/codeSet/72', 'code': '703558', 'display': 'Temperature Oral', 'userSelected': True}, {'system': 'http://loinc.org', 'code': '8310-5', 'display': 'Body temperature'}, {'system': 'http://loinc.org', 'code': '8331-1', 'display': 'Oral temperature'}]",Temperature Oral,Patient/12742399,Encounter/100546012,"[{'valueQuantity': {'value': 97.2, 'unit': 'degF', 'system': 'http://unitsofmeasure.org', 'code': '[degF]'}, 'url': 'http://hl7.org/fhir/StructureDefinition/iso21090-PQ-translation'}]",36.2,degC,http://unitsofmeasure.org,Cel,,,,,,
Observation,VS-209130634,"[{'system': 'https://fhir.cerner.com/ceuuid', 'value': 'CE87caf4b7-9397-4667-9897-702218017c9e-209130634-2026092108490000'}]",final,"[{'coding': [{'system': 'http://terminology.hl7.org/CodeSystem/observation-category', 'code': 'therapy', 'display': 'Therapy'}], 'text': 'Therapy'}, {'coding': [{'system': 'http://terminology.hl7.org/CodeSystem/observation-category', 'code': 'vital-signs', 'display': 'Vital Signs'}], 'text': 'Vital Signs'}]",2026-09-21T08:44:07.000Z,2026-09-21T08:44:07.000Z,"[{'extension': [{'valueCodeableConcept': {'coding': [{'system': 'http://terminology.hl7.org/CodeSystem/v3-ParticipationType', 'code': 'LA', 'display': 'legal authenticator'}], 'text': 'legal authenticator'}, 'url': 'http://hl7.org/fhir/StructureDefinition/event-performerFunction'}], 'reference': 'Practitioner/12742069'}]",,1,2026-09-21T08:49:00.000Z,generated,"<div xmlns=""http://www.w3.org/1999/xhtml""><p><b>Observation</b></p><p><b>Patient Id</b>: 12742399</p><p><b>Status</b>: Final</p><p><b>Categories</b>: Therapy, Vital Signs</p><p><b>Code</b>: Respiratory Rate</p><p><b>Result</b>: 15 br/min</p><p><b>Effective Date</b>: Sep 21, 2026  8:44 A.M. UTC</p></div>","[{'system': 'https://fhir.cerner.com/ec2458f2-1e24-41c8-b71b-0e701af7583d/codeSet/72', 'code': '703540', 'display': 'Respiratory Rate', 'userSelected': True}, {'system': 'http://loinc.org', 'code': '9279-1', 'display': 'Respiratory rate'}]",Respiratory Rate,Patient/12742399,Encounter/100546012,,15.0,br/min,http://unitsofmeasure.org,/min,,,,,,
Observation,VS-209130632,"[{'system': 'https://fhir.cerner.com/ceuuid', 'value': 'CE87caf4b7-9397-4667-9897-702218017c9e-209130632-2026092108485500'}]",final,"[{'coding': [{'system': 'http://terminology.hl7.org/CodeSystem/observation-category', 'code': 'therapy', 'display': 'Therapy'}], 'text': 'Therapy'}, {'coding': [{'system': 'http://terminology.hl7.org/CodeSystem/observation-category', 'code': 'vital-signs', 'display': 'Vital Signs'}], 'text': 'Vital Signs'}]",2026-09-21T08:44:07.000Z,2026-09-21T08:44:07.000Z,"[{'extension': [{'valueCodeableConcept': {'coding': [{'system': 'http://terminology.hl7.org/CodeSystem/v3-ParticipationType', 'code': 'LA', 'display': 'legal authenticator'}], 'text': 'legal authenticator'}, 'url': 'http://hl7.org/fhir/StructureDefinition/event-performerFunction'}], 'reference': 'Practitioner/12742069'}]",,1,2026-09-21T08:48:54.000Z,generated,"<div xmlns=""http://www.w3.org/1999/xhtml""><p><b>Observation</b></p><p><b>Patient Id</b>: 12742399</p><p><b>Status</b>: Final</p><p><b>Categories</b>: Therapy, Vital Signs</p><p><b>Code</b>: Post-Ductal SpO2</p><p><b>Result</b>: 100 %</p><p><b>Effective Date</b>: Sep 21, 2026  8:44 A.M. UTC</p></div>","[{'system': 'https://fhir.cerner.com/ec2458f2-1e24-41c8-b71b-0e701af7583d/codeSet/72', 'code': '2566991073', 'display': 'Post-Ductal SpO2', 'userSelected': True}, {'system': 'http://loinc.org', 'code': '2708-6', 'display': 'Oxygen saturation in Arterial blood'}, {'system': 'http://loinc.org', 'code': '59418-4', 'display': 'Oxygen saturation in Blood Postductal by Pulse oximetry'}]",Post-Ductal SpO2,Patient/12742399,Encounter/100546012,,100.0,%,http://unitsofmeasure.org,%,,,,,,
Observation,VS-209130630,"[{'system': 'https://fhir.cerner.com/ceuuid', 'value': 'CE87caf4b7-9397-4667-9897-702218017c9e-209130630-2026092108484900'}]",final,"[{'coding': [{'system': 'http://terminology.hl7.org/CodeSystem/observation-category', 'code': 'vital-signs', 'display': 'Vital Signs'}], 'text': 'Vital Signs'}]",2026-09-21T08:44:07.000Z,2026-09-21T08:44:07.000Z,"[{'extension': [{'valueCodeableConcept': {'coding': [{'system': 'http://terminology.hl7.org/CodeSystem/v3-ParticipationType', 'code': 'LA', 'display': 'legal authenticator'}], 'text': 'legal authenticator'}, 'url': 'http://hl7.org/fhir/StructureDefinition/event-performerFunction'}], 'reference': 'Practitioner/12742069'}]",,1,2026-09-21T08:48:49.000Z,generated,"<div xmlns=""http://www.w3.org/1999/xhtml""><p><b>Observation</b></p><p><b>Patient Id</b>: 12742399</p><p><b>Status</b>: Final</p><p><b>Categories</b>: Vital Signs</p><p><b>Code</b>: Pulse Sitting</p><p><b>Result</b>: 74 bpm</p><p><b>Effective Date</b>: Sep 21, 2026  8:44 A.M. UTC</p></div>","[{'system': 'https://fhir.cerner.com/ec2458f2-1e24-41c8-b71b-0e701af7583d/codeSet/72', 'code': '1164554', 'display': 'Pulse Sitting', 'userSelected': True}, {'system': 'http://loinc.org', 'code': '69000-8', 'display': 'Heart rate --sitting'}, {'system': 'http://loinc.org', 'code': '8867-4', 'display': 'Heart rate'}]",Pulse Sitting,Patient/12742399,Encounter/100546012,,74.0,bpm,http://unitsofmeasure.org,/min,,,,,,
Observation,BP-209130409-209130411,"[{'system': 'https://fhir.cerner.com/ceuuid', 'value': 'CE87caf4b7-9397-4667-9897-702218017c9e-209130409-2026092106560800'}, {'system': 'https://fhir.cerner.com/ceuuid', 'value': 'CE87caf4b7-9397-4667-9897-702218017c9e-209130411-2026092106560800'}]",final,"[{'coding': [{'system': 'http://terminology.hl7.org/CodeSystem/observation-category', 'code': 'vital-signs', 'display': 'Vital Signs'}], 'text': 'Vital Signs'}]",2026-09-21T06:49:10.000Z,2026-09-21T06:49:10.000Z,"[{'extension': [{'valueCodeableConcept': {'coding': [{'system': 'http://terminology.hl7.org/CodeSystem/v3-ParticipationType', 'code': 'LA', 'display': 'legal authenticator'}], 'text': 'legal authenticator'}, 'url': 'http://hl7.org/fhir/StructureDefinition/event-performerFunction'}], 'reference': 'Practitioner/12742069'}]","[{'code': {'coding': [{'system': 'https://fhir.cerner.com/ec2458f2-1e24-41c8-b71b-0e701af7583d/codeSet/72', 'code': '703501', 'display': 'Systolic Blood Pressure', 'userSelected': True}, {'system': 'http://loinc.org', 'code': '8480-6', 'display': 'Systolic blood pressure'}, {'system': 'http://loinc.org', 'code': '85354-9', 'display': 'Blood pressure panel with all children optional'}], 'text': 'Systolic Blood Pressure'}, 'valueQuantity': {'value': 122, 'unit': 'mmHg', 'system': 'http://unitsofmeasure.org', 'code': 'mm[Hg]'}}, {'code': {'coding': [{'system': 'https://fhir.cerner.com/ec2458f2-1e24-41c8-b71b-0e701af7583d/codeSet/72', 'code': '703516', 'display': 'Diastolic Blood Pressure', 'userSelected': True}, {'system': 'http://loinc.org', 'code': '8462-4', 'display': 'Diastolic blood pressure'}, {'system': 'http://loinc.org', 'code': '85354-9', 'display': 'Blood pressure panel with all children optional'}], 'text': 'Diastolic Blood Pressure'}, 'valueQuantity': {'value': 72, 'unit': 'mmHg', 'system': 'http://unitsofmeasure.org', 'code': 'mm[Hg]'}}]",1-1,2026-09-21T06:56:08.000Z,generated,"<div xmlns=""http://www.w3.org/1999/xhtml""><p><b>Observation</b></p><p><b>Patient Id</b>: 12742399</p><p><b>Status</b>: Final</p><p><b>Categories</b>: Vital Signs</p><p><b>Code</b>: Blood pressure</p><p><b>Components</b>:</p><dl><dt>Systolic Blood Pressure</dt><dd><b>Result</b>: 122 mmHg</dd><dt>Diastolic Blood Pressure</dt><dd><b>Result</b>: 72 mmHg</dd></dl><p><b>Effective Date</b>: Sep 21, 2026  6:49 A.M. UTC</p></div>","[{'system': 'http://loinc.org', 'code': '85354-9', 'display': 'Blood pressure panel with all children optional'}]",Blood pressure,Patient/12742399,Encounter/100546012,,,,,,,,,,,
Observation,VS-209130407,"[{'system': 'https://fhir.cerner.com/ceuuid', 'value': 'CE87caf4b7-9397-4667-9897-702218017c9e-209130407-2026092106560200'}]",final,"[{'coding': [{'system': 'http://terminology.hl7.org/CodeSystem/observation-category', 'code': 'vital-signs', 'display': 'Vital Signs'}], 'text': 'Vital Signs'}]",2026-09-21T06:49:10.000Z,2026-09-21T06:49:10.000Z,"[{'extension': [{'valueCodeableConcept': {'coding': [{'system': 'http://terminology.hl7.org/CodeSystem/v3-ParticipationType', 'code': 'LA', 'display': 'legal authenticator'}], 'text': 'legal authenticator'}, 'url': 'http://hl7.org/fhir/StructureDefinition/event-performerFunction'}], 'reference': 'Practitioner/12742069'}]",,1,2026-09-21T06:56:01.000Z,generated,"<div xmlns=""http://www.w3.org/1999/xhtml""><p><b>Observation</b></p><p><b>Patient Id</b>: 12742399</p><p><b>Status</b>: Final</p><p><b>Categories</b>: Vital Signs</p><p><b>Code</b>: Temperature Oral</p><p><b>Result</b>: 36.2 degC</p><p><b>Effective Date</b>: Sep 21, 2026  6:49 A.M. UTC</p></div>","[{'system': 'https://fhir.cerner.com/ec2458f2-1e24-41c8-b71b-0e701af7583d/codeSet/72', 'code': '703558', 'display': 'Temperature Oral', 'userSelected': True}, {'system': 'http://loinc.org', 'code': '8310-5', 'display': 'Body temperature'}, {'system': 'http://loinc.org', 'code': '8331-1', 'display': 'Oral temperature'}]",Temperature Oral,Patient/12742399,Encounter/100546012,"[{'valueQuantity': {'value': 97.2, 'unit': 'degF', 'system': 'http://unitsofmeasure.org', 'code': '[degF]'}, 'url': 'http://hl7.org/fhir/StructureDefinition/iso21090-PQ-translation'}]",36.2,degC,http://unitsofmeasure.org,Cel,,,,,,
Observation,VS-209130405,"[{'system': 'https://fhir.cerner.com/ceuuid', 'value': 'CE87caf4b7-9397-4667-9897-702218017c9e-209130405-2026092106555500'}]",final,"[{'coding': [{'system': 'http://terminology.hl7.org/CodeSystem/observation-category', 'code': 'therapy', 'display': 'Therapy'}], 'text': 'Therapy'}, {'coding': [{'system': 'http://terminology.hl7.org/CodeSystem/observation-category', 'code': 'vital-signs', 'display': 'Vital Signs'}], 'text': 'Vital Signs'}]",2026-09-21T06:49:10.000Z,2026-09-21T06:49:10.000Z,"[{'extension': [{'valueCodeableConcept': {'coding': [{'system': 'http://terminology.hl7.org/CodeSystem/v3-ParticipationType', 'code': 'LA', 'display': 'legal authenticator'}], 'text': 'legal authenticator'}, 'url': 'http://hl7.org/fhir/StructureDefinition/event-performerFunction'}], 'reference': 'Practitioner/12742069'}]",,1,2026-09-21T06:55:55.000Z,generated,"<div xmlns=""http://www.w3.org/1999/xhtml""><p><b>Observation</b></p><p><b>Patient Id</b>: 12742399</p><p><b>Status</b>: Final</p><p><b>Categories</b>: Therapy, Vital Signs</p><p><b>Code</b>: Respiratory Rate</p><p><b>Result</b>: 15 br/min</p><p><b>Effective Date</b>: Sep 21, 2026  6:49 A.M. UTC</p></div>","[{'system': 'https://fhir.cerner.com/ec2458f2-1e24-41c8-b71b-0e701af7583d/codeSet/72', 'code': '703540', 'display': 'Respiratory Rate', 'userSelected': True}, {'system': 'http://loinc.org', 'code': '9279-1', 'display': 'Respiratory rate'}]",Respiratory Rate,Patient/12742399,Encounter/100546012,,15.0,br/min,http://unitsofmeasure.org,/min,,,,,,
Observation,VS-209130403,"[{'system': 'https://fhir.cerner.com/ceuuid', 'value': 'CE87caf4b7-9397-4667-9897-702218017c9e-209130403-2026092106554900'}]",final,"[{'coding': [{'system': 'http://terminology.hl7.org/CodeSystem/observation-category', 'code': 'therapy', 'display': 'Therapy'}], 'text': 'Therapy'}, {'coding': [{'system': 'http://terminology.hl7.org/CodeSystem/observation-category', 'code': 'vital-signs', 'display': 'Vital Signs'}], 'text': 'Vital Signs'}]",2026-09-21T06:49:10.000Z,2026-09-21T06:49:10.000Z,"[{'extension': [{'valueCodeableConcept': {'coding': [{'system': 'http://terminology.hl7.org/CodeSystem/v3-ParticipationType', 'code': 'LA', 'display': 'legal authenticator'}], 'text': 'legal authenticator'}, 'url': 'http://hl7.org/fhir/StructureDefinition/event-performerFunction'}], 'reference': 'Practitioner/12742069'}]",,1,2026-09-21T06:55:49.000Z,generated,"<div xmlns=""http://www.w3.org/1999/xhtml""><p><b>Observation</b></p><p><b>Patient Id</b>: 12742399</p><p><b>Status</b>: Final</p><p><b>Categories</b>: Therapy, Vital Signs</p><p><b>Code</b>: Post-Ductal SpO2</p><p><b>Result</b>: 100 %</p><p><b>Effective Date</b>: Sep 21, 2026  6:49 A.M. UTC</p></div>","[{'system': 'https://fhir.cerner.com/ec2458f2-1e24-41c8-b71b-0e701af7583d/codeSet/72', 'code': '2566991073', 'display': 'Post-Ductal SpO2', 'userSelected': True}, {'system': 'http://loinc.org', 'code': '2708-6', 'display': 'Oxygen saturation in Arterial blood'}, {'system': 'http://loinc.org', 'code': '59418-4', 'display': 'Oxygen saturation in Blood Postductal by Pulse oximetry'}]",Post-Ductal SpO2,Patient/12742399,Encounter/100546012,,100.0,%,http://unitsofmeasure.org,%,,,,,,
Observation,VS-209130401,"[{'system': 'https://fhir.cerner.com/ceuuid', 'value': 'CE87caf4b7-9397-4667-9897-702218017c9e-209130401-2026092106554300'}]",final,"[{'coding': [{'system': 'http://terminology.hl7.org/CodeSystem/observation-category', 'code': 'vital-signs', 'display': 'Vital Signs'}], 'text': 'Vital Signs'}]",2026-09-21T06:49:10.000Z,2026-09-21T06:49:10.000Z,"[{'extension': [{'valueCodeableConcept': {'coding': [{'system': 'http://terminology.hl7.org/CodeSystem/v3-ParticipationType', 'code': 'LA', 'display': 'legal authenticator'}], 'text': 'legal authenticator'}, 'url': 'http://hl7.org/fhir/StructureDefinition/event-performerFunction'}], 'reference': 'Practitioner/12742069'}]",,1,2026-09-21T06:55:43.000Z,generated,"<div xmlns=""http://www.w3.org/1999/xhtml""><p><b>Observation</b></p><p><b>Patient Id</b>: 12742399</p><p><b>Status</b>: Final</p><p><b>Categories</b>: Vital Signs</p><p><b>Code</b>: Pulse Sitting</p><p><b>Result</b>: 74 bpm</p><p><b>Effective Date</b>: Sep 21, 2026  6:49 A.M. UTC</p></div>","[{'system': 'https://fhir.cerner.com/ec2458f2-1e24-41c8-b71b-0e701af7583d/codeSet/72', 'code': '1164554', 'display': 'Pulse Sitting', 'userSelected': True}, {'system': 'http://loinc.org', 'code': '69000-8', 'display': 'Heart rate --sitting'}, {'system': 'http://loinc.org', 'code': '8867-4', 'display': 'Heart rate'}]",Pulse Sitting,Patient/12742399,Encounter/100546012,,74.0,bpm,http://unitsofmeasure.org,/min,,,,,,
Observation,BP-209130289-209130291,"[{'system': 'https://fhir.cerner.com/ceuuid', 'value': 'CE87caf4b7-9397-4667-9897-702218017c9e-209130289-2026092106495300'}, {'system': 'https://fhir.cerner.com/ceuuid', 'value': 'CE87caf4b7-9397-4667-9897-702218017c9e-209130291-2026092106495300'}]",final,"[{'coding': [{'system': 'http://terminology.hl7.org/CodeSystem/observation-category', 'code': 'vital-signs', 'display': 'Vital Signs'}], 'text': 'Vital Signs'}]",2026-09-21T06:48:36.000Z,2026-09-21T06:48:36.000Z,"[{'extension': [{'valueCodeableConcept': {'coding': [{'system': 'http://terminology.hl7.org/CodeSystem/v3-ParticipationType', 'code': 'LA', 'display': 'legal authenticator'}], 'text': 'legal authenticator'}, 'url': 'http://hl7.org/fhir/StructureDefinition/event-performerFunction'}], 'reference': 'Practitioner/12742069'}]","[{'code': {'coding': [{'system': 'https://fhir.cerner.com/ec2458f2-1e24-41c8-b71b-0e701af7583d/codeSet/72', 'code': '703501', 'display': 'Systolic Blood Pressure', 'userSelected': True}, {'system': 'http://loinc.org', 'code': '8480-6', 'display': 'Systolic blood pressure'}, {'system': 'http://loinc.org', 'code': '85354-9', 'display': 'Blood pressure panel with all children optional'}], 'text': 'Systolic Blood Pressure'}, 'valueQuantity': {'value': 122, 'unit': 'mmHg', 'system': 'http://unitsofmeasure.org', 'code': 'mm[Hg]'}}, {'code': {'coding': [{'system': 'https://fhir.cerner.com/ec2458f2-1e24-41c8-b71b-0e701af7583d/codeSet/72', 'code': '703516', 'display': 'Diastolic Blood Pressure', 'userSelected': True}, {'system': 'http://loinc.org', 'code': '8462-4', 'display': 'Diastolic blood pressure'}, {'system': 'http://loinc.org', 'code': '85354-9', 'display': 'Blood pressure panel with all children optional'}], 'text': 'Diastolic Blood Pressure'}, 'valueQuantity': {'value': 72, 'unit': 'mmHg', 'system': 'http://unitsofmeasure.org', 'code': 'mm[Hg]'}}]",1-1,2026-09-21T06:49:53.000Z,generated,"<div xmlns=""http://www.w3.org/1999/xhtml""><p><b>Observation</b></p><p><b>Patient Id</b>: 12742399</p><p><b>Status</b>: Final</p><p><b>Categories</b>: Vital Signs</p><p><b>Code</b>: Blood pressure</p><p><b>Components</b>:</p><dl><dt>Systolic Blood Pressure</dt><dd><b>Result</b>: 122 mmHg</dd><dt>Diastolic Blood Pressure</dt><dd><b>Result</b>: 72 mmHg</dd></dl><p><b>Effective Date</b>: Sep 21, 2026  6:48 A.M. UTC</p></div>","[{'system': 'http://loinc.org', 'code': '85354-9', 'display': 'Blood pressure panel with all children optional'}]",Blood pressure,Patient/12742399,Encounter/100546012,,,,,,,,,,,
Observation,VS-209130287,"[{'system': 'https://fhir.cerner.com/ceuuid', 'value': 'CE87caf4b7-9397-4667-9897-702218017c9e-209130287-2026092106494700'}]",final,"[{'coding': [{'system': 'http://terminology.hl7.org/CodeSystem/observation-category', 'code': 'vital-signs', 'display': 'Vital Signs'}], 'text': 'Vital Signs'}]",2026-09-21T06:48:36.000Z,2026-09-21T06:48:36.000Z,"[{'extension': [{'valueCodeableConcept': {'coding': [{'system': 'http://terminology.hl7.org/CodeSystem/v3-ParticipationType', 'code': 'LA', 'display': 'legal authenticator'}], 'text': 'legal authenticator'}, 'url': 'http://hl7.org/fhir/StructureDefinition/event-performerFunction'}], 'reference': 'Practitioner/12742069'}]",,1,2026-09-21T06:49:47.000Z,generated,"<div xmlns=""http://www.w3.org/1999/xhtml""><p><b>Observation</b></p><p><b>Patient Id</b>: 12742399</p><p><b>Status</b>: Final</p><p><b>Categories</b>: Vital Signs</p><p><b>Code</b>: Temperature Oral</p><p><b>Result</b>: 36.2 degC</p><p><b>Effective Date</b>: Sep 21, 2026  6:48 A.M. UTC</p></div>","[{'system': 'https://fhir.cerner.com/ec2458f2-1e24-41c8-b71b-0e701af7583d/codeSet/72', 'code': '703558', 'display': 'Temperature Oral', 'userSelected': True}, {'system': 'http://loinc.org', 'code': '8310-5', 'display': 'Body temperature'}, {'system': 'http://loinc.org', 'code': '8331-1', 'display': 'Oral temperature'}]",Temperature Oral,Patient/12742399,Encounter/100546012,"[{'valueQuantity': {'value': 97.2, 'unit': 'degF', 'system': 'http://unitsofmeasure.org', 'code': '[degF]'}, 'url': 'http://hl7.org/fhir/StructureDefinition/iso21090-PQ-translation'}]",36.2,degC,http://unitsofmeasure.org,Cel,,,,,,
Observation,VS-209130285,"[{'system': 'https://fhir.cerner.com/ceuuid', 'value': 'CE87caf4b7-9397-4667-9897-702218017c9e-209130285-2026092106494100'}]",final,"[{'coding': [{'system': 'http://terminology.hl7.org/CodeSystem/observation-category', 'code': 'therapy', 'display': 'Therapy'}], 'text': 'Therapy'}, {'coding': [{'system': 'http://terminology.hl7.org/CodeSystem/observation-category', 'code': 'vital-signs', 'display': 'Vital Signs'}], 'text': 'Vital Signs'}]",2026-09-21T06:48:36.000Z,2026-09-21T06:48:36.000Z,"[{'extension': [{'valueCodeableConcept': {'coding': [{'system': 'http://terminology.hl7.org/CodeSystem/v3-ParticipationType', 'code': 'LA', 'display': 'legal authenticator'}], 'text': 'legal authenticator'}, 'url': 'http://hl7.org/fhir/StructureDefinition/event-performerFunction'}], 'reference': 'Practitioner/12742069'}]",,1,2026-09-21T06:49:41.000Z,generated,"<div xmlns=""http://www.w3.org/1999/xhtml""><p><b>Observation</b></p><p><b>Patient Id</b>: 12742399</p><p><b>Status</b>: Final</p><p><b>Categories</b>: Therapy, Vital Signs</p><p><b>Code</b>: Respiratory Rate</p><p><b>Result</b>: 15 br/min</p><p><b>Effective Date</b>: Sep 21, 2026  6:48 A.M. UTC</p></div>","[{'system': 'https://fhir.cerner.com/ec2458f2-1e24-41c8-b71b-0e701af7583d/codeSet/72', 'code': '703540', 'display': 'Respiratory Rate', 'userSelected': True}, {'system': 'http://loinc.org', 'code': '9279-1', 'display': 'Respiratory rate'}]",Respiratory Rate,Patient/12742399,Encounter/100546012,,15.0,br/min,http://unitsofmeasure.org,/min,,,,,,
Observation,VS-209130283,"[{'system': 'https://fhir.cerner.com/ceuuid', 'value': 'CE87caf4b7-9397-4667-9897-702218017c9e-209130283-2026092106493400'}]",final,"[{'coding': [{'system': 'http://terminology.hl7.org/CodeSystem/observation-category', 'code': 'therapy', 'display': 'Therapy'}], 'text': 'Therapy'}, {'coding': [{'system': 'http://terminology.hl7.org/CodeSystem/observation-category', 'code': 'vital-signs', 'display': 'Vital Signs'}], 'text': 'Vital Signs'}]",2026-09-21T06:48:36.000Z,2026-09-21T06:48:36.000Z,"[{'extension': [{'valueCodeableConcept': {'coding': [{'system': 'http://terminology.hl7.org/CodeSystem/v3-ParticipationType', 'code': 'LA', 'display': 'legal authenticator'}], 'text': 'legal authenticator'}, 'url': 'http://hl7.org/fhir/StructureDefinition/event-performerFunction'}], 'reference': 'Practitioner/12742069'}]",,1,2026-09-21T06:49:34.000Z,generated,"<div xmlns=""http://www.w3.org/1999/xhtml""><p><b>Observation</b></p><p><b>Patient Id</b>: 12742399</p><p><b>Status</b>: Final</p><p><b>Categories</b>: Therapy, Vital Signs</p><p><b>Code</b>: Post-Ductal SpO2</p><p><b>Result</b>: 100 %</p><p><b>Effective Date</b>: Sep 21, 2026  6:48 A.M. UTC</p></div>","[{'system': 'https://fhir.cerner.com/ec2458f2-1e24-41c8-b71b-0e701af7583d/codeSet/72', 'code': '2566991073', 'display': 'Post-Ductal SpO2', 'userSelected': True}, {'system': 'http://loinc.org', 'code': '2708-6', 'display': 'Oxygen saturation in Arterial blood'}, {'system': 'http://loinc.org', 'code': '59418-4', 'display': 'Oxygen saturation in Blood Postductal by Pulse oximetry'}]",Post-Ductal SpO2,Patient/12742399,Encounter/100546012,,100.0,%,http://unitsofmeasure.org,%,,,,,,
Observation,VS-209130281,"[{'system': 'https://fhir.cerner.com/ceuuid', 'value': 'CE87caf4b7-9397-4667-9897-702218017c9e-209130281-2026092106492800'}]",final,"[{'coding': [{'system': 'http://terminology.hl7.org/CodeSystem/observation-category', 'code': 'vital-signs', 'display': 'Vital Signs'}], 'text': 'Vital Signs'}]",2026-09-21T06:48:36.000Z,2026-09-21T06:48:36.000Z,"[{'extension': [{'valueCodeableConcept': {'coding': [{'system': 'http://terminology.hl7.org/CodeSystem/v3-ParticipationType', 'code': 'LA', 'display': 'legal authenticator'}], 'text': 'legal authenticator'}, 'url': 'http://hl7.org/fhir/StructureDefinition/event-performerFunction'}], 'reference': 'Practitioner/12742069'}]",,1,2026-09-21T06:49:28.000Z,generated,"<div xmlns=""http://www.w3.org/1999/xhtml""><p><b>Observation</b></p><p><b>Patient Id</b>: 12742399</p><p><b>Status</b>: Final</p><p><b>Categories</b>: Vital Signs</p><p><b>Code</b>: Pulse Sitting</p><p><b>Result</b>: 74 bpm</p><p><b>Effective Date</b>: Sep 21, 2026  6:48 A.M. UTC</p></div>","[{'system': 'https://fhir.cerner.com/ec2458f2-1e24-41c8-b71b-0e701af7583d/codeSet/72', 'code': '1164554', 'display': 'Pulse Sitting', 'userSelected': True}, {'system': 'http://loinc.org', 'code': '69000-8', 'display': 'Heart rate --sitting'}, {'system': 'http://loinc.org', 'code': '8867-4', 'display': 'Heart rate'}]",Pulse Sitting,Patient/12742399,Encounter/100546012,,74.0,bpm,http://unitsofmeasure.org,/min,,,,,,
Observation,BP-209130219-209130221,"[{'system': 'https://fhir.cerner.com/ceuuid', 'value': 'CE87caf4b7-9397-4667-9897-702218017c9e-209130219-2026092106195200'}, {'system': 'https://fhir.cerner.com/ceuuid', 'value': 'CE87caf4b7-9397-4667-9897-702218017c9e-209130221-2026092106195200'}]",final,"[{'coding': [{'system': 'http://terminology.hl7.org/CodeSystem/observation-category', 'code': 'vital-signs', 'display': 'Vital Signs'}], 'text': 'Vital Signs'}]",2026-09-21T06:11:07.000Z,2026-09-21T06:11:07.000Z,"[{'extension': [{'valueCodeableConcept': {'coding': [{'system': 'http://terminology.hl7.org/CodeSystem/v3-ParticipationType', 'code': 'LA', 'display': 'legal authenticator'}], 'text': 'legal authenticator'}, 'url': 'http://hl7.org/fhir/StructureDefinition/event-performerFunction'}], 'reference': 'Practitioner/12742069'}]","[{'code': {'coding': [{'system': 'https://fhir.cerner.com/ec2458f2-1e24-41c8-b71b-0e701af7583d/codeSet/72', 'code': '703501', 'display': 'Systolic Blood Pressure', 'userSelected': True}, {'system': 'http://loinc.org', 'code': '8480-6', 'display': 'Systolic blood pressure'}, {'system': 'http://loinc.org', 'code': '85354-9', 'display': 'Blood pressure panel with all children optional'}], 'text': 'Systolic Blood Pressure'}, 'valueQuantity': {'value': 122, 'unit': 'mmHg', 'system': 'http://unitsofmeasure.org', 'code': 'mm[Hg]'}}, {'code': {'coding': [{'system': 'https://fhir.cerner.com/ec2458f2-1e24-41c8-b71b-0e701af7583d/codeSet/72', 'code': '703516', 'display': 'Diastolic Blood Pressure', 'userSelected': True}, {'system': 'http://loinc.org', 'code': '8462-4', 'display': 'Diastolic blood pressure'}, {'system': 'http://loinc.org', 'code': '85354-9', 'display': 'Blood pressure panel with all children optional'}], 'text': 'Diastolic Blood Pressure'}, 'valueQuantity': {'value': 72, 'unit': 'mmHg', 'system': 'http://unitsofmeasure.org', 'code': 'mm[Hg]'}}]",1-1,2026-09-21T06:19:52.000Z,generated,"<div xmlns=""http://www.w3.org/1999/xhtml""><p><b>Observation</b></p><p><b>Patient Id</b>: 12742399</p><p><b>Status</b>: Final</p><p><b>Categories</b>: Vital Signs</p><p><b>Code</b>: Blood pressure</p><p><b>Components</b>:</p><dl><dt>Systolic Blood Pressure</dt><dd><b>Result</b>: 122 mmHg</dd><dt>Diastolic Blood Pressure</dt><dd><b>Result</b>: 72 mmHg</dd></dl><p><b>Effective Date</b>: Sep 21, 2026  6:11 A.M. UTC</p></div>","[{'system': 'http://loinc.org', 'code': '85354-9', 'display': 'Blood pressure panel with all children optional'}]",Blood pressure,Patient/12742399,Encounter/100546012,,,,,,,,,,,
Observation,VS-209130217,"[{'system': 'https://fhir.cerner.com/ceuuid', 'value': 'CE87caf4b7-9397-4667-9897-702218017c9e-209130217-2026092106194600'}]",final,"[{'coding': [{'system': 'http://terminology.hl7.org/CodeSystem/observation-category', 'code': 'vital-signs', 'display': 'Vital Signs'}], 'text': 'Vital Signs'}]",2026-09-21T06:11:07.000Z,2026-09-21T06:11:07.000Z,"[{'extension': [{'valueCodeableConcept': {'coding': [{'system': 'http://terminology.hl7.org/CodeSystem/v3-ParticipationType', 'code': 'LA', 'display': 'legal authenticator'}], 'text': 'legal authenticator'}, 'url': 'http://hl7.org/fhir/StructureDefinition/event-performerFunction'}], 'reference': 'Practitioner/12742069'}]",,1,2026-09-21T06:19:45.000Z,generated,"<div xmlns=""http://www.w3.org/1999/xhtml""><p><b>Observation</b></p><p><b>Patient Id</b>: 12742399</p><p><b>Status</b>: Final</p><p><b>Categories</b>: Vital Signs</p><p><b>Code</b>: Temperature Oral</p><p><b>Result</b>: 36.2 degC</p><p><b>Effective Date</b>: Sep 21, 2026  6:11 A.M. UTC</p></div>","[{'system': 'https://fhir.cerner.com/ec2458f2-1e24-41c8-b71b-0e701af7583d/codeSet/72', 'code': '703558', 'display': 'Temperature Oral', 'userSelected': True}, {'system': 'http://loinc.org', 'code': '8310-5', 'display': 'Body temperature'}, {'system': 'http://loinc.org', 'code': '8331-1', 'display': 'Oral temperature'}]",Temperature Oral,Patient/12742399,Encounter/100546012,"[{'valueQuantity': {'value': 97.2, 'unit': 'degF', 'system': 'http://unitsofmeasure.org', 'code': '[degF]'}, 'url': 'http://hl7.org/fhir/StructureDefinition/iso21090-PQ-translation'}]",36.2,degC,http://unitsofmeasure.org,Cel,,,,,,
Observation,VS-209130215,"[{'system': 'https://fhir.cerner.com/ceuuid', 'value': 'CE87caf4b7-9397-4667-9897-702218017c9e-209130215-2026092106193900'}]",final,"[{'coding': [{'system': 'http://terminology.hl7.org/CodeSystem/observation-category', 'code': 'therapy', 'display': 'Therapy'}], 'text': 'Therapy'}, {'coding': [{'system': 'http://terminology.hl7.org/CodeSystem/observation-category', 'code': 'vital-signs', 'display': 'Vital Signs'}], 'text': 'Vital Signs'}]",2026-09-21T06:11:07.000Z,2026-09-21T06:11:07.000Z,"[{'extension': [{'valueCodeableConcept': {'coding': [{'system': 'http://terminology.hl7.org/CodeSystem/v3-ParticipationType', 'code': 'LA', 'display': 'legal authenticator'}], 'text': 'legal authenticator'}, 'url': 'http://hl7.org/fhir/StructureDefinition/event-performerFunction'}], 'reference': 'Practitioner/12742069'}]",,1,2026-09-21T06:19:39.000Z,generated,"<div xmlns=""http://www.w3.org/1999/xhtml""><p><b>Observation</b></p><p><b>Patient Id</b>: 12742399</p><p><b>Status</b>: Final</p><p><b>Categories</b>: Therapy, Vital Signs</p><p><b>Code</b>: Respiratory Rate</p><p><b>Result</b>: 15 br/min</p><p><b>Effective Date</b>: Sep 21, 2026  6:11 A.M. UTC</p></div>","[{'system': 'https://fhir.cerner.com/ec2458f2-1e24-41c8-b71b-0e701af7583d/codeSet/72', 'code': '703540', 'display': 'Respiratory Rate', 'userSelected': True}, {'system': 'http://loinc.org', 'code': '9279-1', 'display': 'Respiratory rate'}]",Respiratory Rate,Patient/12742399,Encounter/100546012,,15.0,br/min,http://unitsofmeasure.org,/min,,,,,,
Observation,VS-209130213,"[{'system': 'https://fhir.cerner.com/ceuuid', 'value': 'CE87caf4b7-9397-4667-9897-702218017c9e-209130213-2026092106193300'}]",final,"[{'coding': [{'system': 'http://terminology.hl7.org/CodeSystem/observation-category', 'code': 'therapy', 'display': 'Therapy'}], 'text': 'Therapy'}, {'coding': [{'system': 'http://terminology.hl7.org/CodeSystem/observation-category', 'code': 'vital-signs', 'display': 'Vital Signs'}], 'text': 'Vital Signs'}]",2026-09-21T06:11:07.000Z,2026-09-21T06:11:07.000Z,"[{'extension': [{'valueCodeableConcept': {'coding': [{'system': 'http://terminology.hl7.org/CodeSystem/v3-ParticipationType', 'code': 'LA', 'display': 'legal authenticator'}], 'text': 'legal authenticator'}, 'url': 'http://hl7.org/fhir/StructureDefinition/event-performerFunction'}], 'reference': 'Practitioner/12742069'}]",,1,2026-09-21T06:19:33.000Z,generated,"<div xmlns=""http://www.w3.org/1999/xhtml""><p><b>Observation</b></p><p><b>Patient Id</b>: 12742399</p><p><b>Status</b>: Final</p><p><b>Categories</b>: Therapy, Vital Signs</p><p><b>Code</b>: Post-Ductal SpO2</p><p><b>Result</b>: 100 %</p><p><b>Effective Date</b>: Sep 21, 2026  6:11 A.M. UTC</p></div>","[{'system': 'https://fhir.cerner.com/ec2458f2-1e24-41c8-b71b-0e701af7583d/codeSet/72', 'code': '2566991073', 'display': 'Post-Ductal SpO2', 'userSelected': True}, {'system': 'http://loinc.org', 'code': '2708-6', 'display': 'Oxygen saturation in Arterial blood'}, {'system': 'http://loinc.org', 'code': '59418-4', 'display': 'Oxygen saturation in Blood Postductal by Pulse oximetry'}]",Post-Ductal SpO2,Patient/12742399,Encounter/100546012,,100.0,%,http://unitsofmeasure.org,%,,,,,,
Observation,VS-209130211,"[{'system': 'https://fhir.cerner.com/ceuuid', 'value': 'CE87caf4b7-9397-4667-9897-702218017c9e-209130211-2026092106192700'}]",final,"[{'coding': [{'system': 'http://terminology.hl7.org/CodeSystem/observation-category', 'code': 'vital-signs', 'display': 'Vital Signs'}], 'text': 'Vital Signs'}]",2026-09-21T06:11:07.000Z,2026-09-21T06:11:07.000Z,"[{'extension': [{'valueCodeableConcept': {'coding': [{'system': 'http://terminology.hl7.org/CodeSystem/v3-ParticipationType', 'code': 'LA', 'display': 'legal authenticator'}], 'text': 'legal authenticator'}, 'url': 'http://hl7.org/fhir/StructureDefinition/event-performerFunction'}], 'reference': 'Practitioner/12742069'}]",,1,2026-09-21T06:19:27.000Z,generated,"<div xmlns=""http://www.w3.org/1999/xhtml""><p><b>Observation</b></p><p><b>Patient Id</b>: 12742399</p><p><b>Status</b>: Final</p><p><b>Categories</b>: Vital Signs</p><p><b>Code</b>: Pulse Sitting</p><p><b>Result</b>: 74 bpm</p><p><b>Effective Date</b>: Sep 21, 2026  6:11 A.M. UTC</p></div>","[{'system': 'https://fhir.cerner.com/ec2458f2-1e24-41c8-b71b-0e701af7583d/codeSet/72', 'code': '1164554', 'display': 'Pulse Sitting', 'userSelected': True}, {'system': 'http://loinc.org', 'code': '69000-8', 'display': 'Heart rate --sitting'}, {'system': 'http://loinc.org', 'code': '8867-4', 'display': 'Heart rate'}]",Pulse Sitting,Patient/12742399,Encounter/100546012,,74.0,bpm,http://unitsofmeasure.org,/min,,,,,,
Observation,BP-209130099-209130101,"[{'system': 'https://fhir.cerner.com/ceuuid', 'value': 'CE87caf4b7-9397-4667-9897-702218017c9e-209130099-2026092106144800'}, {'system': 'https://fhir.cerner.com/ceuuid', 'value': 'CE87caf4b7-9397-4667-9897-702218017c9e-209130101-2026092106144800'}]",final,"[{'coding': [{'system': 'http://terminology.hl7.org/CodeSystem/observation-category', 'code': 'vital-signs', 'display': 'Vital Signs'}], 'text': 'Vital Signs'}]",2026-09-21T06:10:47.000Z,2026-09-21T06:10:47.000Z,"[{'extension': [{'valueCodeableConcept': {'coding': [{'system': 'http://terminology.hl7.org/CodeSystem/v3-ParticipationType', 'code': 'LA', 'display': 'legal authenticator'}], 'text': 'legal authenticator'}, 'url': 'http://hl7.org/fhir/StructureDefinition/event-performerFunction'}], 'reference': 'Practitioner/12742069'}]","[{'code': {'coding': [{'system': 'https://fhir.cerner.com/ec2458f2-1e24-41c8-b71b-0e701af7583d/codeSet/72', 'code': '703501', 'display': 'Systolic Blood Pressure', 'userSelected': True}, {'system': 'http://loinc.org', 'code': '8480-6', 'display': 'Systolic blood pressure'}, {'system': 'http://loinc.org', 'code': '85354-9', 'display': 'Blood pressure panel with all children optional'}], 'text': 'Systolic Blood Pressure'}, 'valueQuantity': {'value': 122, 'unit': 'mmHg', 'system': 'http://unitsofmeasure.org', 'code': 'mm[Hg]'}}, {'code': {'coding': [{'system': 'https://fhir.cerner.com/ec2458f2-1e24-41c8-b71b-0e701af7583d/codeSet/72', 'code': '703516', 'display': 'Diastolic Blood Pressure', 'userSelected': True}, {'system': 'http://loinc.org', 'code': '8462-4', 'display': 'Diastolic blood pressure'}, {'system': 'http://loinc.org', 'code': '85354-9', 'display': 'Blood pressure panel with all children optional'}], 'text': 'Diastolic Blood Pressure'}, 'valueQuantity': {'value': 72, 'unit': 'mmHg', 'system': 'http://unitsofmeasure.org', 'code': 'mm[Hg]'}}]",1-1,2026-09-21T06:14:47.000Z,generated,"<div xmlns=""http://www.w3.org/1999/xhtml""><p><b>Observation</b></p><p><b>Patient Id</b>: 12742399</p><p><b>Status</b>: Final</p><p><b>Categories</b>: Vital Signs</p><p><b>Code</b>: Blood pressure</p><p><b>Components</b>:</p><dl><dt>Systolic Blood Pressure</dt><dd><b>Result</b>: 122 mmHg</dd><dt>Diastolic Blood Pressure</dt><dd><b>Result</b>: 72 mmHg</dd></dl><p><b>Effective Date</b>: Sep 21, 2026  6:10 A.M. UTC</p></div>","[{'system': 'http://loinc.org', 'code': '85354-9', 'display': 'Blood pressure panel with all children optional'}]",Blood pressure,Patient/12742399,Encounter/100546012,,,,,,,,,,,
Observation,VS-209130097,"[{'system': 'https://fhir.cerner.com/ceuuid', 'value': 'CE87caf4b7-9397-4667-9897-702218017c9e-209130097-2026092106144100'}]",final,"[{'coding': [{'system': 'http://terminology.hl7.org/CodeSystem/observation-category', 'code': 'vital-signs', 'display': 'Vital Signs'}], 'text': 'Vital Signs'}]",2026-09-21T06:10:47.000Z,2026-09-21T06:10:47.000Z,"[{'extension': [{'valueCodeableConcept': {'coding': [{'system': 'http://terminology.hl7.org/CodeSystem/v3-ParticipationType', 'code': 'LA', 'display': 'legal authenticator'}], 'text': 'legal authenticator'}, 'url': 'http://hl7.org/fhir/StructureDefinition/event-performerFunction'}], 'reference': 'Practitioner/12742069'}]",,1,2026-09-21T06:14:41.000Z,generated,"<div xmlns=""http://www.w3.org/1999/xhtml""><p><b>Observation</b></p><p><b>Patient Id</b>: 12742399</p><p><b>Status</b>: Final</p><p><b>Categories</b>: Vital Signs</p><p><b>Code</b>: Temperature Oral</p><p><b>Result</b>: 36.2 degC</p><p><b>Effective Date</b>: Sep 21, 2026  6:10 A.M. UTC</p></div>","[{'system': 'https://fhir.cerner.com/ec2458f2-1e24-41c8-b71b-0e701af7583d/codeSet/72', 'code': '703558', 'display': 'Temperature Oral', 'userSelected': True}, {'system': 'http://loinc.org', 'code': '8310-5', 'display': 'Body temperature'}, {'system': 'http://loinc.org', 'code': '8331-1', 'display': 'Oral temperature'}]",Temperature Oral,Patient/12742399,Encounter/100546012,"[{'valueQuantity': {'value': 97.2, 'unit': 'degF', 'system': 'http://unitsofmeasure.org', 'code': '[degF]'}, 'url': 'http://hl7.org/fhir/StructureDefinition/iso21090-PQ-translation'}]",36.2,degC,http://unitsofmeasure.org,Cel,,,,,,
Observation,VS-209130095,"[{'system': 'https://fhir.cerner.com/ceuuid', 'value': 'CE87caf4b7-9397-4667-9897-702218017c9e-209130095-2026092106143600'}]",final,"[{'coding': [{'system': 'http://terminology.hl7.org/CodeSystem/observation-category', 'code': 'therapy', 'display': 'Therapy'}], 'text': 'Therapy'}, {'coding': [{'system': 'http://terminology.hl7.org/CodeSystem/observation-category', 'code': 'vital-signs', 'display': 'Vital Signs'}], 'text': 'Vital Signs'}]",2026-09-21T06:10:47.000Z,2026-09-21T06:10:47.000Z,"[{'extension': [{'valueCodeableConcept': {'coding': [{'system': 'http://terminology.hl7.org/CodeSystem/v3-ParticipationType', 'code': 'LA', 'display': 'legal authenticator'}], 'text': 'legal authenticator'}, 'url': 'http://hl7.org/fhir/StructureDefinition/event-performerFunction'}], 'reference': 'Practitioner/12742069'}]",,1,2026-09-21T06:14:35.000Z,generated,"<div xmlns=""http://www.w3.org/1999/xhtml""><p><b>Observation</b></p><p><b>Patient Id</b>: 12742399</p><p><b>Status</b>: Final</p><p><b>Categories</b>: Therapy, Vital Signs</p><p><b>Code</b>: Respiratory Rate</p><p><b>Result</b>: 15 br/min</p><p><b>Effective Date</b>: Sep 21, 2026  6:10 A.M. UTC</p></div>","[{'system': 'https://fhir.cerner.com/ec2458f2-1e24-41c8-b71b-0e701af7583d/codeSet/72', 'code': '703540', 'display': 'Respiratory Rate', 'userSelected': True}, {'system': 'http://loinc.org', 'code': '9279-1', 'display': 'Respiratory rate'}]",Respiratory Rate,Patient/12742399,Encounter/100546012,,15.0,br/min,http://unitsofmeasure.org,/min,,,,,,
Observation,VS-209130093,"[{'system': 'https://fhir.cerner.com/ceuuid', 'value': 'CE87caf4b7-9397-4667-9897-702218017c9e-209130093-2026092106142900'}]",final,"[{'coding': [{'system': 'http://terminology.hl7.org/CodeSystem/observation-category', 'code': 'therapy', 'display': 'Therapy'}], 'text': 'Therapy'}, {'coding': [{'system': 'http://terminology.hl7.org/CodeSystem/observation-category', 'code': 'vital-signs', 'display': 'Vital Signs'}], 'text': 'Vital Signs'}]",2026-09-21T06:10:47.000Z,2026-09-21T06:10:47.000Z,"[{'extension': [{'valueCodeableConcept': {'coding': [{'system': 'http://terminology.hl7.org/CodeSystem/v3-ParticipationType', 'code': 'LA', 'display': 'legal authenticator'}], 'text': 'legal authenticator'}, 'url': 'http://hl7.org/fhir/StructureDefinition/event-performerFunction'}], 'reference': 'Practitioner/12742069'}]",,1,2026-09-21T06:14:29.000Z,generated,"<div xmlns=""http://www.w3.org/1999/xhtml""><p><b>Observation</b></p><p><b>Patient Id</b>: 12742399</p><p><b>Status</b>: Final</p><p><b>Categories</b>: Therapy, Vital Signs</p><p><b>Code</b>: Post-Ductal SpO2</p><p><b>Result</b>: 100 %</p><p><b>Effective Date</b>: Sep 21, 2026  6:10 A.M. UTC</p></div>","[{'system': 'https://fhir.cerner.com/ec2458f2-1e24-41c8-b71b-0e701af7583d/codeSet/72', 'code': '2566991073', 'display': 'Post-Ductal SpO2', 'userSelected': True}, {'system': 'http://loinc.org', 'code': '2708-6', 'display': 'Oxygen saturation in Arterial blood'}, {'system': 'http://loinc.org', 'code': '59418-4', 'display': 'Oxygen saturation in Blood Postductal by Pulse oximetry'}]",Post-Ductal SpO2,Patient/12742399,Encounter/100546012,,100.0,%,http://unitsofmeasure.org,%,,,,,,
Observation,SH-93-74460953,,final,"[{'coding': [{'system': 'http://terminology.hl7.org/CodeSystem/observation-category', 'code': 'social-history', 'display': 'Social History'}], 'text': 'Social History'}]",2025-01-27T06:09:34Z,2025-01-27T06:09:34Z,"[{'reference': 'Practitioner/1', 'display': 'SYSTEM, SYSTEM Cerner'}]",,74521201,2025-01-27T06:09:34Z,generated,"<div xmlns=""http://www.w3.org/1999/xhtml""><p><b>Observation</b></p><p><b>Patient Id</b>: 12742399</p><p><b>Status</b>: Final</p><p><b>Categories</b>: Social History</p><p><b>Code</b>: Tobacco</p><p><b>Issued Date</b>: Jan 27, 2025  6:09 A.M. UTC</p></div>","[{'system': 'http://loinc.org', 'code': '88028-6', 'display': 'Tobacco use panel'}]",Tobacco,Patient/12742399,,,,,,,[{'reference': 'Observation/SH-74460953-q43882897'}],,,,,
Observation,SH-74460953-q43882897,,final,"[{'coding': [{'system': 'http://terminology.hl7.org/CodeSystem/observation-category', 'code': 'social-history', 'display': 'Social History'}], 'text': 'Social History'}]",2025-01-27T06:09:34Z,2025-01-27T06:09:34Z,"[{'reference': 'Practitioner/1', 'display': 'SYSTEM, SYSTEM Cerner'}]",,74521201,2025-01-27T06:09:34Z,generated,"<div xmlns=""http://www.w3.org/1999/xhtml""><p><b>Observation</b></p><p><b>Patient Id</b>: 12742399</p><p><b>Status</b>: Final</p><p><b>Categories</b>: Social History</p><p><b>Question</b>: SHX Exposure to Secondhand Smoke</p><p><b>Response</b>: No</p><p><b>Issued Date</b>: Jan 27, 2025  6:09 A.M. UTC</p></div>","[{'system': 'http://snomed.info/sct', 'code': '714151003', 'display': 'Environmental tobacco smoke exposure (observable entity)', 'userSelected': False}]",SHX Exposure to Secondhand Smoke,Patient/12742399,,,,,,,,"[{'system': 'http://snomed.info/sct', 'code': '373067005', 'display': 'No (qualifier value)'}, {'system': 'http://snomed.info/sct', 'code': '373067005', 'display': 'No (qualifier value)'}, {'system': 'http://snomed.info/sct', 'code': '373067005', 'display': 'No (qualifier value)'}, {'system': 'http://snomed.info/sct', 'code': '373067005', 'display': 'No (qualifier value)'}]",No,,,
Observation,SH-1-74460959,,final,"[{'coding': [{'system': 'http://terminology.hl7.org/CodeSystem/observation-category', 'code': 'social-history', 'display': 'Social History'}], 'text': 'Social History'}]",2025-01-27T06:09:34Z,2025-01-27T06:09:34Z,"[{'reference': 'Practitioner/1', 'display': 'SYSTEM, SYSTEM Cerner'}]",,74521207,2025-01-27T06:09:34Z,generated,"<div xmlns=""http://www.w3.org/1999/xhtml""><p><b>Observation</b></p><p><b>Patient Id</b>: 12742399</p><p><b>Status</b>: Final</p><p><b>Categories</b>: Social History</p><p><b>Code</b>: Alcohol</p><p><b>Issued Date</b>: Jan 27, 2025  6:09 A.M. UTC</p></div>","[{'system': 'http://snomed.info/sct', 'code': '363905002', 'display': 'Details of alcohol drinking behavior (observable entity)'}]",Alcohol,Patient/12742399,,,,,,,[{'reference': 'Observation/SH-74460959-q37124563'}],,,,,
Observation,SH-74460959-q37124563,,final,"[{'coding': [{'system': 'http://terminology.hl7.org/CodeSystem/observation-category', 'code': 'social-history', 'display': 'Social History'}], 'text': 'Social History'}]",2025-01-27T06:09:34Z,2025-01-27T06:09:34Z,"[{'reference': 'Practitioner/1', 'display': 'SYSTEM, SYSTEM Cerner'}]",,74521207,2025-01-27T06:09:34Z,generated,"<div xmlns=""http://www.w3.org/1999/xhtml""><p><b>Observation</b></p><p><b>Patient Id</b>: 12742399</p><p><b>Status</b>: Final</p><p><b>Categories</b>: Social History</p><p><b>Question</b>: SHX Alcohol Date Last Used</p><p><b>Response</b>: 3/2/3/</p><p><b>Issued Date</b>: Jan 27, 2025  6:09 A.M. UTC</p></div>","[{'system': 'http://snomed.info/sct', 'code': '363905002', 'display': 'Details of alcohol drinking behavior (observable entity)', 'userSelected': False}]",SHX Alcohol Date Last Used,Patient/12742399,,,,,,,,,,3/2/3/,,
Observation,SH-81-73261909,,final,"[{'coding': [{'system': 'http://terminology.hl7.org/CodeSystem/observation-category', 'code': 'social-history', 'display': 'Social History'}], 'text': 'Social History'}]",2022-01-26T20:33:31Z,2022-01-26T20:33:31Z,"[{'reference': 'Practitioner/1', 'display': 'SYSTEM, SYSTEM Cerner'}]",,73261909,2022-01-26T20:33:31Z,generated,"<div xmlns=""http://www.w3.org/1999/xhtml""><p><b>Observation</b></p><p><b>Patient Id</b>: 12742399</p><p><b>Status</b>: Final</p><p><b>Categories</b>: Social History</p><p><b>Code</b>: Substance Use</p><p><b>Issued Date</b>: Jan 26, 2022  8:33 P.M. UTC</p></div>","[{'system': 'http://snomed.info/sct', 'code': '363908000', 'display': 'Details of drug misuse behavior (observable entity)'}]",Substance Use,Patient/12742399,,,,,,,[{'reference': 'Observation/SH-73261909-q4625869'}],,,,"[{'authorReference': {'reference': 'Practitioner/1', 'display': 'SYSTEM, SYSTEM Cerner'}, 'time': '2022-01-26T20:33:31.000Z', 'text': 'category/group comment'}]",
Observation,SH-73261909-q4625869,,final,"[{'coding': [{'system': 'http://terminology.hl7.org/CodeSystem/observation-category', 'code': 'social-history', 'display': 'Social History'}], 'text': 'Social History'}]",2022-01-26T20:33:31Z,2022-01-26T20:33:31Z,"[{'reference': 'Practitioner/1', 'display': 'SYSTEM, SYSTEM Cerner'}]",,73261909,2022-01-26T20:33:31Z,generated,"<div xmlns=""http://www.w3.org/1999/xhtml""><p><b>Observation</b></p><p><b>Patient Id</b>: 12742399</p><p><b>Status</b>: Final</p><p><b>Categories</b>: Social History</p><p><b>Question</b>: SHX Substance abuse household concern</p><p><b>Response</b>: No</p><p><b>Issued Date</b>: Jan 26, 2022  8:33 P.M. UTC</p></div>","[{'system': 'http://snomed.info/sct', 'code': '713070003', 'display': 'Drug misuser in household (finding)', 'userSelected': False}]",SHX Substance abuse household concern,Patient/12742399,,,,,,,,"[{'system': 'http://snomed.info/sct', 'code': '373067005', 'display': 'No (qualifier value)'}, {'system': 'http://snomed.info/sct', 'code': '373067005', 'display': 'No (qualifier value)'}, {'system': 'http://snomed.info/sct', 'code': '373067005', 'display': 'No (qualifier value)'}, {'system': 'http://snomed.info/sct', 'code': '373067005', 'display': 'No (qualifier value)'}]",No,,"[{'authorReference': {'reference': 'Practitioner/1', 'display': 'SYSTEM, SYSTEM Cerner'}, 'time': '2022-01-26T20:33:31.000Z', 'text': 'category/group comment'}]",
Observation,SH-16-74460961,,final,"[{'coding': [{'system': 'http://terminology.hl7.org/CodeSystem/observation-category', 'code': 'social-history', 'display': 'Social History'}], 'text': 'Social History'}]",2025-01-27T06:09:34Z,2025-01-27T06:09:34Z,"[{'reference': 'Practitioner/1', 'display': 'SYSTEM, SYSTEM Cerner'}]",,74521209,2025-01-27T06:09:34Z,generated,"<div xmlns=""http://www.w3.org/1999/xhtml""><p><b>Observation</b></p><p><b>Patient Id</b>: 12742399</p><p><b>Status</b>: Final</p><p><b>Categories</b>: Social History</p><p><b>Code</b>: Employment/School</p><p><b>Issued Date</b>: Jan 27, 2025  6:09 A.M. UTC</p></div>","[{'system': 'http://snomed.info/sct', 'code': '224362002', 'display': 'Employment status (observable entity)'}]",Employment/School,Patient/12742399,,,,,,,[{'reference': 'Observation/SH-74460961-q4625873'}],,,,,
Observation,SH-74460961-q4625873,,final,"[{'coding': [{'system': 'http://terminology.hl7.org/CodeSystem/observation-category', 'code': 'social-history', 'display': 'Social History'}], 'text': 'Social History'}]",2025-01-27T06:09:34Z,2025-01-27T06:09:34Z,"[{'reference': 'Practitioner/1', 'display': 'SYSTEM, SYSTEM Cerner'}]",,74521209,2025-01-27T06:09:34Z,generated,"<div xmlns=""http://www.w3.org/1999/xhtml""><p><b>Observation</b></p><p><b>Patient Id</b>: 12742399</p><p><b>Status</b>: Final</p><p><b>Categories</b>: Social History</p><p><b>Question</b>: SHX Employment/School status</p><p><b>Response</b>: Employed</p><p><b>Issued Date</b>: Jan 27, 2025  6:09 A.M. UTC</p></div>","[{'system': 'http://snomed.info/sct', 'code': '224362002', 'display': 'Employment status (observable entity)', 'userSelected': False}]",SHX Employment/School status,Patient/12742399,,,,,,,,"[{'system': 'http://snomed.info/sct', 'code': '224363007', 'display': 'Employed (finding)'}, {'system': 'http://snomed.info/sct', 'code': '224363007', 'display': 'Employed (finding)'}, {'system': 'http://snomed.info/sct', 'code': '224363007', 'display': 'Employed (finding)'}, {'system': 'http://snomed.info/sct', 'code': '224363007', 'display': 'Employed (finding)'}]",Employed,,,
Observation,SH-27-74460955,,final,"[{'coding': [{'system': 'http://terminology.hl7.org/CodeSystem/observation-category', 'code': 'social-history', 'display': 'Social History'}], 'text': 'Social History'}]",2025-01-27T06:09:34Z,2025-01-27T06:09:34Z,"[{'reference': 'Practitioner/1', 'display': 'SYSTEM, SYSTEM Cerner'}]",,74521203,2025-01-27T06:09:34Z,generated,"<div xmlns=""http://www.w3.org/1999/xhtml""><p><b>Observation</b></p><p><b>Patient Id</b>: 12742399</p><p><b>Status</b>: Final</p><p><b>Categories</b>: Social History</p><p><b>Code</b>: Exercise</p><p><b>Issued Date</b>: Jan 27, 2025  6:09 A.M. UTC</p></div>","[{'system': 'http://snomed.info/sct', 'code': '256235009', 'display': 'Exercise (observable entity)'}]",Exercise,Patient/12742399,,,,,,,"[{'reference': 'Observation/SH-74460955-q33116043'}, {'reference': 'Observation/SH-74460955-q25709157'}]",,,,,
Observation,SH-74460955-q33116043,,final,"[{'coding': [{'system': 'http://terminology.hl7.org/CodeSystem/observation-category', 'code': 'social-history', 'display': 'Social History'}], 'text': 'Social History'}]",2025-01-27T06:09:34Z,2025-01-27T06:09:34Z,"[{'reference': 'Practitioner/1', 'display': 'SYSTEM, SYSTEM Cerner'}]",,74521203,2025-01-27T06:09:34Z,generated,"<div xmlns=""http://www.w3.org/1999/xhtml""><p><b>Observation</b></p><p><b>Patient Id</b>: 12742399</p><p><b>Status</b>: Final</p><p><b>Categories</b>: Social History</p><p><b>Question</b>: SHX Screen Time Hours Per Day</p><p><b>Response</b>: 3.0</p><p><b>Issued Date</b>: Jan 27, 2025  6:09 A.M. UTC</p></div>","[{'system': 'http://snomed.info/sct', 'code': '2781000175103', 'display': 'Video, television or computer screen time (observable entity)', 'userSelected': False}]",SHX Screen Time Hours Per Day,Patient/12742399,,,3.0,,,,,,,,,
Observation,SH-74460955-q25709157,,final,"[{'coding': [{'system': 'http://terminology.hl7.org/CodeSystem/observation-category', 'code': 'social-history', 'display': 'Social History'}], 'text': 'Social History'}]",2025-01-27T06:09:34Z,2025-01-27T06:09:34Z,"[{'reference': 'Practitioner/1', 'display': 'SYSTEM, SYSTEM Cerner'}]",,74521203,2025-01-27T06:09:34Z,generated,"<div xmlns=""http://www.w3.org/1999/xhtml""><p><b>Observation</b></p><p><b>Patient Id</b>: 12742399</p><p><b>Status</b>: Final</p><p><b>Categories</b>: Social History</p><p><b>Question</b>: SHX Physical Activity Intensity</p><p><b>Response</b>: Moderate</p><p><b>Issued Date</b>: Jan 27, 2025  6:09 A.M. UTC</p></div>","[{'system': 'http://loinc.org', 'code': '74008-4', 'display': 'Exercise intensity', 'userSelected': False}]",SHX Physical Activity Intensity,Patient/12742399,,,,,,,,"[{'system': 'http://snomed.info/sct', 'code': '6736007', 'display': 'Moderate (severity modifier) (qualifier value)'}, {'system': 'http://snomed.info/sct', 'code': '6736007', 'display': 'Moderate (severity modifier) (qualifier value)'}, {'system': 'http://snomed.info/sct', 'code': '6736007', 'display': 'Moderate (severity modifier) (qualifier value)'}, {'system': 'http://snomed.info/sct', 'code': '6736007', 'display': 'Moderate (severity modifier) (qualifier value)'}]",Moderate,,,
Observation,SH-71814020-74460957,,final,"[{'coding': [{'system': 'http://terminology.hl7.org/CodeSystem/observation-category', 'code': 'social-history', 'display': 'Social History'}], 'text': 'Social History'}]",2025-01-27T06:09:34Z,2025-01-27T06:09:34Z,"[{'reference': 'Practitioner/1', 'display': 'SYSTEM, SYSTEM Cerner'}]",,74521205,2025-01-27T06:09:34Z,generated,"<div xmlns=""http://www.w3.org/1999/xhtml""><p><b>Observation</b></p><p><b>Patient Id</b>: 12742399</p><p><b>Status</b>: Final</p><p><b>Categories</b>: Social History</p><p><b>Code</b>: Greenbaum Questionnaire</p><p><b>Issued Date</b>: Jan 27, 2025  6:09 A.M. UTC</p></div>",,Greenbaum Questionnaire,Patient/12742399,,,,,,,"[{'reference': 'Observation/SH-74460957-q2574468385'}, {'reference': 'Observation/SH-74460957-q2574468333'}]",,,,,
Observation,SH-74460957-q2574468385,,final,"[{'coding': [{'system': 'http://terminology.hl7.org/CodeSystem/observation-category', 'code': 'social-history', 'display': 'Social History'}], 'text': 'Social History'}]",2025-01-27T06:09:34Z,2025-01-27T06:09:34Z,"[{'reference': 'Practitioner/1', 'display': 'SYSTEM, SYSTEM Cerner'}]",,74521205,2025-01-27T06:09:34Z,generated,"<div xmlns=""http://www.w3.org/1999/xhtml""><p><b>Observation</b></p><p><b>Patient Id</b>: 12742399</p><p><b>Status</b>: Final</p><p><b>Categories</b>: Social History</p><p><b>Question</b>: SHX Greenbaum Number of Sexual Partners</p><p><b>Response</b>: 3.0</p><p><b>Issued Date</b>: Jan 27, 2025  6:09 A.M. UTC</p></div>",,SHX Greenbaum Number of Sexual Partners,Patient/12742399,,,3.0,,,,,,,,,
Observation,SH-74460957-q2574468333,,final,"[{'coding': [{'system': 'http://terminology.hl7.org/CodeSystem/observation-category', 'code': 'social-history', 'display': 'Social History'}], 'text': 'Social History'}]",2025-01-27T06:09:34Z,2025-01-27T06:09:34Z,"[{'reference': 'Practitioner/1', 'display': 'SYSTEM, SYSTEM Cerner'}]",,74521205,2025-01-27T06:09:34Z,generated,"<div xmlns=""http://www.w3.org/1999/xhtml""><p><b>Observation</b></p><p><b>Patient Id</b>: 12742399</p><p><b>Status</b>: Final</p><p><b>Categories</b>: Social History</p><p><b>Question</b>: SHX Greenbaum Trauma</p><p><b>Response</b>: Yes</p><p><b>Issued Date</b>: Jan 27, 2025  6:09 A.M. UTC</p></div>",,SHX Greenbaum Trauma,Patient/12742399,,,,,,,,"[{'system': 'http://snomed.info/sct', 'code': '373066001', 'display': 'Yes (qualifier value)'}, {'system': 'http://snomed.info/sct', 'code': '373066001', 'display': 'Yes (qualifier value)'}, {'system': 'http://snomed.info/sct', 'code': '373066001', 'display': 'Yes (qualifier value)'}, {'system': 'http://snomed.info/sct', 'code': '373066001', 'display': 'Yes (qualifier value)'}]",Yes,,,
Observation,SH-12742399-o490052485,,final,"[{'coding': [{'system': 'http://terminology.hl7.org/CodeSystem/observation-category', 'code': 'social-history', 'display': 'Social History'}], 'text': 'Social History'}]",,,,,210422,2026-07-28T14:51:15.000Z,generated,"<div xmlns=""http://www.w3.org/1999/xhtml""><p><b>Observation</b></p><p><b>Patient Id</b>: 12742399</p><p><b>Status</b>: Final</p><p><b>Categories</b>: Social History</p><p><b>Code</b>: History of Occupation</p><p><b>Effective Date</b>: Mar  4, 2020  6:13 P.M. UTC</p><p><b>Result</b>: Unknown</p></div>","[{'system': 'http://loinc.org', 'code': '11341-5'}]",History of Occupation,Patient/12742399,,,,,,,,"[{'system': 'http://terminology.hl7.org/CodeSystem/data-absent-reason', 'code': 'unknown', 'display': 'Unknown'}]",Unknown,,,2020-03-04T18:13:12.000Z
